record_id,plant_scientific_name,plant_common_name,plant_family,primary_alkaloid,primary_flavonoid,primary_terpenoid,primary_glycoside,alkaloid_pct,flavonoid_pct,terpenoid_pct,glycoside_pct,concentration_std,geographic_origin,latitude,longitude,altitude,collection_year,harvest_month,measurement_method,temperature,rainfall,soil_pH,soil_N,soil_P,soil_K,reference_pmid,reference_year
1,Curcuma longa,Turmeric,Zingiberaceae,Bisdemethoxycurcumin,Kaempferol,Zingiberene,Turmerin,3.0449,5.098,2.5002,1.2142,0.18,"Western Ghats, Karnataka",12.649,75.4585,1079.5,2011,10,HPLC-MS,26.3,2293.3,5.8,113.0,22.4,188.6,33578726,2010
2,Curcuma longa,Turmeric,Zingiberaceae,Demethoxycurcumin,Kaempferol,Zingiberene,Turmerin,3.8067,5.5569,2.8286,1.2272,0.327,"Western Ghats, Karnataka",12.5943,76.2678,1028.8,2007,5,HPLC,24.8,2796.2,5.32,116.5,22.0,237.0,33734253,2006
3,Curcuma longa,Turmeric,Zingiberaceae,Bisdemethoxycurcumin,Quercetin,beta-Sesquiphellandrene,Turmerin,4.1012,6.6061,2.8539,0.9958,0.416,"Western Ghats, Karnataka",11.8465,75.1868,984.5,2019,8,GC-MS,28.8,3292.6,6.3,123.2,33.2,209.2,33795720,2017
4,Curcuma longa,Turmeric,Zingiberaceae,Demethoxycurcumin,Quercetin,ar-Turmerone,Turmerin,3.7475,5.1538,1.9439,1.4257,0.194,"Western Ghats, Karnataka",12.09,75.7095,984.7,2013,12,GC-MS,20.2,1764.6,5.36,117.8,19.5,176.1,33708092,2012
5,Curcuma longa,Turmeric,Zingiberaceae,Demethoxycurcumin,Kaempferol,Zingiberene,Turmerin,3.0282,4.2779,2.024,1.4827,0.23,"Western Ghats, Karnataka",12.3155,75.5999,673.9,2011,1,HPLC,18.6,1385.2,4.9,117.4,26.8,229.6,33930229,2009
6,Curcuma longa,Turmeric,Zingiberaceae,Demethoxycurcumin,Kaempferol,ar-Turmerone,Turmerin,3.0506,4.2444,2.2682,1.3656,0.126,"Western Ghats, Karnataka",12.8475,75.4017,777.7,2005,1,HPLC-MS,18.4,996.4,5.59,123.1,25.0,195.3,33612523,2005
7,Curcuma longa,Turmeric,Zingiberaceae,Bisdemethoxycurcumin,Quercetin,beta-Sesquiphellandrene,Turmerin,3.9187,5.7678,1.5374,1.2935,0.353,"Western Ghats, Karnataka",12.2462,75.2533,1167.3,2009,1,HPLC-MS,20.5,1346.2,5.6,119.0,23.8,228.7,33662301,2009
8,Curcuma longa,Turmeric,Zingiberaceae,Curcumin,Quercetin,ar-Turmerone,Turmerin,3.2234,5.3555,2.4253,1.0979,0.47,"Western Ghats, Karnataka",12.5506,75.6761,1388.1,2020,1,GC-MS,19.0,1063.0,5.74,125.2,19.5,186.4,33795600,2019
9,Curcuma longa,Turmeric,Zingiberaceae,Demethoxycurcumin,Quercetin,Zingiberene,Turmerin,3.8953,5.2032,2.2977,1.4939,0.489,"Western Ghats, Karnataka",12.393,75.6668,1158.8,2021,2,UV-Vis Spectroscopy,20.5,1770.8,5.55,112.8,20.8,216.3,33794576,2019
10,Curcuma longa,Turmeric,Zingiberaceae,Demethoxycurcumin,Kaempferol,Zingiberene,Turmerin,4.295,4.86,3.8204,1.1736,0.257,"Western Ghats, Karnataka",12.8308,75.2044,731.2,2006,6,GC-MS,28.6,3092.3,5.1,119.7,31.7,185.3,33967197,2005
11,Curcuma longa,Turmeric,Zingiberaceae,Curcumin,Kaempferol,beta-Sesquiphellandrene,Turmerin,3.7985,4.542,2.5192,1.3712,0.168,"Western Ghats, Karnataka",12.583,75.7482,952.6,2019,1,HPLC,21.2,1518.7,5.24,107.1,27.4,195.5,33675480,2017
12,Curcuma longa,Turmeric,Zingiberaceae,Demethoxycurcumin,Quercetin,ar-Turmerone,Turmerin,4.3477,7.4009,2.9356,0.9568,0.102,"Nilgiri Hills, Tamil Nadu",11.6331,76.913,2032.4,2007,8,HPLC,20.6,2479.4,4.74,87.7,24.4,171.0,30610964,2006
13,Curcuma longa,Turmeric,Zingiberaceae,Curcumin,Quercetin,Zingiberene,Turmerin,3.5849,3.6816,2.5024,1.3561,0.316,"Nilgiri Hills, Tamil Nadu",11.045,76.8485,1942.1,2018,12,HPLC,12.6,814.0,5.6,85.6,26.0,183.0,30588485,2017
14,Curcuma longa,Turmeric,Zingiberaceae,Demethoxycurcumin,Kaempferol,Zingiberene,Turmerin,3.3935,5.3307,2.2996,1.3363,0.364,"Nilgiri Hills, Tamil Nadu",11.633,77.109,2290.1,2017,2,HPLC,10.6,1128.4,4.8,110.2,16.0,177.7,30396238,2017
15,Curcuma longa,Turmeric,Zingiberaceae,Demethoxycurcumin,Kaempferol,ar-Turmerone,Turmerin,3.6283,5.0316,2.7092,1.0874,0.204,"Nilgiri Hills, Tamil Nadu",11.5132,77.1954,1535.6,2016,10,HPLC-MS,20.8,1829.0,4.79,105.3,23.9,161.5,30750524,2015
16,Curcuma longa,Turmeric,Zingiberaceae,Demethoxycurcumin,Quercetin,ar-Turmerone,Turmerin,4.4862,5.2915,3.1877,1.3124,0.251,"Nilgiri Hills, Tamil Nadu",11.0099,77.6561,2029.5,2017,4,HPLC,18.9,1627.6,5.35,106.4,23.7,216.2,30499941,2015
17,Curcuma longa,Turmeric,Zingiberaceae,Bisdemethoxycurcumin,Quercetin,beta-Sesquiphellandrene,Turmerin,3.6929,5.9774,2.768,1.06,0.2,"Nilgiri Hills, Tamil Nadu",11.4331,76.571,2430.6,2014,10,HPLC,16.1,1378.0,4.75,123.4,19.8,190.6,30477000,2013
18,Curcuma longa,Turmeric,Zingiberaceae,Bisdemethoxycurcumin,Kaempferol,beta-Sesquiphellandrene,Turmerin,3.7992,4.4603,2.4386,1.3906,0.137,"Nilgiri Hills, Tamil Nadu",11.8169,77.0131,2080.1,2009,12,UV-Vis Spectroscopy,16.0,1015.8,4.88,103.1,20.1,198.6,30530408,2009
19,Curcuma longa,Turmeric,Zingiberaceae,Demethoxycurcumin,Quercetin,Zingiberene,Turmerin,3.5277,6.1452,3.2195,1.3087,0.134,"Nilgiri Hills, Tamil Nadu",11.7371,77.343,1880.1,2014,10,HPLC,18.4,1614.6,4.8,111.7,19.3,163.5,30605533,2014
20,Curcuma longa,Turmeric,Zingiberaceae,Demethoxycurcumin,Kaempferol,ar-Turmerone,Turmerin,3.5093,5.0568,2.7846,1.0865,0.398,"Nilgiri Hills, Tamil Nadu",11.4611,77.0463,1832.9,2011,9,HPLC,17.9,2138.2,4.95,122.3,27.4,162.4,30547543,2011
21,Curcuma longa,Turmeric,Zingiberaceae,Bisdemethoxycurcumin,Quercetin,ar-Turmerone,Turmerin,4.2198,5.7235,3.2125,1.07,0.282,"Nilgiri Hills, Tamil Nadu",11.0687,76.9285,1807.8,2005,6,HPTLC,18.6,2473.9,4.91,100.5,21.9,174.7,30691558,2005
22,Curcuma longa,Turmeric,Zingiberaceae,Curcumin,Quercetin,Zingiberene,Turmerin,3.5655,6.5626,3.6,1.3418,0.476,"Nilgiri Hills, Tamil Nadu",11.4652,77.0601,2635.6,2020,7,HPLC-MS,26.3,2194.5,4.75,92.8,9.4,169.5,30513403,2020
23,Curcuma longa,Turmeric,Zingiberaceae,Curcumin,Quercetin,ar-Turmerone,Turmerin,3.5791,6.9231,3.55,1.22,0.322,"Ernakulam, Kerala",10.5054,75.7809,127.1,2009,7,HPLC-MS,33.6,4000.0,5.37,134.1,29.9,247.4,22670934,2007
24,Curcuma longa,Turmeric,Zingiberaceae,Demethoxycurcumin,Kaempferol,ar-Turmerone,Turmerin,4.4783,7.0319,3.3476,1.3553,0.417,"Ernakulam, Kerala",9.8547,76.165,151.1,2018,9,GC-MS,27.4,3403.4,5.82,148.5,25.9,213.9,22561486,2017
25,Curcuma longa,Turmeric,Zingiberaceae,Demethoxycurcumin,Quercetin,ar-Turmerone,Turmerin,3.5119,3.335,2.934,1.3755,0.159,"Ernakulam, Kerala",9.831,77.0618,189.8,2018,2,GC-MS,22.1,1885.7,5.51,149.3,36.4,202.6,22683509,2018
26,Curcuma longa,Turmeric,Zingiberaceae,Curcumin,Quercetin,beta-Sesquiphellandrene,Turmerin,2.4299,5.4907,1.9067,1.4331,0.489,"Ernakulam, Kerala",10.1604,76.2956,159.8,2009,2,HPLC-MS,20.4,2186.6,5.61,113.5,32.4,178.7,22862219,2009
27,Curcuma longa,Turmeric,Zingiberaceae,Curcumin,Kaempferol,ar-Turmerone,Turmerin,4.0671,5.8999,3.1078,1.1703,0.495,"Ernakulam, Kerala",9.5903,76.4512,94.8,2014,6,GC-MS,32.9,3285.3,5.44,130.7,18.6,218.0,22908499,2014
28,Curcuma longa,Turmeric,Zingiberaceae,Demethoxycurcumin,Quercetin,ar-Turmerone,Turmerin,2.8253,5.338,2.8085,1.3306,0.136,"Ernakulam, Kerala",9.9337,76.5399,123.5,2018,10,GC-MS,27.3,3147.3,5.42,131.5,34.3,229.4,22486017,2016
29,Curcuma longa,Turmeric,Zingiberaceae,Bisdemethoxycurcumin,Kaempferol,beta-Sesquiphellandrene,Turmerin,4.3431,3.9204,1.9868,1.3627,0.342,"Ernakulam, Kerala",9.5318,76.362,102.5,2014,3,HPLC-MS,21.3,2077.9,6.15,148.8,32.8,261.7,22714973,2013
30,Curcuma longa,Turmeric,Zingiberaceae,Curcumin,Kaempferol,Zingiberene,Turmerin,4.2052,6.2329,3.1125,1.2055,0.472,"Ernakulam, Kerala",10.2519,76.1916,108.1,2010,6,HPLC-MS,30.4,3569.3,5.32,119.6,30.2,203.4,22710947,2009
31,Curcuma longa,Turmeric,Zingiberaceae,Curcumin,Kaempferol,Zingiberene,Turmerin,2.8924,5.2116,2.676,1.7551,0.319,"Ernakulam, Kerala",10.613,76.7859,166.7,2010,10,HPLC,25.9,2439.2,4.96,110.5,30.2,225.2,22626024,2009
32,Curcuma longa,Turmeric,Zingiberaceae,Curcumin,Kaempferol,beta-Sesquiphellandrene,Turmerin,3.1143,3.6876,2.2552,1.4278,0.181,"Ernakulam, Kerala",9.5167,75.8799,131.5,2012,2,HPLC-MS,26.3,1643.5,5.44,131.9,32.3,232.9,22870617,2012
33,Curcuma longa,Turmeric,Zingiberaceae,Bisdemethoxycurcumin,Kaempferol,Zingiberene,Turmerin,2.3866,6.7012,3.4093,1.3399,0.317,"Ernakulam, Kerala",9.9045,76.2043,147.2,2008,9,HPLC,31.1,3161.7,5.78,127.0,36.5,206.5,22825509,2006
34,Curcuma longa,Turmeric,Zingiberaceae,Demethoxycurcumin,Kaempferol,Zingiberene,Turmerin,4.4407,7.4948,2.8518,1.336,0.402,"Dehradun, Uttarakhand",30.2343,77.9398,488.8,2023,8,HPTLC,24.0,1934.6,6.5,122.7,24.4,221.7,25759693,2021
35,Curcuma longa,Turmeric,Zingiberaceae,Bisdemethoxycurcumin,Kaempferol,Zingiberene,Turmerin,4.4891,6.3236,2.5432,1.0088,0.334,"Dehradun, Uttarakhand",30.3261,78.2158,485.1,2019,8,HPLC-MS,22.0,1793.6,6.33,121.6,26.9,217.7,25747251,2018
36,Curcuma longa,Turmeric,Zingiberaceae,Curcumin,Kaempferol,Zingiberene,Turmerin,4.8399,6.4467,2.6813,1.2428,0.435,"Dehradun, Uttarakhand",30.7488,79.2337,712.3,2019,8,GC-MS,28.0,1946.3,6.57,115.3,23.3,167.2,25573228,2018
37,Curcuma longa,Turmeric,Zingiberaceae,Bisdemethoxycurcumin,Quercetin,beta-Sesquiphellandrene,Turmerin,3.2981,6.4331,3.1209,1.4486,0.171,"Dehradun, Uttarakhand",29.9295,78.1702,814.4,2019,9,UV-Vis Spectroscopy,21.5,1501.9,6.7,115.7,28.6,185.8,25866875,2018
38,Curcuma longa,Turmeric,Zingiberaceae,Bisdemethoxycurcumin,Quercetin,ar-Turmerone,Turmerin,3.8221,4.6442,1.635,1.3964,0.271,"Dehradun, Uttarakhand",30.2885,77.6909,666.4,2005,1,HPLC-MS,14.9,953.2,6.3,102.1,24.2,190.3,25829798,2005
39,Curcuma longa,Turmeric,Zingiberaceae,Bisdemethoxycurcumin,Kaempferol,Zingiberene,Turmerin,5.586,6.4285,3.1527,1.1812,0.358,"Dehradun, Uttarakhand",30.1299,78.8387,1244.1,2020,8,HPLC-MS,24.5,1610.1,6.71,112.8,31.1,159.3,25887634,2018
40,Curcuma longa,Turmeric,Zingiberaceae,Demethoxycurcumin,Kaempferol,Zingiberene,Turmerin,3.5537,7.2257,3.0136,1.1602,0.156,"Dehradun, Uttarakhand",30.2335,78.3914,662.6,2022,7,HPLC,25.9,1954.5,6.29,101.3,22.5,187.4,25479091,2022
41,Curcuma longa,Turmeric,Zingiberaceae,Demethoxycurcumin,Quercetin,Zingiberene,Turmerin,4.6043,6.1038,2.9285,1.0956,0.479,"Dehradun, Uttarakhand",29.792,78.2298,737.7,2005,7,UV-Vis Spectroscopy,24.9,1999.5,6.76,116.3,23.3,160.0,25850365,2005
42,Curcuma longa,Turmeric,Zingiberaceae,Demethoxycurcumin,Kaempferol,ar-Turmerone,Turmerin,3.2456,6.3944,2.6394,1.4964,0.209,"Dehradun, Uttarakhand",30.6047,78.3365,779.8,2014,8,GC-MS,25.3,1907.8,6.48,93.9,30.5,191.8,25602613,2013
43,Curcuma longa,Turmeric,Zingiberaceae,Curcumin,Kaempferol,Zingiberene,Turmerin,2.9887,5.8599,3.3399,1.5213,0.167,"Dehradun, Uttarakhand",30.3588,78.2065,782.1,2010,10,HPLC,18.4,1249.9,6.59,104.9,18.8,208.2,25562102,2009
44,Curcuma longa,Turmeric,Zingiberaceae,Curcumin,Kaempferol,beta-Sesquiphellandrene,Turmerin,4.753,4.3882,2.3355,1.2971,0.338,"Dehradun, Uttarakhand",30.3771,78.3956,729.6,2008,3,HPLC-MS,17.6,872.6,6.22,93.8,17.1,211.1,25639516,2006
45,Curcuma longa,Turmeric,Zingiberaceae,Curcumin,Quercetin,Zingiberene,Turmerin,5.147,5.2075,2.4081,1.2594,0.393,"Bhopal, Madhya Pradesh",23.4984,77.8024,323.3,2006,5,HPLC,29.0,1144.9,6.4,109.9,16.5,161.1,31851167,2005
46,Curcuma longa,Turmeric,Zingiberaceae,Bisdemethoxycurcumin,Quercetin,beta-Sesquiphellandrene,Turmerin,3.5484,7.7277,2.7145,1.128,0.269,"Bhopal, Madhya Pradesh",23.803,78.1679,531.1,2020,6,HPTLC,31.4,1609.6,6.84,85.4,20.5,169.3,32018175,2019
47,Curcuma longa,Turmeric,Zingiberaceae,Curcumin,Kaempferol,ar-Turmerone,Turmerin,3.805,6.2467,2.998,1.236,0.308,"Bhopal, Madhya Pradesh",23.6971,78.2375,445.0,2014,7,HPLC,29.0,1571.5,6.66,84.8,18.5,184.4,31945180,2013
48,Curcuma longa,Turmeric,Zingiberaceae,Curcumin,Quercetin,Zingiberene,Turmerin,3.6039,5.2013,2.7877,1.0552,0.287,"Bhopal, Madhya Pradesh",22.9211,78.303,435.3,2006,7,HPLC-MS,30.4,1557.6,6.99,87.9,19.9,168.9,31892224,2005
49,Curcuma longa,Turmeric,Zingiberaceae,Curcumin,Quercetin,Zingiberene,Turmerin,3.3858,5.1416,2.218,1.4009,0.305,"Bhopal, Madhya Pradesh",23.7359,77.8643,500.0,2020,1,UV-Vis Spectroscopy,22.4,624.5,6.54,82.2,24.0,185.5,31979460,2018
50,Curcuma longa,Turmeric,Zingiberaceae,Curcumin,Quercetin,ar-Turmerone,Turmerin,2.3162,6.4687,2.8794,1.2906,0.444,"Bhopal, Madhya Pradesh",23.3022,77.8087,410.2,2013,1,HPLC,20.8,797.2,6.83,72.0,23.2,229.1,31866264,2012
51,Curcuma longa,Turmeric,Zingiberaceae,Bisdemethoxycurcumin,Quercetin,ar-Turmerone,Turmerin,3.6515,6.7693,2.692,1.5267,0.309,"Bhopal, Madhya Pradesh",22.8263,77.7365,436.4,2007,9,HPLC-MS,24.9,1357.9,6.74,79.1,24.9,175.3,31775088,2006
52,Curcuma longa,Turmeric,Zingiberaceae,Bisdemethoxycurcumin,Kaempferol,ar-Turmerone,Turmerin,3.4628,6.8774,3.3158,1.3684,0.492,"Bhopal, Madhya Pradesh",23.7461,77.8865,491.0,2020,9,HPLC,25.7,1208.0,6.52,97.1,25.2,178.1,32129149,2018
53,Curcuma longa,Turmeric,Zingiberaceae,Demethoxycurcumin,Kaempferol,beta-Sesquiphellandrene,Turmerin,4.3971,6.2188,2.6458,1.0967,0.489,"Bhopal, Madhya Pradesh",23.092,78.2239,498.4,2007,6,HPLC,32.6,1628.6,6.73,75.8,18.0,195.4,32005505,2006
54,Curcuma longa,Turmeric,Zingiberaceae,Demethoxycurcumin,Quercetin,Zingiberene,Turmerin,3.305,6.115,2.1117,1.5236,0.153,"Bhopal, Madhya Pradesh",24.054,78.1101,410.6,2011,11,HPLC,21.8,1002.1,6.63,98.8,23.4,179.0,31989923,2010
55,Curcuma longa,Turmeric,Zingiberaceae,Bisdemethoxycurcumin,Quercetin,ar-Turmerone,Turmerin,3.5896,4.6496,2.4255,1.3507,0.465,"Bhopal, Madhya Pradesh",22.946,77.83,537.3,2006,3,HPLC,21.1,875.8,6.73,101.4,18.3,190.1,31758351,2006
56,Curcuma longa,Turmeric,Zingiberaceae,Demethoxycurcumin,Quercetin,beta-Sesquiphellandrene,Turmerin,3.5186,6.3488,2.7034,1.171,0.378,"Pune, Maharashtra",18.6343,74.3414,750.1,2008,9,HPLC,28.4,1688.1,6.54,91.8,26.2,186.9,25508442,2006
57,Curcuma longa,Turmeric,Zingiberaceae,Demethoxycurcumin,Quercetin,Zingiberene,Turmerin,2.7056,5.3086,2.1766,1.2068,0.42,"Pune, Maharashtra",18.6116,73.9937,597.6,2013,1,GC-MS,20.1,1010.1,6.23,99.8,20.1,187.8,25190498,2012
58,Curcuma longa,Turmeric,Zingiberaceae,Demethoxycurcumin,Kaempferol,Zingiberene,Turmerin,3.6919,7.6143,3.1069,1.3903,0.116,"Pune, Maharashtra",18.1678,73.702,555.5,2021,8,GC-MS,32.4,2395.7,6.52,92.2,25.5,207.9,25435443,2019
59,Curcuma longa,Turmeric,Zingiberaceae,Bisdemethoxycurcumin,Quercetin,ar-Turmerone,Turmerin,4.8604,5.9529,3.0982,1.1475,0.181,"Pune, Maharashtra",18.4334,73.4856,665.0,2016,9,HPLC-MS,30.9,1888.0,6.63,106.3,19.1,199.5,25418090,2014
60,Curcuma longa,Turmeric,Zingiberaceae,Bisdemethoxycurcumin,Kaempferol,beta-Sesquiphellandrene,Turmerin,4.6973,3.8434,3.0229,1.281,0.465,"Pune, Maharashtra",18.6693,73.749,635.2,2009,4,HPLC,27.3,1739.2,7.43,104.2,35.0,208.2,25419559,2008
61,Curcuma longa,Turmeric,Zingiberaceae,Demethoxycurcumin,Quercetin,Zingiberene,Turmerin,4.0475,5.8745,2.9278,1.0089,0.225,"Pune, Maharashtra",18.6599,73.4739,737.7,2007,10,HPLC,27.2,1689.8,6.58,93.4,18.6,199.5,25241157,2005
62,Curcuma longa,Turmeric,Zingiberaceae,Curcumin,Quercetin,Zingiberene,Turmerin,3.1283,5.3311,2.3437,1.1935,0.342,"Pune, Maharashtra",18.5706,74.1641,570.5,2009,1,HPLC,20.3,1043.2,6.49,105.7,22.4,174.3,25211272,2009
63,Curcuma longa,Turmeric,Zingiberaceae,Curcumin,Quercetin,Zingiberene,Turmerin,4.2489,6.2626,2.686,1.1575,0.259,"Pune, Maharashtra",18.6511,73.2038,670.7,2019,6,HPLC,31.8,2182.7,6.44,99.1,21.8,214.6,25558464,2018
64,Curcuma longa,Turmeric,Zingiberaceae,Demethoxycurcumin,Quercetin,beta-Sesquiphellandrene,Turmerin,3.1194,6.7197,2.852,1.1518,0.377,"Pune, Maharashtra",18.6345,74.4415,578.7,2006,9,HPLC,29.9,2008.0,6.8,65.2,32.4,197.2,25250314,2005
65,Curcuma longa,Turmeric,Zingiberaceae,Curcumin,Quercetin,Zingiberene,Turmerin,2.7118,5.1663,2.076,1.4568,0.231,"Pune, Maharashtra",18.4907,74.451,696.3,2012,1,HPLC,21.5,1179.8,6.86,107.7,16.3,232.7,25515825,2011
66,Curcuma longa,Turmeric,Zingiberaceae,Curcumin,Quercetin,ar-Turmerone,Turmerin,4.4144,8.0089,3.1871,1.0106,0.129,"Pune, Maharashtra",18.9306,74.1641,657.0,2022,9,GC-MS,29.7,1875.2,6.06,89.2,15.3,223.3,25498327,2021
67,Curcuma longa,Turmeric,Zingiberaceae,Demethoxycurcumin,Kaempferol,Zingiberene,Turmerin,3.0949,6.1225,3.5759,1.3635,0.308,"Jorhat, Assam",27.2426,94.5029,65.6,2007,5,HPLC-MS,28.9,2391.0,5.34,104.5,24.9,186.9,26992580,2005
68,Curcuma longa,Turmeric,Zingiberaceae,Demethoxycurcumin,Kaempferol,Zingiberene,Turmerin,3.5515,4.9059,2.9237,1.4171,0.209,"Jorhat, Assam",26.9192,94.1188,163.1,2020,5,HPLC,25.1,2464.3,4.94,116.6,24.8,191.0,27204842,2019
69,Curcuma longa,Turmeric,Zingiberaceae,Demethoxycurcumin,Quercetin,Zingiberene,Turmerin,3.9539,6.662,2.9428,1.2105,0.417,"Jorhat, Assam",26.4553,94.1326,127.5,2014,7,HPLC-MS,26.5,3266.3,5.07,111.9,20.3,237.9,26975028,2014
70,Curcuma longa,Turmeric,Zingiberaceae,Curcumin,Quercetin,ar-Turmerone,Turmerin,4.1418,6.9819,2.9294,1.0692,0.289,"Jorhat, Assam",26.913,93.8822,123.9,2014,8,GC-MS,27.8,3056.8,4.74,97.3,28.5,219.2,27080763,2013
71,Curcuma longa,Turmeric,Zingiberaceae,Demethoxycurcumin,Kaempferol,beta-Sesquiphellandrene,Turmerin,4.0607,5.762,2.6791,1.4481,0.206,"Jorhat, Assam",26.3564,94.2433,46.8,2011,11,HPLC-MS,19.4,1466.7,4.59,108.9,37.9,193.9,27005125,2010
72,Curcuma longa,Turmeric,Zingiberaceae,Curcumin,Kaempferol,beta-Sesquiphellandrene,Turmerin,3.128,6.8948,3.5326,1.3767,0.121,"Jorhat, Assam",26.5898,94.5392,185.8,2013,8,HPLC,25.2,2455.8,4.69,135.0,27.5,229.3,26908590,2012
73,Curcuma longa,Turmeric,Zingiberaceae,Bisdemethoxycurcumin,Kaempferol,Zingiberene,Turmerin,3.28,7.0548,2.8644,1.3604,0.26,"Jorhat, Assam",26.3001,93.8011,99.4,2012,6,HPLC,27.5,2847.5,5.02,116.5,20.4,213.4,26933061,2010
74,Curcuma longa,Turmeric,Zingiberaceae,Bisdemethoxycurcumin,Quercetin,ar-Turmerone,Turmerin,3.4444,5.4401,2.6954,1.125,0.43,"Jorhat, Assam",26.3856,94.2219,139.0,2010,6,HPLC,27.6,2656.7,5.04,108.2,28.5,229.1,27181081,2008
75,Curcuma longa,Turmeric,Zingiberaceae,Demethoxycurcumin,Quercetin,Zingiberene,Turmerin,3.9456,4.5329,2.4448,1.0571,0.356,"Jorhat, Assam",26.808,94.1711,118.3,2009,4,GC-MS,25.1,1974.7,4.97,121.0,23.5,215.3,27038502,2008
76,Curcuma longa,Turmeric,Zingiberaceae,Curcumin,Quercetin,Zingiberene,Turmerin,4.2296,2.7157,2.4625,1.1961,0.211,"Jorhat, Assam",26.6441,94.1325,109.9,2005,4,HPLC,21.5,2023.1,5.09,108.6,27.6,230.0,26862700,2005
77,Curcuma longa,Turmeric,Zingiberaceae,Curcumin,Kaempferol,beta-Sesquiphellandrene,Turmerin,4.0112,3.9354,2.578,1.3774,0.193,"Jorhat, Assam",26.7647,94.1308,34.4,2009,3,HPLC-MS,18.2,1465.6,4.82,129.7,24.5,180.1,26889344,2009
78,Curcuma longa,Turmeric,Zingiberaceae,Bisdemethoxycurcumin,Kaempferol,Zingiberene,Turmerin,2.4551,4.6811,2.2388,1.3854,0.108,"Tirupati, Andhra Pradesh",13.3233,79.2222,249.3,2008,12,HPLC-MS,24.4,613.2,6.87,95.9,12.6,196.9,31423030,2008
79,Curcuma longa,Turmeric,Zingiberaceae,Bisdemethoxycurcumin,Quercetin,ar-Turmerone,Turmerin,3.2371,4.6778,2.4543,1.2474,0.284,"Tirupati, Andhra Pradesh",13.8589,79.1611,310.9,2005,5,HPLC-MS,28.8,1010.3,7.32,78.5,16.8,186.3,31621391,2005
80,Curcuma longa,Turmeric,Zingiberaceae,Curcumin,Kaempferol,beta-Sesquiphellandrene,Turmerin,1.9864,4.3191,1.5544,1.3511,0.16,"Tirupati, Andhra Pradesh",13.2285,79.4855,320.7,2013,1,UV-Vis Spectroscopy,23.7,505.4,7.1,78.0,23.0,155.8,31751859,2013
81,Curcuma longa,Turmeric,Zingiberaceae,Curcumin,Quercetin,Zingiberene,Turmerin,3.883,5.0632,2.3237,1.5353,0.104,"Tirupati, Andhra Pradesh",13.6266,79.9166,277.1,2015,1,HPLC,23.1,418.2,7.39,68.2,12.4,183.6,31823146,2014
82,Curcuma longa,Turmeric,Zingiberaceae,Demethoxycurcumin,Quercetin,Zingiberene,Turmerin,4.0586,6.1632,3.479,1.3473,0.471,"Tirupati, Andhra Pradesh",13.373,79.1416,212.0,2013,9,HPLC,30.5,1024.5,6.91,88.2,18.6,148.7,31379050,2013
83,Curcuma longa,Turmeric,Zingiberaceae,Demethoxycurcumin,Kaempferol,Zingiberene,Turmerin,4.7421,6.1845,2.3018,1.0044,0.411,"Tirupati, Andhra Pradesh",13.4216,79.0156,126.2,2022,6,UV-Vis Spectroscopy,29.4,1143.0,6.95,79.4,29.2,145.8,31750339,2021
84,Curcuma longa,Turmeric,Zingiberaceae,Bisdemethoxycurcumin,Kaempferol,beta-Sesquiphellandrene,Turmerin,3.8303,7.1565,2.7744,1.6679,0.138,"Tirupati, Andhra Pradesh",13.7817,79.0884,350.3,2015,9,UV-Vis Spectroscopy,30.4,965.1,7.24,86.9,19.2,140.2,31677298,2015
85,Curcuma longa,Turmeric,Zingiberaceae,Demethoxycurcumin,Kaempferol,Zingiberene,Turmerin,3.1767,5.7956,3.024,1.4243,0.104,"Tirupati, Andhra Pradesh",13.9006,79.4615,180.7,2020,8,GC-MS,32.0,1189.2,6.72,95.5,16.9,175.2,31475089,2020
86,Curcuma longa,Turmeric,Zingiberaceae,Curcumin,Kaempferol,ar-Turmerone,Turmerin,3.4329,4.3239,2.1649,1.2295,0.292,"Tirupati, Andhra Pradesh",13.4171,79.6481,379.8,2015,3,GC-MS,25.3,760.2,6.68,80.1,26.8,145.0,31623122,2013
87,Curcuma longa,Turmeric,Zingiberaceae,Bisdemethoxycurcumin,Kaempferol,beta-Sesquiphellandrene,Turmerin,4.5174,6.044,2.6607,1.295,0.159,"Tirupati, Andhra Pradesh",13.4307,79.4554,454.2,2008,8,HPLC,35.3,1261.4,7.29,72.5,23.1,169.9,31390987,2008
88,Curcuma longa,Turmeric,Zingiberaceae,Bisdemethoxycurcumin,Quercetin,beta-Sesquiphellandrene,Turmerin,4.3676,5.5568,2.6394,1.2521,0.433,"Tirupati, Andhra Pradesh",13.8866,79.185,113.3,2022,4,HPLC,29.2,879.9,6.74,73.5,18.7,215.4,31427020,2021
89,Curcuma longa,Turmeric,Zingiberaceae,Demethoxycurcumin,Quercetin,Zingiberene,Turmerin,4.3355,4.6529,2.9116,1.5312,0.401,"Bhubaneswar, Odisha",20.3423,85.2695,61.2,2014,3,HPLC-MS,23.3,1238.6,5.94,90.6,23.0,181.2,24988800,2014
90,Curcuma longa,Turmeric,Zingiberaceae,Bisdemethoxycurcumin,Kaempferol,Zingiberene,Turmerin,4.1909,5.9383,2.489,1.2581,0.156,"Bhubaneswar, Odisha",20.1629,85.906,51.1,2016,10,GC-MS,24.5,1200.2,6.11,92.3,16.8,166.5,25252556,2014
91,Curcuma longa,Turmeric,Zingiberaceae,Curcumin,Kaempferol,ar-Turmerone,Turmerin,4.2067,7.0872,2.9272,1.3211,0.489,"Bhubaneswar, Odisha",19.5727,86.0652,81.8,2022,8,GC-MS,29.9,1698.3,6.04,91.9,25.6,194.7,25252197,2020
92,Curcuma longa,Turmeric,Zingiberaceae,Curcumin,Kaempferol,Zingiberene,Turmerin,3.4532,5.0572,2.1324,1.3462,0.439,"Bhubaneswar, Odisha",20.089,85.3155,103.2,2013,1,HPLC,20.4,736.1,6.19,89.6,26.1,238.3,25284544,2012
93,Curcuma longa,Turmeric,Zingiberaceae,Demethoxycurcumin,Kaempferol,Zingiberene,Turmerin,3.4979,3.1738,2.1172,1.3711,0.364,"Bhubaneswar, Odisha",19.9714,85.7347,10.0,2014,2,HPLC-MS,22.6,893.9,6.34,84.9,26.0,179.0,24977505,2014
94,Curcuma longa,Turmeric,Zingiberaceae,Curcumin,Kaempferol,ar-Turmerone,Turmerin,4.4885,6.307,2.2276,1.2793,0.357,"Bhubaneswar, Odisha",20.6198,85.6508,10.6,2013,8,UV-Vis Spectroscopy,31.7,1846.1,5.95,133.3,22.5,170.0,25233447,2011
95,Curcuma longa,Turmeric,Zingiberaceae,Demethoxycurcumin,Kaempferol,beta-Sesquiphellandrene,Turmerin,3.7064,5.2276,2.5271,1.4623,0.421,"Bhubaneswar, Odisha",19.4721,86.119,10.0,2020,3,HPLC-MS,23.8,1202.0,5.92,95.3,14.6,176.5,25367538,2020
96,Curcuma longa,Turmeric,Zingiberaceae,Curcumin,Quercetin,Zingiberene,Turmerin,4.2659,6.515,3.0492,1.1257,0.243,"Bhubaneswar, Odisha",20.1116,85.9564,45.3,2017,7,HPLC-MS,31.6,1857.6,6.12,85.7,18.5,196.2,25417089,2017
97,Curcuma longa,Turmeric,Zingiberaceae,Curcumin,Kaempferol,ar-Turmerone,Turmerin,4.9235,5.9908,2.8603,1.0774,0.23,"Bhubaneswar, Odisha",20.6891,85.7931,10.0,2005,5,HPLC-MS,27.7,1749.9,5.95,85.6,24.0,162.2,25101026,2005
98,Curcuma longa,Turmeric,Zingiberaceae,Curcumin,Quercetin,ar-Turmerone,Turmerin,3.4764,5.6844,3.0356,1.1865,0.46,"Bhubaneswar, Odisha",20.4999,85.6606,55.1,2011,6,HPLC-MS,29.7,1936.4,5.85,104.3,27.9,205.3,25022670,2011
99,Curcuma longa,Turmeric,Zingiberaceae,Curcumin,Quercetin,Zingiberene,Turmerin,3.848,5.3181,2.2646,1.3758,0.222,"Bhubaneswar, Odisha",20.5578,85.9039,10.0,2018,4,HPLC-MS,23.9,1191.3,5.91,110.7,19.1,177.4,25437713,2018
100,Withania somnifera,Ashwagandha,Solanaceae,Withanine,Kaempferol,Withanolide A,Sitoindoside VII,1.9904,3.2896,1.4128,3.1346,0.435,"Dehradun, Uttarakhand",30.4486,78.3392,882.0,2019,4,HPLC-MS,21.5,1237.2,6.23,111.1,12.6,184.1,21422503,2019
101,Withania somnifera,Ashwagandha,Solanaceae,Withanine,Catechin,Withanolide A,Sitoindoside VIII,2.2083,3.497,1.1659,2.524,0.153,"Dehradun, Uttarakhand",30.1326,77.9924,893.1,2009,4,HPLC,20.0,1324.6,6.04,112.2,30.5,167.6,21091879,2007
102,Withania somnifera,Ashwagandha,Solanaceae,Withanine,Catechin,Withanolide A,Sitoindoside VII,2.553,4.4568,1.3399,1.9182,0.344,"Dehradun, Uttarakhand",30.4904,78.7182,511.4,2007,6,UV-Vis Spectroscopy,24.0,1718.1,6.61,109.8,18.9,159.0,21299795,2006
103,Withania somnifera,Ashwagandha,Solanaceae,Isopelletierine,Catechin,Withanolide A,Sitoindoside VII,1.9551,3.0675,1.0008,2.7279,0.297,"Dehradun, Uttarakhand",30.0317,78.2992,628.8,2018,1,HPTLC,16.0,771.0,6.27,113.8,28.7,152.5,21273369,2016
104,Withania somnifera,Ashwagandha,Solanaceae,Somniferine,Catechin,Withanolide A,Sitoindoside VIII,2.2182,4.4035,1.2408,2.6249,0.148,"Dehradun, Uttarakhand",30.3806,78.3803,516.8,2005,8,UV-Vis Spectroscopy,22.6,1620.1,6.58,116.1,14.1,207.9,21090626,2005
105,Withania somnifera,Ashwagandha,Solanaceae,Isopelletierine,Catechin,Withanolide A,Sitoindoside VII,2.1939,3.9266,1.2606,2.8393,0.117,"Dehradun, Uttarakhand",30.7564,78.3527,808.0,2013,10,HPLC,20.7,1510.5,5.98,112.5,25.8,197.6,21163549,2011
106,Withania somnifera,Ashwagandha,Solanaceae,Withanine,Catechin,Withanolide A,Sitoindoside VIII,1.6556,3.0108,1.3877,2.5384,0.248,"Dehradun, Uttarakhand",30.2376,78.548,423.1,2010,12,HPLC-MS,18.2,862.1,6.28,108.0,27.6,192.6,20958011,2009
107,Withania somnifera,Ashwagandha,Solanaceae,Somniferine,Kaempferol,Withaferin A,Sitoindoside VIII,2.7133,3.9577,1.3103,2.7367,0.375,"Dehradun, Uttarakhand",30.2765,78.3963,1029.3,2009,7,HPLC,30.6,1805.3,6.37,110.6,21.2,161.7,21037617,2007
108,Withania somnifera,Ashwagandha,Solanaceae,Somniferine,Kaempferol,Withanolide A,Sitoindoside VII,1.4172,3.283,0.647,2.5192,0.343,"Dehradun, Uttarakhand",30.7847,78.4862,393.3,2007,11,UV-Vis Spectroscopy,15.8,866.0,6.25,104.7,16.5,189.3,21230093,2007
109,Withania somnifera,Ashwagandha,Solanaceae,Isopelletierine,Kaempferol,Withanolide A,Sitoindoside VII,2.2944,3.01,1.1717,3.3905,0.452,"Dehradun, Uttarakhand",30.2945,78.6192,363.0,2023,3,HPLC,18.7,924.1,6.24,94.9,17.7,191.2,21260289,2021
110,Withania somnifera,Ashwagandha,Solanaceae,Withanine,Catechin,Withaferin A,Sitoindoside VIII,2.2995,4.1602,1.4623,3.0484,0.114,"Dehradun, Uttarakhand",30.0242,78.8303,1169.6,2023,5,HPLC-MS,22.5,1689.6,6.64,119.1,30.3,221.2,21403289,2022
111,Withania somnifera,Ashwagandha,Solanaceae,Isopelletierine,Kaempferol,Withanolide A,Sitoindoside VII,2.5379,4.3745,1.5706,3.0668,0.144,"Dehradun, Uttarakhand",30.0272,78.5087,667.0,2008,6,GC-MS,27.8,2258.8,6.79,135.0,16.2,185.6,21127059,2006
112,Withania somnifera,Ashwagandha,Solanaceae,Somniferine,Catechin,Withaferin A,Sitoindoside VII,1.6872,3.1574,0.8512,2.5276,0.483,"Jodhpur, Rajasthan",26.1494,73.4415,435.0,2021,1,GC-MS,22.8,258.1,8.7,62.3,24.8,145.2,28074437,2020
113,Withania somnifera,Ashwagandha,Solanaceae,Withanine,Catechin,Withaferin A,Sitoindoside VIII,1.9907,3.9308,1.0421,2.9945,0.14,"Jodhpur, Rajasthan",26.7859,73.6539,404.4,2005,5,GC-MS,31.3,451.0,8.15,64.2,18.4,145.5,28485434,2005
114,Withania somnifera,Ashwagandha,Solanaceae,Isopelletierine,Catechin,Withaferin A,Sitoindoside VII,2.2775,4.8311,1.2522,2.3273,0.437,"Jodhpur, Rajasthan",26.7354,73.6172,409.5,2021,7,HPLC,32.3,545.1,7.65,59.1,19.9,174.7,28048372,2021
115,Withania somnifera,Ashwagandha,Solanaceae,Isopelletierine,Kaempferol,Withanolide A,Sitoindoside VII,2.2197,4.6275,1.4703,2.5682,0.261,"Jodhpur, Rajasthan",26.0568,73.5773,461.1,2021,7,HPLC,32.3,399.2,8.06,81.6,21.2,154.2,28357860,2020
116,Withania somnifera,Ashwagandha,Solanaceae,Withanine,Kaempferol,Withanolide A,Sitoindoside VII,1.5491,4.3341,1.0888,2.8429,0.208,"Jodhpur, Rajasthan",26.9109,73.6669,410.9,2013,12,UV-Vis Spectroscopy,22.4,234.8,8.17,52.6,18.5,181.9,28043598,2011
117,Withania somnifera,Ashwagandha,Solanaceae,Somniferine,Catechin,Withanolide A,Sitoindoside VIII,1.7119,3.46,1.2896,2.6984,0.358,"Jodhpur, Rajasthan",26.3571,73.7623,369.7,2017,3,GC-MS,25.8,279.9,8.23,59.2,24.9,181.4,28392160,2015
118,Withania somnifera,Ashwagandha,Solanaceae,Withanine,Catechin,Withaferin A,Sitoindoside VII,2.2077,5.0275,1.4247,2.5496,0.186,"Jodhpur, Rajasthan",26.5592,73.4582,316.2,2020,7,HPLC,28.8,520.7,7.57,57.5,8.0,121.7,28143171,2019
119,Withania somnifera,Ashwagandha,Solanaceae,Withanine,Kaempferol,Withaferin A,Sitoindoside VII,2.3814,2.7838,0.9178,1.9536,0.235,"Jodhpur, Rajasthan",26.7913,73.9807,294.3,2011,4,UV-Vis Spectroscopy,27.4,321.0,8.34,45.7,23.2,132.0,28306866,2010
120,Withania somnifera,Ashwagandha,Solanaceae,Somniferine,Kaempferol,Withanolide A,Sitoindoside VIII,2.6679,3.6817,1.3524,2.8799,0.408,"Jodhpur, Rajasthan",26.5357,73.4346,152.1,2019,6,GC-MS,35.9,526.8,7.99,56.8,15.1,160.9,28462530,2018
121,Withania somnifera,Ashwagandha,Solanaceae,Withanine,Kaempferol,Withanolide A,Sitoindoside VIII,2.2432,3.7264,1.1912,2.0585,0.384,"Jodhpur, Rajasthan",26.4287,73.5577,423.6,2011,4,GC-MS,26.9,394.0,8.58,82.6,18.9,170.6,28201333,2009
122,Withania somnifera,Ashwagandha,Solanaceae,Withanine,Catechin,Withanolide A,Sitoindoside VII,1.7471,3.1176,1.2325,3.1084,0.166,"Jodhpur, Rajasthan",26.7367,73.545,397.7,2017,12,HPLC,22.6,241.7,8.16,60.6,14.0,137.0,28405186,2015
123,Withania somnifera,Ashwagandha,Solanaceae,Somniferine,Kaempferol,Withaferin A,Sitoindoside VIII,1.9035,4.3742,1.2525,2.7206,0.172,"Jodhpur, Rajasthan",26.8369,73.6553,338.6,2019,9,GC-MS,31.1,476.9,8.33,59.9,18.9,116.2,28482907,2018
124,Withania somnifera,Ashwagandha,Solanaceae,Isopelletierine,Kaempferol,Withanolide A,Sitoindoside VIII,2.2446,4.3797,1.4314,2.5372,0.387,"Bhopal, Madhya Pradesh",23.6235,78.6867,333.2,2010,8,HPLC-MS,30.0,1530.7,6.81,94.0,17.9,147.7,32542052,2009
125,Withania somnifera,Ashwagandha,Solanaceae,Isopelletierine,Catechin,Withanolide A,Sitoindoside VII,1.7638,4.4343,1.1937,2.303,0.1,"Bhopal, Madhya Pradesh",23.7159,77.612,378.3,2022,6,UV-Vis Spectroscopy,30.0,1522.9,7.12,95.6,22.7,197.9,32619720,2022
126,Withania somnifera,Ashwagandha,Solanaceae,Withanine,Kaempferol,Withanolide A,Sitoindoside VIII,1.6143,3.6799,0.8154,3.1032,0.307,"Bhopal, Madhya Pradesh",23.7282,79.0488,340.2,2011,1,HPLC-MS,18.9,682.9,6.29,84.9,26.2,141.7,32186639,2011
127,Withania somnifera,Ashwagandha,Solanaceae,Withanine,Catechin,Withaferin A,Sitoindoside VIII,1.9589,3.9491,1.0269,2.6885,0.303,"Bhopal, Madhya Pradesh",23.2585,78.2874,508.4,2011,10,HPLC-MS,24.6,1044.6,7.08,88.5,27.6,151.0,32616043,2009
128,Withania somnifera,Ashwagandha,Solanaceae,Withanine,Catechin,Withanolide A,Sitoindoside VIII,2.059,3.5987,1.2572,2.4017,0.122,"Bhopal, Madhya Pradesh",23.6332,78.3797,422.3,2012,4,HPLC,26.6,1156.2,6.51,95.1,20.5,201.1,32352146,2011
129,Withania somnifera,Ashwagandha,Solanaceae,Withanine,Kaempferol,Withanolide A,Sitoindoside VIII,2.3101,4.94,1.2855,2.5331,0.318,"Bhopal, Madhya Pradesh",23.1738,77.6743,501.0,2019,9,HPLC,25.8,1266.9,7.14,77.3,14.0,197.3,32512919,2017
130,Withania somnifera,Ashwagandha,Solanaceae,Isopelletierine,Kaempferol,Withanolide A,Sitoindoside VII,1.1873,3.2652,1.178,3.1961,0.392,"Bhopal, Madhya Pradesh",23.9267,77.7509,489.2,2013,1,HPLC-MS,21.0,473.5,7.12,78.0,18.1,185.0,32206579,2012
131,Withania somnifera,Ashwagandha,Solanaceae,Isopelletierine,Catechin,Withaferin A,Sitoindoside VII,2.5688,4.5725,1.3067,2.236,0.381,"Bhopal, Madhya Pradesh",23.3732,78.203,409.8,2017,6,HPLC-MS,30.1,1538.9,7.03,95.5,28.4,179.9,32421700,2016
132,Withania somnifera,Ashwagandha,Solanaceae,Isopelletierine,Catechin,Withaferin A,Sitoindoside VII,2.1195,4.7482,1.4045,2.9282,0.224,"Bhopal, Madhya Pradesh",23.9333,77.9819,484.1,2008,8,GC-MS,30.7,1555.2,6.95,90.6,20.0,166.8,32340976,2006
133,Withania somnifera,Ashwagandha,Solanaceae,Isopelletierine,Catechin,Withaferin A,Sitoindoside VIII,2.0849,4.633,1.4921,2.6029,0.374,"Bhopal, Madhya Pradesh",23.708,77.8824,529.5,2011,8,HPLC-MS,30.3,1489.4,6.83,82.0,17.5,155.5,32259276,2011
134,Withania somnifera,Ashwagandha,Solanaceae,Withanine,Kaempferol,Withaferin A,Sitoindoside VIII,2.2627,4.4048,1.3506,2.0151,0.172,"Bhopal, Madhya Pradesh",23.7844,77.8703,437.8,2019,7,GC-MS,30.2,1620.2,7.14,107.4,18.2,153.5,32244729,2018
135,Withania somnifera,Ashwagandha,Solanaceae,Isopelletierine,Kaempferol,Withanolide A,Sitoindoside VII,2.5148,3.7904,0.8779,3.0168,0.357,"Bhopal, Madhya Pradesh",23.9541,77.816,401.8,2021,12,GC-MS,23.2,750.8,6.59,110.5,20.6,196.0,32287902,2020
136,Withania somnifera,Ashwagandha,Solanaceae,Withanine,Catechin,Withaferin A,Sitoindoside VII,2.0661,5.0292,1.6463,2.9068,0.333,"Pune, Maharashtra",18.2831,73.5785,745.5,2014,9,HPTLC,29.7,2222.5,6.16,89.0,27.1,205.4,26293966,2014
137,Withania somnifera,Ashwagandha,Solanaceae,Isopelletierine,Kaempferol,Withaferin A,Sitoindoside VII,2.3565,4.5436,1.2903,2.0181,0.368,"Pune, Maharashtra",18.4019,73.3629,589.0,2017,10,UV-Vis Spectroscopy,26.7,1451.3,6.71,99.7,32.5,183.3,26237832,2017
138,Withania somnifera,Ashwagandha,Solanaceae,Somniferine,Catechin,Withaferin A,Sitoindoside VIII,1.8039,3.683,0.7072,2.8726,0.395,"Pune, Maharashtra",18.6747,73.5627,665.0,2011,1,HPLC,19.5,642.9,6.64,83.8,13.4,225.5,26592926,2009
139,Withania somnifera,Ashwagandha,Solanaceae,Somniferine,Kaempferol,Withanolide A,Sitoindoside VII,2.0722,3.3222,1.2239,2.7368,0.43,"Pune, Maharashtra",18.271,73.8614,668.3,2010,11,HPLC-MS,23.2,991.2,6.59,109.7,20.7,222.1,26456236,2009
140,Withania somnifera,Ashwagandha,Solanaceae,Withanine,Kaempferol,Withanolide A,Sitoindoside VII,2.2341,3.7533,1.4973,2.6168,0.374,"Pune, Maharashtra",19.0158,73.7063,422.6,2017,4,GC-MS,23.5,1893.6,6.36,99.6,18.6,182.0,26400202,2015
141,Withania somnifera,Ashwagandha,Solanaceae,Withanine,Catechin,Withaferin A,Sitoindoside VII,2.5051,4.3081,1.3351,2.2413,0.24,"Pune, Maharashtra",18.4006,73.6663,491.5,2014,7,GC-MS,29.8,2494.3,6.24,94.1,24.8,211.2,26293194,2012
142,Withania somnifera,Ashwagandha,Solanaceae,Somniferine,Kaempferol,Withanolide A,Sitoindoside VIII,1.5897,3.9636,1.102,3.5382,0.166,"Pune, Maharashtra",18.1724,74.2843,610.6,2021,12,HPLC,22.3,1204.1,7.12,86.4,24.4,181.5,26603054,2020
143,Withania somnifera,Ashwagandha,Solanaceae,Withanine,Catechin,Withaferin A,Sitoindoside VIII,2.573,3.8768,0.6671,3.0923,0.448,"Pune, Maharashtra",18.4157,73.9775,522.0,2008,2,HPLC-MS,21.2,1531.7,6.63,83.5,19.2,220.4,26632528,2008
144,Withania somnifera,Ashwagandha,Solanaceae,Isopelletierine,Catechin,Withanolide A,Sitoindoside VII,2.2607,3.7096,1.2175,3.0597,0.375,"Pune, Maharashtra",18.8166,74.0147,821.9,2017,1,GC-MS,22.1,979.5,6.61,99.5,16.9,200.6,26270162,2015
145,Withania somnifera,Ashwagandha,Solanaceae,Isopelletierine,Kaempferol,Withaferin A,Sitoindoside VIII,2.0673,4.454,1.3447,3.1191,0.292,"Pune, Maharashtra",18.5842,74.3776,637.2,2020,9,UV-Vis Spectroscopy,29.1,1570.2,6.44,97.1,29.2,206.7,26573373,2019
146,Withania somnifera,Ashwagandha,Solanaceae,Isopelletierine,Kaempferol,Withanolide A,Sitoindoside VII,2.3459,4.031,0.8289,2.5457,0.252,"Pune, Maharashtra",18.3628,74.0216,525.1,2019,12,GC-MS,22.2,1101.0,6.74,65.0,18.2,198.1,26616765,2017
147,Withania somnifera,Ashwagandha,Solanaceae,Withanine,Catechin,Withanolide A,Sitoindoside VIII,2.4422,4.2738,1.411,2.8384,0.456,"Pune, Maharashtra",18.5947,73.9417,744.6,2006,8,UV-Vis Spectroscopy,28.2,2097.1,6.52,105.5,29.3,214.1,26357862,2005
148,Withania somnifera,Ashwagandha,Solanaceae,Isopelletierine,Kaempferol,Withaferin A,Sitoindoside VIII,1.9736,3.2626,1.0453,2.1638,0.303,"Ahmedabad, Gujarat",23.4579,72.7068,60.9,2007,5,GC-MS,30.7,667.2,8.06,83.3,17.5,135.7,32084285,2006
149,Withania somnifera,Ashwagandha,Solanaceae,Isopelletierine,Catechin,Withaferin A,Sitoindoside VIII,2.3907,4.5744,1.141,2.618,0.38,"Ahmedabad, Gujarat",22.7277,73.0558,75.5,2021,6,HPLC-MS,32.9,874.4,7.66,60.2,21.7,185.9,32103365,2020
150,Withania somnifera,Ashwagandha,Solanaceae,Isopelletierine,Catechin,Withaferin A,Sitoindoside VII,2.1101,4.0146,1.2705,2.4646,0.5,"Ahmedabad, Gujarat",23.1585,72.2974,10.0,2005,5,UV-Vis Spectroscopy,29.0,678.0,7.34,70.8,11.8,183.3,32509079,2005
151,Withania somnifera,Ashwagandha,Solanaceae,Isopelletierine,Catechin,Withaferin A,Sitoindoside VII,2.2924,3.2026,1.1877,3.3191,0.475,"Ahmedabad, Gujarat",23.3484,72.3566,68.4,2017,11,HPLC,25.0,372.5,7.43,69.5,17.3,166.7,32494635,2015
152,Withania somnifera,Ashwagandha,Solanaceae,Isopelletierine,Catechin,Withanolide A,Sitoindoside VII,2.0147,4.8087,1.5069,2.301,0.36,"Ahmedabad, Gujarat",23.1889,72.0746,10.0,2023,9,HPLC-MS,29.8,612.4,7.77,84.0,19.2,138.6,32361734,2022
153,Withania somnifera,Ashwagandha,Solanaceae,Somniferine,Kaempferol,Withaferin A,Sitoindoside VII,1.9546,3.8022,1.062,2.6892,0.479,"Ahmedabad, Gujarat",23.1877,72.8656,20.4,2015,2,HPLC,22.9,421.3,7.39,63.8,18.8,163.6,32207170,2015
154,Withania somnifera,Ashwagandha,Solanaceae,Somniferine,Kaempferol,Withanolide A,Sitoindoside VIII,2.2755,4.5353,1.3759,2.6742,0.121,"Ahmedabad, Gujarat",23.3835,72.6507,30.0,2005,7,HPTLC,31.7,703.9,8.07,64.4,19.2,174.4,32334301,2005
155,Withania somnifera,Ashwagandha,Solanaceae,Isopelletierine,Catechin,Withaferin A,Sitoindoside VIII,2.1772,3.9172,1.2214,2.9316,0.274,"Ahmedabad, Gujarat",22.9778,72.4645,59.8,2020,11,UV-Vis Spectroscopy,23.4,459.2,7.4,68.0,19.1,142.1,32395141,2018
156,Withania somnifera,Ashwagandha,Solanaceae,Withanine,Kaempferol,Withaferin A,Sitoindoside VIII,2.0215,2.8439,1.1193,2.6646,0.419,"Ahmedabad, Gujarat",23.1364,73.091,10.0,2014,3,HPTLC,26.7,448.9,7.14,66.4,14.6,159.2,32245597,2012
157,Withania somnifera,Ashwagandha,Solanaceae,Somniferine,Catechin,Withaferin A,Sitoindoside VIII,1.6799,3.3972,0.853,3.0692,0.225,"Ahmedabad, Gujarat",22.639,72.2874,25.6,2011,12,HPLC,22.1,447.1,7.16,65.4,19.7,177.6,32242555,2010
158,Withania somnifera,Ashwagandha,Solanaceae,Somniferine,Catechin,Withanolide A,Sitoindoside VIII,1.7407,4.6855,1.5054,2.7624,0.297,"Ahmedabad, Gujarat",22.4642,72.5518,101.8,2014,9,HPTLC,28.0,707.5,7.16,63.9,21.1,119.2,32258494,2014
159,Withania somnifera,Ashwagandha,Solanaceae,Isopelletierine,Kaempferol,Withaferin A,Sitoindoside VIII,2.3541,4.2028,1.5408,2.2403,0.442,"Ahmedabad, Gujarat",23.3741,72.5814,97.6,2022,7,HPLC-MS,31.5,737.2,8.01,81.1,18.2,194.6,32159398,2021
160,Withania somnifera,Ashwagandha,Solanaceae,Withanine,Kaempferol,Withaferin A,Sitoindoside VII,2.2815,4.845,1.47,2.9541,0.201,"Tirupati, Andhra Pradesh",13.8886,78.6278,274.6,2020,6,HPTLC,34.4,1283.2,6.39,91.2,15.5,186.0,29517801,2020
161,Withania somnifera,Ashwagandha,Solanaceae,Isopelletierine,Catechin,Withanolide A,Sitoindoside VII,1.8161,4.5556,1.2002,2.6276,0.381,"Tirupati, Andhra Pradesh",14.3438,80.0802,449.4,2017,10,HPLC,28.8,848.6,7.37,72.4,21.3,128.3,29612379,2017
162,Withania somnifera,Ashwagandha,Solanaceae,Isopelletierine,Catechin,Withanolide A,Sitoindoside VIII,1.9901,4.9492,1.3535,3.1313,0.441,"Tirupati, Andhra Pradesh",13.3801,79.8116,360.7,2021,7,HPLC,32.7,1224.7,6.94,102.2,24.7,185.0,29249288,2021
163,Withania somnifera,Ashwagandha,Solanaceae,Withanine,Kaempferol,Withanolide A,Sitoindoside VIII,2.1323,3.7547,1.0263,2.5114,0.213,"Tirupati, Andhra Pradesh",13.7948,79.6272,235.2,2016,1,HPLC,21.3,502.2,7.03,90.6,26.8,208.2,29231666,2016
164,Withania somnifera,Ashwagandha,Solanaceae,Somniferine,Catechin,Withaferin A,Sitoindoside VIII,1.738,3.6248,1.1882,3.3007,0.132,"Tirupati, Andhra Pradesh",13.2828,78.898,234.3,2023,2,UV-Vis Spectroscopy,24.4,565.1,7.21,62.5,13.1,192.9,29153485,2022
165,Withania somnifera,Ashwagandha,Solanaceae,Somniferine,Catechin,Withanolide A,Sitoindoside VIII,1.9376,4.299,1.0384,2.6298,0.403,"Tirupati, Andhra Pradesh",13.1082,79.2823,399.7,2016,8,HPLC,31.6,1107.9,7.21,74.3,16.8,186.0,29235055,2014
166,Withania somnifera,Ashwagandha,Solanaceae,Somniferine,Catechin,Withaferin A,Sitoindoside VII,2.0217,3.2713,1.2003,2.957,0.373,"Tirupati, Andhra Pradesh",13.8176,79.5906,188.3,2019,2,HPLC-MS,23.1,633.3,6.76,92.1,15.9,163.6,29483339,2018
167,Withania somnifera,Ashwagandha,Solanaceae,Withanine,Catechin,Withanolide A,Sitoindoside VIII,1.2152,3.1177,0.923,2.836,0.334,"Tirupati, Andhra Pradesh",13.8327,79.8116,119.4,2010,1,HPTLC,25.1,494.3,6.92,102.8,20.1,197.9,29148453,2010
168,Withania somnifera,Ashwagandha,Solanaceae,Isopelletierine,Catechin,Withaferin A,Sitoindoside VII,1.3523,3.3565,1.2004,2.7423,0.158,"Tirupati, Andhra Pradesh",13.6505,79.4967,277.7,2006,1,GC-MS,24.3,626.7,6.89,85.7,20.5,177.6,29473314,2005
169,Withania somnifera,Ashwagandha,Solanaceae,Somniferine,Catechin,Withaferin A,Sitoindoside VII,2.146,4.0393,1.5265,2.442,0.405,"Tirupati, Andhra Pradesh",13.1485,79.4378,303.0,2014,6,HPLC,32.6,1139.2,7.13,74.1,21.1,171.6,29369849,2013
170,Withania somnifera,Ashwagandha,Solanaceae,Isopelletierine,Catechin,Withanolide A,Sitoindoside VII,1.8228,3.6415,0.9535,2.9266,0.365,"Tirupati, Andhra Pradesh",13.8506,79.1856,389.7,2007,12,GC-MS,24.2,723.6,6.99,73.8,13.3,163.8,29151573,2005
171,Withania somnifera,Ashwagandha,Solanaceae,Isopelletierine,Kaempferol,Withaferin A,Sitoindoside VIII,1.6116,4.0117,1.2401,2.9215,0.188,"Tirupati, Andhra Pradesh",13.5351,79.2109,81.5,2020,12,HPLC-MS,25.4,585.7,7.36,63.5,15.5,164.2,29321256,2020
172,Withania somnifera,Ashwagandha,Solanaceae,Somniferine,Catechin,Withaferin A,Sitoindoside VII,2.2246,4.1239,1.2303,2.7612,0.103,"Chandigarh, Punjab",30.5262,77.3353,328.1,2007,6,HPLC,27.0,788.9,6.82,77.0,16.3,155.3,34407440,2007
173,Withania somnifera,Ashwagandha,Solanaceae,Isopelletierine,Catechin,Withaferin A,Sitoindoside VIII,2.5259,4.93,1.5246,2.2488,0.276,"Chandigarh, Punjab",30.8063,76.6684,177.8,2019,8,UV-Vis Spectroscopy,28.4,746.4,7.61,83.3,23.0,178.1,34486129,2018
174,Withania somnifera,Ashwagandha,Solanaceae,Somniferine,Catechin,Withaferin A,Sitoindoside VIII,1.927,3.3441,1.3091,2.8326,0.422,"Chandigarh, Punjab",30.5083,76.6869,271.6,2015,11,HPLC-MS,21.2,410.2,6.97,77.5,21.0,194.0,34384855,2013
175,Withania somnifera,Ashwagandha,Solanaceae,Withanine,Kaempferol,Withanolide A,Sitoindoside VIII,2.1716,4.4741,1.3128,2.4372,0.21,"Chandigarh, Punjab",30.5562,76.7125,351.8,2017,7,HPLC-MS,28.2,883.8,7.35,77.9,21.5,176.7,34034683,2016
176,Withania somnifera,Ashwagandha,Solanaceae,Somniferine,Catechin,Withaferin A,Sitoindoside VIII,2.2556,3.8408,1.4983,2.3152,0.121,"Chandigarh, Punjab",30.7187,76.4741,366.7,2011,7,HPLC,28.1,914.9,7.86,81.8,19.0,188.1,34110787,2009
177,Withania somnifera,Ashwagandha,Solanaceae,Somniferine,Catechin,Withanolide A,Sitoindoside VII,2.1813,2.9845,0.8988,2.4721,0.357,"Chandigarh, Punjab",29.8579,76.6676,268.1,2018,4,HPLC,21.6,640.2,7.14,92.3,25.6,171.6,34321414,2016
178,Withania somnifera,Ashwagandha,Solanaceae,Isopelletierine,Kaempferol,Withaferin A,Sitoindoside VII,2.3829,4.4295,1.2343,1.7066,0.303,"Chandigarh, Punjab",30.7774,76.937,303.7,2019,4,HPLC,25.3,646.4,7.37,89.3,17.2,177.2,34335260,2019
179,Withania somnifera,Ashwagandha,Solanaceae,Somniferine,Catechin,Withanolide A,Sitoindoside VIII,2.16,4.6998,1.3386,2.3691,0.373,"Chandigarh, Punjab",30.62,77.2293,425.7,2021,7,GC-MS,27.6,923.0,7.63,87.7,28.4,156.0,33998139,2021
180,Withania somnifera,Ashwagandha,Solanaceae,Somniferine,Kaempferol,Withaferin A,Sitoindoside VII,2.145,3.549,0.9631,2.2969,0.105,"Chandigarh, Punjab",30.9984,76.2639,411.4,2010,12,HPLC,18.6,476.3,7.18,94.1,28.9,188.9,34016197,2009
181,Withania somnifera,Ashwagandha,Solanaceae,Somniferine,Kaempferol,Withaferin A,Sitoindoside VIII,2.3138,2.6873,1.0513,2.6883,0.157,"Chandigarh, Punjab",30.6743,76.6835,323.8,2005,3,HPLC-MS,21.1,416.1,7.56,97.1,15.7,178.7,34409157,2005
182,Withania somnifera,Ashwagandha,Solanaceae,Withanine,Catechin,Withanolide A,Sitoindoside VIII,2.003,3.2593,1.1029,2.5756,0.151,"Chandigarh, Punjab",30.4907,76.4807,371.8,2018,4,GC-MS,21.6,683.8,7.61,98.2,14.3,185.1,34210486,2016
183,Withania somnifera,Ashwagandha,Solanaceae,Isopelletierine,Kaempferol,Withanolide A,Sitoindoside VII,2.1395,4.4377,0.9012,2.7479,0.278,"Chandigarh, Punjab",30.705,75.8237,354.1,2012,11,UV-Vis Spectroscopy,21.0,550.2,7.4,71.2,22.9,177.5,34130280,2011
184,Withania somnifera,Ashwagandha,Solanaceae,Isopelletierine,Kaempferol,Withaferin A,Sitoindoside VIII,1.9651,3.3978,1.0465,2.5829,0.422,"Ranchi, Jharkhand",22.6276,85.6507,656.8,2007,4,GC-MS,26.9,1200.2,5.84,75.1,28.4,159.1,26525377,2007
185,Withania somnifera,Ashwagandha,Solanaceae,Isopelletierine,Kaempferol,Withanolide A,Sitoindoside VII,2.4437,4.5452,1.2206,2.8008,0.119,"Ranchi, Jharkhand",23.3854,85.2786,734.4,2019,5,HPLC,28.6,1322.6,6.41,91.4,12.5,141.9,26497547,2018
186,Withania somnifera,Ashwagandha,Solanaceae,Withanine,Kaempferol,Withaferin A,Sitoindoside VII,1.6449,4.3549,1.092,3.0806,0.433,"Ranchi, Jharkhand",23.4896,85.4441,636.5,2006,11,UV-Vis Spectroscopy,21.5,740.9,6.71,101.1,14.5,180.7,26664289,2006
187,Withania somnifera,Ashwagandha,Solanaceae,Withanine,Catechin,Withaferin A,Sitoindoside VIII,2.7263,4.2657,1.4169,2.3798,0.347,"Ranchi, Jharkhand",23.5381,85.3859,560.7,2013,7,HPLC,31.6,1605.0,6.51,66.1,24.7,175.2,26688079,2011
188,Withania somnifera,Ashwagandha,Solanaceae,Withanine,Kaempferol,Withanolide A,Sitoindoside VIII,2.0832,4.6485,1.2437,2.3297,0.117,"Ranchi, Jharkhand",23.6681,84.6506,579.9,2014,7,HPLC-MS,30.6,1707.0,6.18,73.7,27.3,214.1,26712878,2014
189,Withania somnifera,Ashwagandha,Solanaceae,Withanine,Kaempferol,Withaferin A,Sitoindoside VIII,2.0065,3.4823,1.4274,2.6558,0.417,"Ranchi, Jharkhand",23.1192,85.2516,625.3,2008,2,HPLC-MS,19.9,1049.3,6.3,74.9,21.4,199.2,26606954,2006
190,Withania somnifera,Ashwagandha,Solanaceae,Somniferine,Catechin,Withaferin A,Sitoindoside VII,2.008,3.0439,0.7497,3.2488,0.327,"Ranchi, Jharkhand",22.7572,85.2607,701.4,2011,1,HPTLC,18.5,497.9,6.58,93.2,7.5,158.4,26336881,2011
191,Withania somnifera,Ashwagandha,Solanaceae,Withanine,Catechin,Withanolide A,Sitoindoside VIII,1.8276,3.3945,1.0736,2.2878,0.166,"Ranchi, Jharkhand",23.707,84.8499,633.5,2022,12,HPLC,20.3,838.1,6.27,82.9,22.4,150.5,26660787,2021
192,Withania somnifera,Ashwagandha,Solanaceae,Somniferine,Catechin,Withanolide A,Sitoindoside VII,1.9061,5.1885,1.0803,3.1605,0.178,"Ranchi, Jharkhand",22.8969,85.26,646.9,2021,9,GC-MS,28.2,1478.4,6.44,81.9,9.1,192.8,26395799,2019
193,Withania somnifera,Ashwagandha,Solanaceae,Withanine,Catechin,Withanolide A,Sitoindoside VIII,2.1979,3.2047,1.2756,2.2468,0.48,"Ranchi, Jharkhand",23.2806,85.3264,653.6,2020,3,HPTLC,21.9,959.5,6.51,90.1,13.3,169.8,26783811,2020
194,Withania somnifera,Ashwagandha,Solanaceae,Somniferine,Catechin,Withanolide A,Sitoindoside VII,1.9142,3.9469,0.9116,3.284,0.347,"Ranchi, Jharkhand",23.3859,85.2299,574.1,2018,12,HPLC,22.4,971.0,6.11,56.8,18.2,176.7,26490477,2017
195,Withania somnifera,Ashwagandha,Solanaceae,Somniferine,Catechin,Withaferin A,Sitoindoside VIII,2.0165,4.3334,1.0301,3.0339,0.249,"Ranchi, Jharkhand",23.4712,84.9261,625.5,2016,2,GC-MS,19.5,981.4,6.58,82.5,24.5,180.2,26462731,2014
196,Azadirachta indica,Neem,Meliaceae,Nimbinine,Rutin,Salannin,Nimbidiol glycoside,1.9081,4.7155,3.2564,1.7476,0.274,"Western Ghats, Karnataka",12.9333,75.2719,957.7,2021,5,HPTLC,25.3,2808.4,5.88,93.4,27.5,150.1,23283478,2021
197,Azadirachta indica,Neem,Meliaceae,Nimbinine,Rutin,Gedunin,Nimbidiol glycoside,1.1526,3.8826,3.0492,2.423,0.327,"Western Ghats, Karnataka",12.4267,75.1996,678.3,2015,11,HPLC-MS,20.0,1348.2,5.18,138.0,34.3,197.9,23261385,2015
198,Azadirachta indica,Neem,Meliaceae,Nimbin,Quercetin,Salannin,Nimbidiol glycoside,1.0689,4.1113,3.0219,2.182,0.35,"Western Ghats, Karnataka",12.3128,75.6971,1115.6,2020,1,HPLC,18.4,1209.3,6.04,102.3,15.8,202.4,23708449,2018
199,Azadirachta indica,Neem,Meliaceae,Nimbin,Myricetin,Gedunin,Nimbidiol glycoside,1.5012,4.9899,3.7081,1.7673,0.338,"Western Ghats, Karnataka",11.843,75.8584,1141.7,2008,9,UV-Vis Spectroscopy,26.6,2936.4,5.56,135.0,27.0,231.2,23584665,2008
200,Azadirachta indica,Neem,Meliaceae,Nimbin,Myricetin,Azadirachtin,Nimbidiol glycoside,1.962,3.9199,3.5144,2.3586,0.215,"Western Ghats, Karnataka",12.3085,75.2934,978.5,2013,11,GC-MS,19.3,1829.6,5.28,101.2,31.7,223.7,23509898,2013
201,Azadirachta indica,Neem,Meliaceae,Nimbin,Rutin,Azadirachtin,Nimbidiol glycoside,1.9405,4.8048,3.3943,2.0943,0.231,"Western Ghats, Karnataka",12.6008,75.4318,785.2,2014,4,HPLC-MS,22.9,2736.0,5.5,129.4,21.0,184.4,23363935,2013
202,Azadirachta indica,Neem,Meliaceae,Nimbinine,Rutin,Azadirachtin,Nimbidiol glycoside,1.6021,5.6548,3.9801,1.8027,0.406,"Western Ghats, Karnataka",12.2898,75.4775,1047.1,2014,7,HPLC-MS,26.0,3261.7,6.07,108.6,20.8,215.3,23233580,2012
203,Azadirachta indica,Neem,Meliaceae,Nimbin,Quercetin,Gedunin,Nimbidiol glycoside,1.6626,5.4784,4.0167,1.91,0.304,"Western Ghats, Karnataka",12.6208,75.2266,912.0,2021,9,UV-Vis Spectroscopy,26.6,2635.5,5.64,115.7,37.5,215.6,23640792,2019
204,Azadirachta indica,Neem,Meliaceae,Nimbin,Rutin,Gedunin,Nimbidiol glycoside,1.6382,5.258,2.4353,2.2805,0.387,"Western Ghats, Karnataka",12.7649,75.392,804.4,2007,11,HPLC,21.3,1891.2,5.86,129.3,29.1,191.5,23303981,2005
205,Azadirachta indica,Neem,Meliaceae,Nimbin,Rutin,Azadirachtin,Nimbidiol glycoside,2.0213,5.5486,3.5669,2.3356,0.345,"Western Ghats, Karnataka",12.8575,75.4749,726.1,2015,10,UV-Vis Spectroscopy,23.4,1887.3,5.56,121.1,34.0,182.8,23415228,2013
206,Azadirachta indica,Neem,Meliaceae,Nimbin,Myricetin,Gedunin,Nimbidiol glycoside,1.8262,5.7773,3.9028,1.4232,0.452,"Western Ghats, Karnataka",12.8172,75.1762,709.5,2019,6,HPLC,29.7,3002.0,5.73,107.5,29.8,206.8,23717942,2017
207,Azadirachta indica,Neem,Meliaceae,Nimbin,Rutin,Gedunin,Nimbidiol glycoside,1.4581,5.3038,2.5212,2.2019,0.225,"Ernakulam, Kerala",10.9729,76.9924,110.9,2018,9,GC-MS,29.3,2776.7,6.02,146.8,28.1,230.2,22075787,2017
208,Azadirachta indica,Neem,Meliaceae,Nimbin,Rutin,Azadirachtin,Nimbidiol glycoside,1.3557,4.0766,2.0361,2.0581,0.144,"Ernakulam, Kerala",9.7515,76.158,154.0,2020,3,HPTLC,22.4,2044.7,5.64,138.2,30.7,214.2,22355785,2019
209,Azadirachta indica,Neem,Meliaceae,Nimbinine,Myricetin,Azadirachtin,Nimbidiol glycoside,1.4508,5.7361,2.3981,2.2527,0.139,"Ernakulam, Kerala",10.3759,76.1655,85.4,2011,10,UV-Vis Spectroscopy,24.0,2761.6,5.63,128.9,30.2,209.0,22435425,2010
210,Azadirachta indica,Neem,Meliaceae,Nimbinine,Rutin,Gedunin,Nimbidiol glycoside,1.4476,5.2929,2.5625,2.4132,0.228,"Ernakulam, Kerala",9.7869,76.0074,185.2,2019,12,HPLC-MS,20.7,1872.7,5.3,128.7,26.9,195.1,22366014,2018
211,Azadirachta indica,Neem,Meliaceae,Nimbin,Rutin,Gedunin,Nimbidiol glycoside,1.6413,5.9681,3.4902,1.9835,0.257,"Ernakulam, Kerala",10.1393,76.1348,135.8,2023,9,UV-Vis Spectroscopy,28.2,3388.3,5.36,120.3,30.4,215.9,22401371,2023
212,Azadirachta indica,Neem,Meliaceae,Nimbin,Rutin,Gedunin,Nimbidiol glycoside,1.3029,4.129,2.214,1.7431,0.204,"Ernakulam, Kerala",10.0636,75.9348,128.0,2023,2,HPLC,21.9,1555.4,5.93,130.2,34.0,246.0,22220794,2021
213,Azadirachta indica,Neem,Meliaceae,Nimbinine,Rutin,Gedunin,Nimbidiol glycoside,1.6435,5.5155,4.6428,2.118,0.428,"Ernakulam, Kerala",10.2391,76.4352,137.5,2006,7,GC-MS,31.0,3909.6,5.89,124.8,41.7,251.4,21971544,2005
214,Azadirachta indica,Neem,Meliaceae,Nimbinine,Rutin,Gedunin,Nimbidiol glycoside,1.8701,6.9945,3.8785,1.9538,0.177,"Ernakulam, Kerala",10.0632,76.867,154.1,2010,7,HPTLC,33.7,4000.0,5.65,152.4,27.8,189.7,22067400,2010
215,Azadirachta indica,Neem,Meliaceae,Nimbinine,Quercetin,Azadirachtin,Nimbidiol glycoside,1.2533,5.6648,3.1736,1.9943,0.328,"Ernakulam, Kerala",9.3395,75.6105,136.7,2017,9,HPLC,26.0,2909.8,5.84,131.7,27.1,207.9,22129470,2017
216,Azadirachta indica,Neem,Meliaceae,Nimbinine,Quercetin,Azadirachtin,Nimbidiol glycoside,1.7537,6.0246,4.6348,2.2346,0.286,"Ernakulam, Kerala",9.9353,76.7947,151.3,2022,7,HPLC,31.4,3833.8,5.61,137.3,34.0,187.8,22418044,2020
217,Azadirachta indica,Neem,Meliaceae,Nimbinine,Quercetin,Gedunin,Nimbidiol glycoside,1.2305,4.7626,2.9546,1.8166,0.121,"Ernakulam, Kerala",10.2232,76.0502,112.8,2018,12,GC-MS,23.9,2157.3,5.63,108.3,32.4,184.1,22113643,2018
218,Azadirachta indica,Neem,Meliaceae,Nimbinine,Myricetin,Azadirachtin,Nimbidiol glycoside,1.6881,5.7738,3.024,1.1653,0.201,"Jodhpur, Rajasthan",26.8147,74.0007,279.3,2012,7,HPLC,35.0,463.7,8.18,51.2,7.9,154.4,29823309,2011
219,Azadirachta indica,Neem,Meliaceae,Nimbinine,Myricetin,Gedunin,Nimbidiol glycoside,1.507,4.1251,2.5519,1.9967,0.346,"Jodhpur, Rajasthan",26.1892,73.456,406.5,2020,12,HPLC-MS,21.9,269.3,8.13,59.8,18.6,165.7,30169164,2018
220,Azadirachta indica,Neem,Meliaceae,Nimbin,Myricetin,Azadirachtin,Nimbidiol glycoside,1.7075,3.1955,3.6955,2.0627,0.399,"Jodhpur, Rajasthan",27.5973,73.1931,306.7,2020,3,HPLC-MS,26.8,274.2,8.03,58.3,13.4,157.2,29854426,2020
221,Azadirachta indica,Neem,Meliaceae,Nimbinine,Quercetin,Gedunin,Nimbidiol glycoside,1.5929,6.097,4.0205,1.6586,0.469,"Jodhpur, Rajasthan",26.6522,73.7507,360.1,2018,7,HPLC-MS,33.4,533.3,8.05,39.7,16.0,142.7,30203653,2016
222,Azadirachta indica,Neem,Meliaceae,Nimbin,Myricetin,Gedunin,Nimbidiol glycoside,1.4336,4.0142,2.5031,2.1666,0.422,"Jodhpur, Rajasthan",26.1693,73.6519,458.5,2012,3,GC-MS,24.8,288.5,7.84,42.2,11.6,141.7,30133554,2012
223,Azadirachta indica,Neem,Meliaceae,Nimbin,Rutin,Gedunin,Nimbidiol glycoside,1.639,4.0021,3.1237,1.6244,0.283,"Jodhpur, Rajasthan",26.4263,73.7585,425.7,2010,6,GC-MS,30.9,478.9,8.24,61.7,12.5,146.3,30094840,2010
224,Azadirachta indica,Neem,Meliaceae,Nimbinine,Myricetin,Azadirachtin,Nimbidiol glycoside,1.4568,4.3587,3.6702,2.3942,0.14,"Jodhpur, Rajasthan",25.9703,73.7153,309.8,2014,10,HPLC-MS,26.5,363.7,7.98,53.1,12.6,163.9,29989982,2014
225,Azadirachta indica,Neem,Meliaceae,Nimbinine,Myricetin,Salannin,Nimbidiol glycoside,1.2639,3.4843,2.5204,1.8868,0.106,"Jodhpur, Rajasthan",26.9796,73.7406,414.7,2009,3,HPLC,23.4,263.0,7.75,48.6,14.0,153.7,30205068,2008
226,Azadirachta indica,Neem,Meliaceae,Nimbin,Rutin,Salannin,Nimbidiol glycoside,1.2781,2.9197,2.5583,2.2817,0.249,"Jodhpur, Rajasthan",26.0439,73.4687,379.5,2016,2,GC-MS,23.0,281.1,7.86,64.9,8.1,153.3,30288591,2016
227,Azadirachta indica,Neem,Meliaceae,Nimbin,Myricetin,Gedunin,Nimbidiol glycoside,1.6484,3.4883,2.3976,2.115,0.153,"Jodhpur, Rajasthan",26.6995,73.2036,228.4,2021,11,HPLC,25.0,273.1,8.14,58.4,17.0,138.3,30205788,2019
228,Azadirachta indica,Neem,Meliaceae,Nimbinine,Rutin,Gedunin,Nimbidiol glycoside,1.3868,3.8803,2.3632,1.8485,0.262,"Jodhpur, Rajasthan",26.3328,73.5501,381.3,2018,11,GC-MS,25.3,297.8,8.37,47.6,18.0,138.2,29914664,2018
229,Azadirachta indica,Neem,Meliaceae,Nimbin,Rutin,Gedunin,Nimbidiol glycoside,1.5781,4.159,2.7718,1.7868,0.123,"Bhopal, Madhya Pradesh",23.6954,77.6043,523.8,2015,3,HPLC,23.1,1114.2,6.97,97.7,12.2,157.7,21874146,2013
230,Azadirachta indica,Neem,Meliaceae,Nimbinine,Rutin,Salannin,Nimbidiol glycoside,1.7096,5.6272,3.0087,1.9241,0.464,"Bhopal, Madhya Pradesh",23.2089,78.2873,465.6,2011,10,HPLC,27.5,1187.3,7.31,81.8,20.7,127.6,22046003,2009
231,Azadirachta indica,Neem,Meliaceae,Nimbin,Quercetin,Salannin,Nimbidiol glycoside,1.4491,3.872,3.0012,2.1192,0.177,"Bhopal, Madhya Pradesh",23.6857,78.4915,478.6,2008,12,HPLC,21.1,924.2,6.75,99.5,22.1,192.5,21956719,2008
232,Azadirachta indica,Neem,Meliaceae,Nimbin,Myricetin,Azadirachtin,Nimbidiol glycoside,1.8268,4.0834,2.8059,2.0748,0.109,"Bhopal, Madhya Pradesh",22.7352,77.8821,395.9,2023,12,UV-Vis Spectroscopy,19.8,671.4,6.94,87.9,13.4,178.8,21792166,2023
233,Azadirachta indica,Neem,Meliaceae,Nimbinine,Quercetin,Azadirachtin,Nimbidiol glycoside,1.3495,5.1069,2.1455,1.4092,0.332,"Bhopal, Madhya Pradesh",23.3564,78.1078,626.2,2010,11,UV-Vis Spectroscopy,21.4,847.7,7.08,69.5,33.2,197.9,22045001,2010
234,Azadirachta indica,Neem,Meliaceae,Nimbin,Quercetin,Azadirachtin,Nimbidiol glycoside,1.351,4.4372,2.1673,2.3551,0.102,"Bhopal, Madhya Pradesh",23.6714,77.7043,377.3,2005,1,HPLC,21.8,694.3,6.49,64.2,15.9,206.7,21767464,2005
235,Azadirachta indica,Neem,Meliaceae,Nimbinine,Myricetin,Azadirachtin,Nimbidiol glycoside,1.7774,5.6935,3.6232,1.8525,0.168,"Bhopal, Madhya Pradesh",23.5136,78.1675,589.2,2021,5,HPLC,26.8,1535.7,7.48,75.9,18.3,230.2,21723631,2019
236,Azadirachta indica,Neem,Meliaceae,Nimbinine,Rutin,Gedunin,Nimbidiol glycoside,0.9898,4.3214,1.3932,2.2642,0.449,"Bhopal, Madhya Pradesh",23.5026,77.5311,361.5,2013,12,HPLC,22.8,720.5,6.25,100.7,17.1,194.0,21767884,2011
237,Azadirachta indica,Neem,Meliaceae,Nimbinine,Myricetin,Salannin,Nimbidiol glycoside,1.2374,4.8028,2.6446,1.914,0.207,"Bhopal, Madhya Pradesh",23.4073,77.5247,466.2,2008,2,HPLC-MS,21.5,682.8,6.62,109.7,23.1,185.1,21770655,2007
238,Azadirachta indica,Neem,Meliaceae,Nimbinine,Myricetin,Gedunin,Nimbidiol glycoside,1.5372,6.2125,3.4098,1.3088,0.396,"Bhopal, Madhya Pradesh",23.7769,77.9084,417.7,2008,8,GC-MS,29.9,1413.9,6.83,109.1,20.6,210.3,21869751,2008
239,Azadirachta indica,Neem,Meliaceae,Nimbinine,Myricetin,Salannin,Nimbidiol glycoside,1.3883,4.921,2.5127,1.7984,0.278,"Bhopal, Madhya Pradesh",23.6526,77.8709,338.7,2014,3,HPLC,22.2,1011.7,6.34,77.3,20.6,160.3,21601460,2012
240,Azadirachta indica,Neem,Meliaceae,Nimbinine,Rutin,Salannin,Nimbidiol glycoside,1.6744,5.5416,3.5459,1.79,0.222,"Pune, Maharashtra",18.1279,74.1751,501.6,2007,8,HPLC,32.6,2235.2,6.53,101.3,29.0,179.1,25415018,2006
241,Azadirachta indica,Neem,Meliaceae,Nimbinine,Myricetin,Gedunin,Nimbidiol glycoside,1.3454,5.5985,3.0332,1.5648,0.193,"Pune, Maharashtra",18.3213,74.1202,769.9,2011,7,HPLC,30.4,2545.3,7.25,72.8,17.4,236.3,25575891,2009
242,Azadirachta indica,Neem,Meliaceae,Nimbin,Quercetin,Azadirachtin,Nimbidiol glycoside,1.8094,4.797,3.2522,1.6651,0.283,"Pune, Maharashtra",18.6647,73.2602,591.7,2013,4,GC-MS,24.3,1448.8,6.17,98.7,19.0,206.4,25565124,2013
243,Azadirachta indica,Neem,Meliaceae,Nimbinine,Quercetin,Salannin,Nimbidiol glycoside,1.1962,5.6572,3.1143,1.874,0.349,"Pune, Maharashtra",18.3423,73.8597,532.8,2023,10,GC-MS,26.3,1516.3,6.01,102.3,17.5,261.9,25670382,2022
244,Azadirachta indica,Neem,Meliaceae,Nimbin,Rutin,Azadirachtin,Nimbidiol glycoside,1.7109,4.2404,4.047,1.7319,0.13,"Pune, Maharashtra",18.4454,73.7632,453.1,2019,5,UV-Vis Spectroscopy,28.0,1768.6,6.64,63.4,25.6,202.4,25504502,2018
245,Azadirachta indica,Neem,Meliaceae,Nimbinine,Myricetin,Azadirachtin,Nimbidiol glycoside,1.6414,3.9523,2.4993,1.9628,0.21,"Pune, Maharashtra",18.3611,73.4323,627.3,2005,3,HPLC,22.6,1002.7,6.58,109.1,26.0,172.7,25813295,2005
246,Azadirachta indica,Neem,Meliaceae,Nimbinine,Myricetin,Salannin,Nimbidiol glycoside,1.6419,5.5935,3.7064,1.8695,0.198,"Pune, Maharashtra",18.5732,74.0524,584.0,2019,6,HPLC,31.9,2324.8,6.75,112.5,20.3,197.0,25768502,2018
247,Azadirachta indica,Neem,Meliaceae,Nimbinine,Rutin,Salannin,Nimbidiol glycoside,1.7811,4.633,3.761,1.6105,0.107,"Pune, Maharashtra",18.852,73.7682,565.9,2011,6,GC-MS,31.1,2328.6,6.7,76.8,18.2,182.4,25827641,2011
248,Azadirachta indica,Neem,Meliaceae,Nimbinine,Myricetin,Azadirachtin,Nimbidiol glycoside,1.5291,5.2934,3.066,1.7325,0.348,"Pune, Maharashtra",18.3543,73.8787,540.7,2018,5,GC-MS,26.8,1705.7,6.03,107.9,27.9,237.0,25731033,2018
249,Azadirachta indica,Neem,Meliaceae,Nimbin,Rutin,Gedunin,Nimbidiol glycoside,1.6351,5.3277,3.0883,2.0481,0.187,"Pune, Maharashtra",18.5075,73.6044,470.7,2010,10,GC-MS,24.2,1834.0,6.66,110.1,24.6,190.8,25525959,2008
250,Azadirachta indica,Neem,Meliaceae,Nimbinine,Rutin,Azadirachtin,Nimbidiol glycoside,1.6336,3.9718,2.5604,2.4012,0.141,"Pune, Maharashtra",18.3616,73.7007,613.3,2017,1,UV-Vis Spectroscopy,22.0,843.1,6.64,96.6,12.6,218.6,25645482,2017
251,Azadirachta indica,Neem,Meliaceae,Nimbin,Quercetin,Azadirachtin,Nimbidiol glycoside,2.0041,3.6266,2.1146,2.4593,0.15,"Ahmedabad, Gujarat",23.2071,72.6797,82.9,2017,1,HPLC-MS,21.9,280.5,7.48,63.6,23.1,170.7,30133462,2016
252,Azadirachta indica,Neem,Meliaceae,Nimbinine,Myricetin,Salannin,Nimbidiol glycoside,1.5785,4.578,2.0427,2.2369,0.443,"Ahmedabad, Gujarat",22.8969,72.2183,18.5,2008,12,UV-Vis Spectroscopy,20.6,410.8,7.48,63.4,18.8,178.9,30497837,2006
253,Azadirachta indica,Neem,Meliaceae,Nimbin,Quercetin,Gedunin,Nimbidiol glycoside,2.0662,3.473,2.2956,2.1596,0.138,"Ahmedabad, Gujarat",22.9358,72.9938,10.0,2016,3,UV-Vis Spectroscopy,24.4,380.3,7.55,78.3,17.6,150.4,30499318,2016
254,Azadirachta indica,Neem,Meliaceae,Nimbinine,Quercetin,Salannin,Nimbidiol glycoside,1.4579,5.1242,3.2974,2.323,0.204,"Ahmedabad, Gujarat",22.8044,72.8456,57.9,2020,9,HPTLC,32.1,598.5,7.44,68.4,21.1,185.8,30146782,2020
255,Azadirachta indica,Neem,Meliaceae,Nimbin,Myricetin,Salannin,Nimbidiol glycoside,1.7491,5.848,3.8958,1.7064,0.333,"Ahmedabad, Gujarat",22.9398,72.3563,73.7,2023,7,HPLC-MS,28.0,759.7,7.45,78.7,18.7,184.6,30078467,2022
256,Azadirachta indica,Neem,Meliaceae,Nimbinine,Myricetin,Salannin,Nimbidiol glycoside,1.3011,4.3447,2.1198,2.2568,0.228,"Ahmedabad, Gujarat",22.676,72.8893,68.1,2010,11,HPLC,25.8,418.7,7.68,80.4,19.7,155.9,30375939,2010
257,Azadirachta indica,Neem,Meliaceae,Nimbinine,Rutin,Salannin,Nimbidiol glycoside,1.6865,4.9794,3.5872,1.7588,0.276,"Ahmedabad, Gujarat",22.624,72.6067,36.7,2019,8,GC-MS,32.9,762.9,7.54,58.3,27.9,131.6,30285086,2019
258,Azadirachta indica,Neem,Meliaceae,Nimbinine,Myricetin,Gedunin,Nimbidiol glycoside,1.4618,4.7108,3.5963,1.6156,0.334,"Ahmedabad, Gujarat",23.1784,72.6391,14.1,2009,6,HPLC-MS,30.4,746.7,7.41,71.6,19.3,170.6,30366684,2008
259,Azadirachta indica,Neem,Meliaceae,Nimbin,Rutin,Gedunin,Nimbidiol glycoside,1.9161,4.9724,3.6199,1.5853,0.473,"Ahmedabad, Gujarat",22.5822,72.5896,10.0,2010,6,HPLC,31.0,678.5,6.6,72.2,20.9,158.0,30493341,2010
260,Azadirachta indica,Neem,Meliaceae,Nimbinine,Rutin,Gedunin,Nimbidiol glycoside,1.9169,5.8765,2.8721,1.5495,0.374,"Ahmedabad, Gujarat",22.7262,72.5029,46.0,2010,7,GC-MS,33.0,682.1,7.64,57.3,22.1,140.7,30355560,2008
261,Azadirachta indica,Neem,Meliaceae,Nimbin,Myricetin,Salannin,Nimbidiol glycoside,1.4972,4.8419,3.2255,1.6057,0.146,"Ahmedabad, Gujarat",22.7977,72.3768,17.4,2014,9,GC-MS,27.1,643.6,7.57,81.4,20.6,156.2,30548889,2014
262,Azadirachta indica,Neem,Meliaceae,Nimbinine,Rutin,Azadirachtin,Nimbidiol glycoside,1.779,4.277,3.1398,1.5782,0.26,"Tirupati, Andhra Pradesh",13.8878,79.3767,307.4,2016,4,HPLC,28.4,748.4,6.68,95.5,22.0,159.0,24996460,2015
263,Azadirachta indica,Neem,Meliaceae,Nimbin,Quercetin,Salannin,Nimbidiol glycoside,1.6232,4.8293,2.7482,1.9589,0.134,"Tirupati, Andhra Pradesh",13.6081,79.5071,129.8,2012,9,GC-MS,30.5,821.6,7.32,90.3,21.9,153.7,24887377,2012
264,Azadirachta indica,Neem,Meliaceae,Nimbinine,Rutin,Azadirachtin,Nimbidiol glycoside,1.5174,4.3082,3.4134,1.7374,0.106,"Tirupati, Andhra Pradesh",13.9964,79.7778,368.6,2006,6,UV-Vis Spectroscopy,32.8,1033.6,7.19,84.8,29.3,175.1,24913069,2005
265,Azadirachta indica,Neem,Meliaceae,Nimbin,Quercetin,Azadirachtin,Nimbidiol glycoside,1.5323,5.3434,3.6748,1.8027,0.245,"Tirupati, Andhra Pradesh",13.7311,79.433,329.0,2021,5,HPLC,31.4,1043.1,6.71,83.1,24.1,166.0,24792540,2021
266,Azadirachta indica,Neem,Meliaceae,Nimbin,Myricetin,Azadirachtin,Nimbidiol glycoside,2.3724,4.4629,3.6071,1.6659,0.196,"Tirupati, Andhra Pradesh",13.3076,79.5357,81.7,2023,5,HPLC,25.6,899.2,7.36,79.6,17.3,193.3,24588169,2022
267,Azadirachta indica,Neem,Meliaceae,Nimbinine,Quercetin,Azadirachtin,Nimbidiol glycoside,1.7472,5.1896,3.2482,2.1158,0.268,"Tirupati, Andhra Pradesh",13.5656,79.4793,285.0,2021,7,HPLC-MS,31.1,1213.8,6.42,55.4,22.7,180.1,24683522,2020
268,Azadirachta indica,Neem,Meliaceae,Nimbinine,Myricetin,Gedunin,Nimbidiol glycoside,1.6838,3.7367,3.4689,1.6687,0.297,"Tirupati, Andhra Pradesh",13.5227,79.1974,415.5,2005,5,HPLC,31.5,900.5,7.09,77.0,25.6,152.5,24640746,2005
269,Azadirachta indica,Neem,Meliaceae,Nimbin,Rutin,Gedunin,Nimbidiol glycoside,1.0479,3.9205,2.7485,2.1895,0.289,"Tirupati, Andhra Pradesh",13.4375,79.3837,321.5,2007,11,GC-MS,28.1,654.7,7.45,70.3,16.7,153.3,24591416,2005
270,Azadirachta indica,Neem,Meliaceae,Nimbinine,Myricetin,Azadirachtin,Nimbidiol glycoside,1.7693,6.2421,3.7358,1.8368,0.327,"Tirupati, Andhra Pradesh",13.5575,79.4964,252.1,2022,6,HPLC,33.1,1026.7,7.16,70.5,29.1,171.2,24579902,2020
271,Azadirachta indica,Neem,Meliaceae,Nimbinine,Myricetin,Gedunin,Nimbidiol glycoside,1.4168,4.1719,2.6815,2.0532,0.101,"Tirupati, Andhra Pradesh",13.1991,79.7037,123.8,2021,11,HPLC-MS,25.0,484.1,7.24,80.7,28.0,150.0,24948589,2019
272,Azadirachta indica,Neem,Meliaceae,Nimbinine,Rutin,Azadirachtin,Nimbidiol glycoside,1.5587,4.744,2.8102,2.3054,0.207,"Tirupati, Andhra Pradesh",13.5297,79.1134,336.9,2022,12,HPLC,23.8,634.9,7.26,70.8,18.8,185.9,24974502,2022
273,Azadirachta indica,Neem,Meliaceae,Nimbin,Rutin,Salannin,Nimbidiol glycoside,1.7221,5.3613,3.0656,1.8439,0.468,"Bhubaneswar, Odisha",21.1078,86.0481,10.0,2011,7,HPLC-MS,28.4,1990.2,5.75,88.8,27.6,201.5,27081748,2009
274,Azadirachta indica,Neem,Meliaceae,Nimbin,Myricetin,Azadirachtin,Nimbidiol glycoside,1.7835,2.8827,3.4188,2.1894,0.289,"Bhubaneswar, Odisha",20.6005,85.8294,10.0,2013,3,HPLC,21.8,1138.3,6.2,105.6,20.6,167.8,26903549,2012
275,Azadirachta indica,Neem,Meliaceae,Nimbin,Quercetin,Salannin,Nimbidiol glycoside,1.7042,5.7261,4.0666,2.0024,0.125,"Bhubaneswar, Odisha",19.8861,85.8263,90.8,2016,6,HPTLC,30.2,1799.9,6.26,109.4,27.2,209.7,27270893,2014
276,Azadirachta indica,Neem,Meliaceae,Nimbin,Rutin,Salannin,Nimbidiol glycoside,1.2134,3.7337,2.093,2.3195,0.165,"Bhubaneswar, Odisha",20.3982,85.4981,10.0,2009,1,HPLC,21.7,806.9,5.66,93.2,23.6,182.4,27220912,2009
277,Azadirachta indica,Neem,Meliaceae,Nimbin,Myricetin,Gedunin,Nimbidiol glycoside,1.7361,4.8782,3.3764,1.6459,0.226,"Bhubaneswar, Odisha",20.3509,86.6532,99.4,2005,4,HPLC,26.5,1196.7,6.34,82.0,18.2,148.2,27251926,2005
278,Azadirachta indica,Neem,Meliaceae,Nimbin,Rutin,Gedunin,Nimbidiol glycoside,1.2492,4.2067,3.0599,2.4411,0.379,"Bhubaneswar, Odisha",20.2362,86.034,64.2,2021,1,UV-Vis Spectroscopy,20.9,853.9,5.84,75.8,28.3,175.4,27154154,2019
279,Azadirachta indica,Neem,Meliaceae,Nimbin,Myricetin,Azadirachtin,Nimbidiol glycoside,1.7385,6.0779,3.0118,1.9555,0.474,"Bhubaneswar, Odisha",20.4246,85.6414,10.0,2013,9,GC-MS,25.6,1585.9,6.16,100.7,19.0,186.8,27334614,2011
280,Azadirachta indica,Neem,Meliaceae,Nimbinine,Myricetin,Salannin,Nimbidiol glycoside,1.7345,6.4072,3.2476,1.7283,0.467,"Bhubaneswar, Odisha",20.9918,85.8697,90.1,2015,9,GC-MS,29.7,1665.5,6.02,116.0,19.7,209.2,27126781,2013
281,Azadirachta indica,Neem,Meliaceae,Nimbinine,Quercetin,Salannin,Nimbidiol glycoside,1.2194,3.7093,2.3532,2.065,0.302,"Bhubaneswar, Odisha",20.8196,85.1649,63.8,2020,1,HPLC,23.0,862.0,6.63,94.2,19.2,205.8,27259551,2018
282,Azadirachta indica,Neem,Meliaceae,Nimbin,Rutin,Azadirachtin,Nimbidiol glycoside,1.432,4.2892,2.6644,2.3278,0.45,"Bhubaneswar, Odisha",20.0754,85.7938,59.5,2007,2,HPTLC,21.0,668.5,5.77,105.7,28.9,198.0,27188807,2005
283,Azadirachta indica,Neem,Meliaceae,Nimbin,Myricetin,Azadirachtin,Nimbidiol glycoside,1.6104,5.7457,3.4943,1.9625,0.295,"Bhubaneswar, Odisha",20.6092,86.1009,84.1,2018,7,GC-MS,29.1,1784.0,6.59,104.2,13.2,185.0,27194440,2017
284,Azadirachta indica,Neem,Meliaceae,Nimbin,Myricetin,Azadirachtin,Nimbidiol glycoside,1.8871,5.6074,3.5409,2.0734,0.488,"Ranchi, Jharkhand",23.0278,85.5674,684.1,2021,4,GC-MS,23.7,1249.7,6.62,85.1,30.3,190.9,26355433,2019
285,Azadirachta indica,Neem,Meliaceae,Nimbin,Quercetin,Salannin,Nimbidiol glycoside,1.4454,3.66,2.8954,2.117,0.212,"Ranchi, Jharkhand",23.2517,85.1654,744.3,2021,1,HPLC,20.0,502.7,6.45,71.4,17.8,172.8,26320565,2021
286,Azadirachta indica,Neem,Meliaceae,Nimbinine,Rutin,Azadirachtin,Nimbidiol glycoside,1.349,3.6928,2.9101,2.006,0.392,"Ranchi, Jharkhand",23.1011,85.5147,633.5,2020,1,HPTLC,20.6,767.3,5.73,88.6,22.4,192.6,26437659,2020
287,Azadirachta indica,Neem,Meliaceae,Nimbin,Myricetin,Gedunin,Nimbidiol glycoside,1.2343,4.7418,2.1123,2.1322,0.234,"Ranchi, Jharkhand",23.2483,85.387,721.4,2013,11,HPLC,21.9,923.0,6.14,97.0,21.6,223.5,26593536,2011
288,Azadirachta indica,Neem,Meliaceae,Nimbinine,Rutin,Salannin,Nimbidiol glycoside,1.4492,3.7633,2.073,2.2807,0.131,"Ranchi, Jharkhand",23.0988,86.0954,698.8,2007,2,HPLC,21.6,744.3,6.71,105.6,28.4,159.7,26306250,2007
289,Azadirachta indica,Neem,Meliaceae,Nimbin,Rutin,Salannin,Nimbidiol glycoside,1.3851,4.9904,2.9503,1.6633,0.4,"Ranchi, Jharkhand",23.488,85.398,590.9,2007,9,GC-MS,25.4,1489.1,6.28,88.1,25.4,139.5,26409525,2007
290,Azadirachta indica,Neem,Meliaceae,Nimbin,Rutin,Gedunin,Nimbidiol glycoside,1.4559,4.1745,2.8239,2.2174,0.123,"Ranchi, Jharkhand",23.2062,85.1542,623.8,2016,11,HPLC,24.0,1256.0,5.69,102.8,20.5,205.8,26703343,2016
291,Azadirachta indica,Neem,Meliaceae,Nimbin,Rutin,Salannin,Nimbidiol glycoside,1.6872,5.0544,3.0758,2.3597,0.31,"Ranchi, Jharkhand",23.4564,85.9347,722.3,2019,10,HPTLC,27.6,1073.9,5.91,113.7,21.7,192.0,26780695,2019
292,Azadirachta indica,Neem,Meliaceae,Nimbinine,Myricetin,Salannin,Nimbidiol glycoside,1.6816,5.4737,2.7004,1.9279,0.228,"Ranchi, Jharkhand",23.1114,84.9107,740.2,2013,10,HPLC-MS,27.4,1116.0,6.19,105.5,18.5,188.2,26684304,2011
293,Azadirachta indica,Neem,Meliaceae,Nimbinine,Myricetin,Gedunin,Nimbidiol glycoside,1.8087,5.3471,3.0502,1.4298,0.193,"Ranchi, Jharkhand",23.2263,85.1084,528.0,2006,5,HPLC,30.5,1465.2,6.29,78.8,25.8,164.8,26457060,2006
294,Azadirachta indica,Neem,Meliaceae,Nimbinine,Rutin,Salannin,Nimbidiol glycoside,1.1346,4.6079,2.2834,2.2552,0.221,"Ranchi, Jharkhand",23.5672,85.2071,708.8,2009,1,GC-MS,20.9,438.0,6.4,75.0,21.4,205.1,26496554,2007
295,Ocimum sanctum,Tulsi,Lamiaceae,Rosmarinic acid,Orientin,Ursolic acid,Ocimumosides A,1.1769,5.2156,1.6731,1.1503,0.107,"Western Ghats, Karnataka",12.8968,75.4493,965.9,2008,12,HPLC-MS,20.8,1711.8,5.21,123.4,26.3,183.6,20824331,2007
296,Ocimum sanctum,Tulsi,Lamiaceae,Rosmarinic acid,Vicenin,Eugenol,Ocimumosides A,1.6185,7.1725,2.5088,1.1394,0.497,"Western Ghats, Karnataka",12.8701,75.8389,981.4,2019,4,GC-MS,22.3,2154.8,5.87,131.8,19.4,196.3,20677054,2017
297,Ocimum sanctum,Tulsi,Lamiaceae,Rosmarinic acid,Apigenin,Ursolic acid,Ocimumosides A,1.2877,8.5694,2.5757,0.9348,0.341,"Western Ghats, Karnataka",12.0171,75.2908,586.9,2011,8,GC-MS,29.1,3160.3,5.86,110.7,22.5,189.7,20718853,2010
298,Ocimum sanctum,Tulsi,Lamiaceae,Rosmarinic acid,Apigenin,Eugenol,Ocimumosides A,1.338,6.2165,1.4483,1.0043,0.375,"Western Ghats, Karnataka",12.4009,75.3712,1026.8,2009,2,HPLC-MS,18.1,1585.0,5.95,94.4,17.3,213.5,20916610,2009
299,Ocimum sanctum,Tulsi,Lamiaceae,Rosmarinic acid,Vicenin,Carvacrol,Ocimumosides A,1.3604,6.5811,1.9381,1.1718,0.473,"Western Ghats, Karnataka",12.2372,75.2427,1321.6,2007,11,HPLC-MS,23.2,1950.6,5.66,104.7,26.3,221.0,20907521,2006
300,Ocimum sanctum,Tulsi,Lamiaceae,Rosmarinic acid,Cirsilineol,Eugenol,Ocimumosides A,1.1059,4.3095,2.1276,1.0849,0.388,"Western Ghats, Karnataka",12.6969,75.7259,1114.3,2022,2,HPTLC,19.7,1342.7,5.73,114.6,17.1,180.0,20646791,2022
301,Ocimum sanctum,Tulsi,Lamiaceae,Rosmarinic acid,Apigenin,Eugenol,Ocimumosides A,1.5912,5.8874,2.8283,0.8263,0.301,"Western Ghats, Karnataka",12.5298,76.0049,1139.7,2008,6,UV-Vis Spectroscopy,27.6,3369.3,5.06,125.5,23.7,187.4,20863697,2008
302,Ocimum sanctum,Tulsi,Lamiaceae,Rosmarinic acid,Orientin,Ursolic acid,Ocimumosides A,1.4258,8.7362,2.6498,1.2615,0.402,"Western Ghats, Karnataka",12.3808,75.5624,805.4,2006,8,HPLC,28.1,2640.7,5.48,104.0,30.8,202.3,20721737,2005
303,Ocimum sanctum,Tulsi,Lamiaceae,Rosmarinic acid,Cirsilineol,Carvacrol,Ocimumosides A,1.3142,5.9897,2.4536,1.0353,0.265,"Western Ghats, Karnataka",12.1992,75.4871,987.3,2022,9,UV-Vis Spectroscopy,26.1,2530.8,5.31,121.3,23.3,213.8,20775649,2021
304,Ocimum sanctum,Tulsi,Lamiaceae,Rosmarinic acid,Vicenin,Eugenol,Ocimumosides A,1.0126,6.4265,2.0481,1.2528,0.403,"Western Ghats, Karnataka",12.2138,75.596,668.6,2008,11,HPLC,21.3,1685.5,5.9,132.1,17.9,221.7,20628087,2007
305,Ocimum sanctum,Tulsi,Lamiaceae,Rosmarinic acid,Cirsilineol,Ursolic acid,Ocimumosides A,1.0179,5.1954,2.2735,1.4429,0.313,"Western Ghats, Karnataka",12.7376,75.0034,917.6,2019,1,HPLC,19.0,1229.2,5.62,125.0,23.5,147.6,20665376,2019
306,Ocimum sanctum,Tulsi,Lamiaceae,Rosmarinic acid,Cirsilineol,Eugenol,Ocimumosides A,1.1585,5.5346,2.3107,0.9076,0.431,"Ernakulam, Kerala",10.1352,76.4586,114.2,2019,2,HPLC,21.6,1709.5,5.38,142.3,28.1,261.7,31865627,2018
307,Ocimum sanctum,Tulsi,Lamiaceae,Rosmarinic acid,Cirsilineol,Carvacrol,Ocimumosides A,1.6247,7.868,2.8289,0.8444,0.183,"Ernakulam, Kerala",10.0496,75.8854,95.8,2012,6,GC-MS,32.6,3479.4,5.26,151.6,34.3,215.0,32144307,2011
308,Ocimum sanctum,Tulsi,Lamiaceae,Rosmarinic acid,Cirsilineol,Ursolic acid,Ocimumosides A,1.5061,7.3502,2.1811,1.4468,0.101,"Ernakulam, Kerala",9.5491,76.526,89.3,2011,10,GC-MS,27.0,2251.3,5.39,136.5,28.9,207.1,32073984,2011
309,Ocimum sanctum,Tulsi,Lamiaceae,Rosmarinic acid,Cirsilineol,Carvacrol,Ocimumosides A,1.3456,5.9153,1.6645,1.1701,0.285,"Ernakulam, Kerala",10.2275,75.898,175.3,2022,12,GC-MS,22.5,2005.0,5.04,125.4,30.0,240.6,32182853,2021
310,Ocimum sanctum,Tulsi,Lamiaceae,Rosmarinic acid,Cirsilineol,Ursolic acid,Ocimumosides A,1.2481,5.5496,1.7513,1.2022,0.301,"Ernakulam, Kerala",10.2644,76.2657,169.4,2018,1,HPLC-MS,20.6,940.3,6.1,118.7,20.1,207.8,32177659,2018
311,Ocimum sanctum,Tulsi,Lamiaceae,Rosmarinic acid,Cirsilineol,Eugenol,Ocimumosides A,1.8165,8.4796,2.9693,0.9789,0.117,"Ernakulam, Kerala",10.0891,75.9177,162.0,2021,7,HPLC,35.1,4000.0,5.28,122.3,16.3,243.7,31803194,2021
312,Ocimum sanctum,Tulsi,Lamiaceae,Rosmarinic acid,Apigenin,Carvacrol,Ocimumosides A,0.9264,5.7742,2.2009,1.2032,0.377,"Ernakulam, Kerala",9.7347,76.4228,106.2,2012,12,UV-Vis Spectroscopy,20.5,2030.9,5.65,126.1,38.1,207.6,31947205,2010
313,Ocimum sanctum,Tulsi,Lamiaceae,Rosmarinic acid,Orientin,Carvacrol,Ocimumosides A,1.1614,8.5653,3.1296,1.2637,0.473,"Ernakulam, Kerala",10.2571,76.3454,124.7,2023,10,UV-Vis Spectroscopy,25.4,2700.8,5.45,129.5,26.1,230.6,31998192,2022
314,Ocimum sanctum,Tulsi,Lamiaceae,Rosmarinic acid,Apigenin,Eugenol,Ocimumosides A,1.6167,5.5718,2.3183,1.1828,0.384,"Ernakulam, Kerala",10.3536,76.586,161.3,2010,5,HPLC-MS,31.5,3417.3,5.4,136.5,30.4,246.4,32205875,2008
315,Ocimum sanctum,Tulsi,Lamiaceae,Rosmarinic acid,Cirsilineol,Carvacrol,Ocimumosides A,1.0623,6.7263,1.9862,1.017,0.252,"Ernakulam, Kerala",9.4955,76.2113,114.7,2016,3,HPLC,22.1,2580.8,5.3,129.3,25.4,220.1,31968427,2015
316,Ocimum sanctum,Tulsi,Lamiaceae,Rosmarinic acid,Orientin,Carvacrol,Ocimumosides A,0.9936,6.0748,1.6532,1.1714,0.201,"Ernakulam, Kerala",10.2177,77.0492,122.3,2007,11,GC-MS,26.4,1105.6,5.64,124.4,24.6,222.5,32265050,2007
317,Ocimum sanctum,Tulsi,Lamiaceae,Rosmarinic acid,Apigenin,Ursolic acid,Ocimumosides A,1.0356,8.5088,2.4951,1.3208,0.277,"Dehradun, Uttarakhand",29.7851,78.0885,627.2,2020,8,HPTLC,27.5,1916.7,6.65,115.3,22.2,220.6,24056371,2020
318,Ocimum sanctum,Tulsi,Lamiaceae,Rosmarinic acid,Orientin,Eugenol,Ocimumosides A,1.6705,7.3836,2.6372,0.9059,0.206,"Dehradun, Uttarakhand",30.7457,78.5175,529.0,2007,6,HPLC,25.9,1985.5,6.88,106.8,13.0,195.3,23939849,2005
319,Ocimum sanctum,Tulsi,Lamiaceae,Rosmarinic acid,Cirsilineol,Ursolic acid,Ocimumosides A,1.0697,6.0793,1.9151,1.1651,0.45,"Dehradun, Uttarakhand",30.2145,78.6926,523.1,2019,10,HPLC-MS,21.1,1269.0,7.02,100.8,19.0,181.0,23795256,2018
320,Ocimum sanctum,Tulsi,Lamiaceae,Rosmarinic acid,Apigenin,Ursolic acid,Ocimumosides A,1.1256,5.5962,1.8242,1.0368,0.163,"Dehradun, Uttarakhand",30.4,78.3278,609.7,2005,1,HPLC,17.9,1109.9,6.13,116.3,37.4,195.6,24293106,2005
321,Ocimum sanctum,Tulsi,Lamiaceae,Rosmarinic acid,Apigenin,Ursolic acid,Ocimumosides A,1.8212,6.073,1.9089,0.9535,0.489,"Dehradun, Uttarakhand",29.6192,78.4372,454.3,2018,4,HPLC-MS,21.5,1557.1,6.17,108.5,20.9,186.6,24000288,2018
322,Ocimum sanctum,Tulsi,Lamiaceae,Rosmarinic acid,Cirsilineol,Eugenol,Ocimumosides A,1.4821,7.1806,3.0069,1.2273,0.132,"Dehradun, Uttarakhand",30.5602,78.2193,745.8,2013,6,GC-MS,26.2,1651.2,6.1,104.7,25.0,205.2,24199915,2013
323,Ocimum sanctum,Tulsi,Lamiaceae,Rosmarinic acid,Orientin,Carvacrol,Ocimumosides A,1.3482,4.5107,2.064,1.1378,0.292,"Dehradun, Uttarakhand",30.6869,78.5107,446.3,2015,3,HPLC-MS,15.7,839.8,5.75,113.6,22.7,184.3,24279469,2014
324,Ocimum sanctum,Tulsi,Lamiaceae,Rosmarinic acid,Cirsilineol,Carvacrol,Ocimumosides A,1.185,6.0065,2.5761,1.2575,0.49,"Dehradun, Uttarakhand",30.5086,78.4626,95.5,2017,11,HPLC-MS,20.2,1299.9,6.57,99.9,9.8,203.7,23847721,2016
325,Ocimum sanctum,Tulsi,Lamiaceae,Rosmarinic acid,Apigenin,Carvacrol,Ocimumosides A,1.2995,7.9342,1.9854,1.0604,0.136,"Dehradun, Uttarakhand",30.1209,77.9977,652.7,2018,12,HPLC-MS,16.7,1029.1,6.68,96.6,27.3,169.5,23851585,2018
326,Ocimum sanctum,Tulsi,Lamiaceae,Rosmarinic acid,Orientin,Carvacrol,Ocimumosides A,1.2087,6.3247,2.0434,1.0208,0.122,"Dehradun, Uttarakhand",31.3798,77.9159,456.5,2005,5,GC-MS,25.1,1452.2,6.38,119.0,21.0,186.7,23940889,2005
327,Ocimum sanctum,Tulsi,Lamiaceae,Rosmarinic acid,Orientin,Eugenol,Ocimumosides A,1.0605,5.7441,1.5867,1.3355,0.433,"Dehradun, Uttarakhand",30.4014,78.6938,530.2,2016,1,HPLC,15.2,793.6,6.57,101.0,17.4,196.7,23965343,2016
328,Ocimum sanctum,Tulsi,Lamiaceae,Rosmarinic acid,Orientin,Carvacrol,Ocimumosides A,1.4528,7.6781,2.0452,0.7636,0.234,"Bhopal, Madhya Pradesh",23.206,78.0362,443.0,2007,6,HPLC-MS,30.8,1519.2,6.38,84.2,19.3,146.2,29133503,2005
329,Ocimum sanctum,Tulsi,Lamiaceae,Rosmarinic acid,Apigenin,Carvacrol,Ocimumosides A,1.4276,8.1079,2.4648,1.1722,0.235,"Bhopal, Madhya Pradesh",23.5113,78.3275,444.7,2014,8,GC-MS,25.5,1247.4,6.6,87.8,14.5,128.7,29311279,2014
330,Ocimum sanctum,Tulsi,Lamiaceae,Rosmarinic acid,Apigenin,Eugenol,Ocimumosides A,0.8718,4.6332,2.0231,1.1934,0.485,"Bhopal, Madhya Pradesh",23.6218,78.3266,465.7,2011,1,HPTLC,19.4,712.2,6.95,113.9,20.8,158.7,29312518,2009
331,Ocimum sanctum,Tulsi,Lamiaceae,Rosmarinic acid,Orientin,Carvacrol,Ocimumosides A,1.425,6.5204,2.4763,1.0174,0.282,"Bhopal, Madhya Pradesh",23.4796,78.4707,495.3,2005,10,HPLC,22.0,987.1,7.12,100.9,26.4,193.7,29307631,2005
332,Ocimum sanctum,Tulsi,Lamiaceae,Rosmarinic acid,Cirsilineol,Carvacrol,Ocimumosides A,0.9685,6.7866,2.2281,1.1993,0.3,"Bhopal, Madhya Pradesh",23.0618,77.8347,449.3,2012,10,HPTLC,24.2,1168.3,6.9,95.4,27.6,169.9,29210283,2011
333,Ocimum sanctum,Tulsi,Lamiaceae,Rosmarinic acid,Vicenin,Ursolic acid,Ocimumosides A,1.3487,5.8566,2.1163,0.897,0.473,"Bhopal, Madhya Pradesh",23.53,78.3471,512.2,2017,4,HPLC-MS,23.3,1231.5,6.84,100.2,26.1,186.8,29092253,2015
334,Ocimum sanctum,Tulsi,Lamiaceae,Rosmarinic acid,Vicenin,Eugenol,Ocimumosides A,1.413,5.0013,2.1076,1.096,0.184,"Bhopal, Madhya Pradesh",23.542,78.6915,434.2,2005,3,HPLC,22.6,742.6,6.55,111.1,20.8,214.9,29464748,2005
335,Ocimum sanctum,Tulsi,Lamiaceae,Rosmarinic acid,Orientin,Carvacrol,Ocimumosides A,1.4958,4.6437,1.8254,1.0464,0.444,"Bhopal, Madhya Pradesh",23.7816,77.6331,473.0,2005,2,HPLC,18.8,758.1,6.87,95.0,21.5,188.4,29186226,2005
336,Ocimum sanctum,Tulsi,Lamiaceae,Rosmarinic acid,Orientin,Eugenol,Ocimumosides A,0.8803,5.9774,1.7643,1.1174,0.11,"Bhopal, Madhya Pradesh",23.5438,77.6467,467.0,2007,1,HPLC-MS,23.3,677.2,6.76,101.6,21.2,188.0,29244144,2005
337,Ocimum sanctum,Tulsi,Lamiaceae,Rosmarinic acid,Vicenin,Carvacrol,Ocimumosides A,1.5852,7.7923,2.5795,0.919,0.411,"Bhopal, Madhya Pradesh",22.9103,77.8239,327.5,2021,7,UV-Vis Spectroscopy,29.4,1554.6,6.49,102.6,23.5,206.1,29486384,2019
338,Ocimum sanctum,Tulsi,Lamiaceae,Rosmarinic acid,Cirsilineol,Carvacrol,Ocimumosides A,2.0619,7.0022,2.4565,1.0914,0.137,"Bhopal, Madhya Pradesh",23.6459,77.3277,450.4,2023,5,HPLC-MS,28.6,1343.9,7.16,81.7,25.0,183.2,28998721,2021
339,Ocimum sanctum,Tulsi,Lamiaceae,Rosmarinic acid,Vicenin,Carvacrol,Ocimumosides A,1.0438,6.7929,2.3156,1.0403,0.378,"Pune, Maharashtra",18.7285,74.0978,487.5,2005,10,UV-Vis Spectroscopy,24.4,1484.9,6.63,102.5,26.8,197.8,27167941,2005
340,Ocimum sanctum,Tulsi,Lamiaceae,Rosmarinic acid,Vicenin,Carvacrol,Ocimumosides A,1.3339,4.9037,2.2313,1.0663,0.473,"Pune, Maharashtra",18.5887,73.6703,710.9,2008,3,GC-MS,22.5,962.3,6.68,80.5,18.0,208.7,26806457,2008
341,Ocimum sanctum,Tulsi,Lamiaceae,Rosmarinic acid,Vicenin,Ursolic acid,Ocimumosides A,0.8387,5.9235,1.6446,1.5401,0.341,"Pune, Maharashtra",18.9939,74.6125,670.6,2023,12,HPLC,22.0,883.0,6.58,90.1,24.0,181.2,27092935,2023
342,Ocimum sanctum,Tulsi,Lamiaceae,Rosmarinic acid,Cirsilineol,Carvacrol,Ocimumosides A,1.707,7.953,2.7885,1.0206,0.352,"Pune, Maharashtra",18.7424,73.7616,603.6,2020,8,HPLC,31.4,2251.1,6.94,101.7,24.2,220.0,26774840,2018
343,Ocimum sanctum,Tulsi,Lamiaceae,Rosmarinic acid,Cirsilineol,Eugenol,Ocimumosides A,1.5829,6.4076,2.1866,1.0719,0.442,"Pune, Maharashtra",18.381,74.3243,618.5,2008,9,GC-MS,29.4,1697.3,6.77,90.7,14.1,200.0,27212113,2007
344,Ocimum sanctum,Tulsi,Lamiaceae,Rosmarinic acid,Cirsilineol,Eugenol,Ocimumosides A,1.7746,6.9527,1.6874,0.8342,0.476,"Pune, Maharashtra",18.6546,73.5545,656.8,2005,8,HPLC,33.3,2133.4,6.2,81.6,28.1,200.5,27177641,2005
345,Ocimum sanctum,Tulsi,Lamiaceae,Rosmarinic acid,Orientin,Ursolic acid,Ocimumosides A,1.4185,7.5187,2.252,1.1746,0.327,"Pune, Maharashtra",18.543,74.1115,474.9,2011,7,UV-Vis Spectroscopy,28.7,2274.5,7.01,108.5,12.4,173.1,27100476,2011
346,Ocimum sanctum,Tulsi,Lamiaceae,Rosmarinic acid,Orientin,Eugenol,Ocimumosides A,1.415,6.5285,2.0223,0.8215,0.264,"Pune, Maharashtra",18.763,73.6319,589.8,2006,8,GC-MS,31.0,2439.4,6.49,115.3,27.4,178.5,27043929,2005
347,Ocimum sanctum,Tulsi,Lamiaceae,Rosmarinic acid,Vicenin,Carvacrol,Ocimumosides A,1.3718,4.411,1.8711,0.9934,0.305,"Pune, Maharashtra",17.936,74.2819,484.9,2022,2,HPLC,21.0,1341.7,6.65,90.4,27.8,219.4,27063368,2022
348,Ocimum sanctum,Tulsi,Lamiaceae,Rosmarinic acid,Orientin,Carvacrol,Ocimumosides A,1.411,6.3396,2.0396,1.181,0.188,"Pune, Maharashtra",17.9588,73.7722,885.1,2007,11,GC-MS,23.5,1422.8,6.87,103.3,20.2,196.3,27253336,2007
349,Ocimum sanctum,Tulsi,Lamiaceae,Rosmarinic acid,Cirsilineol,Ursolic acid,Ocimumosides A,1.3601,8.2812,1.9852,1.1874,0.226,"Pune, Maharashtra",18.7488,73.6605,629.1,2019,11,HPLC-MS,23.0,1516.9,6.76,122.0,18.5,227.3,27127269,2017
350,Ocimum sanctum,Tulsi,Lamiaceae,Rosmarinic acid,Cirsilineol,Ursolic acid,Ocimumosides A,1.9584,8.2098,2.5019,0.7922,0.166,"Jorhat, Assam",26.4657,93.9566,113.7,2019,8,HPLC,27.9,2635.7,5.15,126.9,18.9,193.2,27741533,2019
351,Ocimum sanctum,Tulsi,Lamiaceae,Rosmarinic acid,Orientin,Carvacrol,Ocimumosides A,1.3953,4.7156,1.8232,1.4592,0.113,"Jorhat, Assam",26.449,94.1006,170.8,2023,2,HPLC,19.8,1206.1,5.04,110.9,29.8,229.3,28176593,2022
352,Ocimum sanctum,Tulsi,Lamiaceae,Rosmarinic acid,Vicenin,Eugenol,Ocimumosides A,1.6492,5.9826,2.3985,0.8456,0.281,"Jorhat, Assam",26.5198,94.4731,90.8,2023,5,HPLC,23.7,2390.5,5.03,112.2,29.6,230.4,27753907,2023
353,Ocimum sanctum,Tulsi,Lamiaceae,Rosmarinic acid,Apigenin,Eugenol,Ocimumosides A,1.187,7.0426,2.3628,0.9484,0.116,"Jorhat, Assam",26.9017,94.3309,40.5,2016,11,HPLC,21.5,1430.3,4.9,99.6,21.6,227.6,27941622,2014
354,Ocimum sanctum,Tulsi,Lamiaceae,Rosmarinic acid,Apigenin,Carvacrol,Ocimumosides A,1.6796,5.8519,2.1158,1.2084,0.43,"Jorhat, Assam",27.0435,94.1445,160.6,2017,4,UV-Vis Spectroscopy,24.0,1717.5,4.95,128.5,20.9,254.1,28008610,2016
355,Ocimum sanctum,Tulsi,Lamiaceae,Rosmarinic acid,Cirsilineol,Eugenol,Ocimumosides A,1.2846,5.1323,2.6102,1.1478,0.276,"Jorhat, Assam",26.7916,93.7358,73.1,2022,3,HPLC,22.2,1491.8,4.91,108.6,25.4,223.8,28022460,2020
356,Ocimum sanctum,Tulsi,Lamiaceae,Rosmarinic acid,Vicenin,Carvacrol,Ocimumosides A,0.7807,5.5363,2.5276,1.0061,0.393,"Jorhat, Assam",26.5771,94.302,68.0,2016,12,HPLC,16.2,1110.6,4.97,91.0,35.5,226.4,27904022,2016
357,Ocimum sanctum,Tulsi,Lamiaceae,Rosmarinic acid,Vicenin,Ursolic acid,Ocimumosides A,1.245,7.1559,2.2997,1.4044,0.465,"Jorhat, Assam",27.0224,94.3519,131.2,2019,10,GC-MS,20.9,1902.5,4.31,100.1,22.9,204.8,28015167,2019
358,Ocimum sanctum,Tulsi,Lamiaceae,Rosmarinic acid,Cirsilineol,Ursolic acid,Ocimumosides A,1.3826,6.9193,1.871,1.2207,0.197,"Jorhat, Assam",26.3344,94.6499,72.6,2005,4,GC-MS,22.2,1928.8,5.13,125.2,24.9,181.6,27783579,2005
359,Ocimum sanctum,Tulsi,Lamiaceae,Rosmarinic acid,Vicenin,Carvacrol,Ocimumosides A,1.505,7.4406,2.6865,1.0532,0.266,"Jorhat, Assam",26.785,93.8143,144.0,2015,7,HPLC-MS,25.8,2576.0,5.28,118.9,21.5,217.2,27842942,2014
360,Ocimum sanctum,Tulsi,Lamiaceae,Rosmarinic acid,Cirsilineol,Ursolic acid,Ocimumosides A,1.7749,6.3955,2.3016,0.6891,0.121,"Jorhat, Assam",26.7205,94.064,95.2,2021,5,HPLC-MS,25.2,2498.6,5.07,90.2,27.9,192.8,27809627,2020
361,Ocimum sanctum,Tulsi,Lamiaceae,Rosmarinic acid,Vicenin,Carvacrol,Ocimumosides A,1.1318,6.6771,2.0142,1.1449,0.258,"Tirupati, Andhra Pradesh",13.4113,79.9488,351.7,2022,10,HPLC,27.3,629.5,6.96,63.4,23.5,185.7,32479712,2021
362,Ocimum sanctum,Tulsi,Lamiaceae,Rosmarinic acid,Apigenin,Carvacrol,Ocimumosides A,1.3085,7.6071,2.2382,0.9153,0.459,"Tirupati, Andhra Pradesh",13.8207,79.0705,238.1,2021,6,HPLC-MS,34.0,1008.5,7.19,59.8,22.3,167.2,32121820,2021
363,Ocimum sanctum,Tulsi,Lamiaceae,Rosmarinic acid,Apigenin,Carvacrol,Ocimumosides A,0.9733,6.0365,1.905,1.1391,0.311,"Tirupati, Andhra Pradesh",13.3634,79.812,331.8,2019,12,HPLC,22.7,575.3,7.05,74.5,21.1,154.6,32235516,2019
364,Ocimum sanctum,Tulsi,Lamiaceae,Rosmarinic acid,Vicenin,Ursolic acid,Ocimumosides A,1.3916,5.316,2.2881,1.0823,0.498,"Tirupati, Andhra Pradesh",14.0487,79.1825,267.2,2009,4,GC-MS,29.8,686.1,6.9,100.4,13.7,197.9,32112670,2009
365,Ocimum sanctum,Tulsi,Lamiaceae,Rosmarinic acid,Vicenin,Eugenol,Ocimumosides A,1.464,6.1189,2.1141,1.2188,0.11,"Tirupati, Andhra Pradesh",13.4859,79.155,298.8,2016,12,HPLC,21.5,627.9,6.5,74.4,31.2,169.5,32284796,2016
366,Ocimum sanctum,Tulsi,Lamiaceae,Rosmarinic acid,Vicenin,Eugenol,Ocimumosides A,1.3163,6.9086,2.0562,1.1975,0.292,"Tirupati, Andhra Pradesh",13.2921,79.6527,360.5,2023,11,HPLC-MS,26.5,677.3,6.38,59.3,18.3,172.0,32119761,2021
367,Ocimum sanctum,Tulsi,Lamiaceae,Rosmarinic acid,Cirsilineol,Eugenol,Ocimumosides A,1.6463,5.6532,2.126,1.0352,0.276,"Tirupati, Andhra Pradesh",13.1156,79.4256,322.9,2010,3,HPLC,24.0,568.8,6.46,40.9,25.0,138.9,32282146,2010
368,Ocimum sanctum,Tulsi,Lamiaceae,Rosmarinic acid,Cirsilineol,Ursolic acid,Ocimumosides A,1.6001,6.7088,1.9361,1.0018,0.401,"Tirupati, Andhra Pradesh",13.9471,79.3676,411.2,2010,5,HPLC-MS,30.0,1094.0,6.94,97.7,18.9,184.1,32284185,2010
369,Ocimum sanctum,Tulsi,Lamiaceae,Rosmarinic acid,Orientin,Carvacrol,Ocimumosides A,1.7037,6.5244,2.4587,1.216,0.288,"Tirupati, Andhra Pradesh",14.2429,79.2591,315.9,2016,6,GC-MS,34.1,1184.5,6.91,106.1,7.5,199.2,32267894,2014
370,Ocimum sanctum,Tulsi,Lamiaceae,Rosmarinic acid,Cirsilineol,Carvacrol,Ocimumosides A,1.3005,7.2629,2.1881,0.9766,0.415,"Tirupati, Andhra Pradesh",13.5261,79.089,204.0,2007,7,HPLC-MS,33.8,929.2,7.15,68.1,16.8,183.0,32419720,2005
371,Ocimum sanctum,Tulsi,Lamiaceae,Rosmarinic acid,Cirsilineol,Eugenol,Ocimumosides A,1.5317,4.7395,2.4092,0.9213,0.289,"Tirupati, Andhra Pradesh",13.817,79.8936,412.6,2009,5,HPLC-MS,30.3,1050.3,6.86,75.1,24.0,175.3,32402727,2009
372,Ocimum sanctum,Tulsi,Lamiaceae,Rosmarinic acid,Orientin,Eugenol,Ocimumosides A,1.3609,7.4293,2.0061,1.1246,0.204,"Bhubaneswar, Odisha",20.5138,86.025,57.0,2010,11,HPLC,22.4,1213.4,5.99,74.1,14.5,178.2,34255697,2010
373,Ocimum sanctum,Tulsi,Lamiaceae,Rosmarinic acid,Orientin,Ursolic acid,Ocimumosides A,1.5289,9.0471,2.7849,1.2967,0.224,"Bhubaneswar, Odisha",19.8369,85.9702,10.0,2019,8,GC-MS,28.9,2061.8,6.24,85.4,24.2,176.8,33975082,2017
374,Ocimum sanctum,Tulsi,Lamiaceae,Rosmarinic acid,Cirsilineol,Eugenol,Ocimumosides A,1.2188,5.8332,2.0709,1.2483,0.474,"Bhubaneswar, Odisha",20.4542,85.926,50.0,2005,12,GC-MS,21.0,653.0,6.03,93.9,18.5,189.9,34315230,2005
375,Ocimum sanctum,Tulsi,Lamiaceae,Rosmarinic acid,Cirsilineol,Eugenol,Ocimumosides A,1.5676,7.987,2.484,1.097,0.482,"Bhubaneswar, Odisha",20.1785,86.0102,10.0,2005,7,HPLC,28.2,2269.5,6.32,97.6,23.8,205.3,34256609,2005
376,Ocimum sanctum,Tulsi,Lamiaceae,Rosmarinic acid,Orientin,Eugenol,Ocimumosides A,1.6298,4.3606,1.5281,0.8613,0.171,"Bhubaneswar, Odisha",20.2544,85.7758,85.0,2009,3,HPLC-MS,25.7,1075.6,5.77,98.7,30.6,182.6,34235423,2007
377,Ocimum sanctum,Tulsi,Lamiaceae,Rosmarinic acid,Apigenin,Carvacrol,Ocimumosides A,1.3782,7.9153,2.2989,0.8189,0.215,"Bhubaneswar, Odisha",20.556,86.1707,33.7,2015,8,UV-Vis Spectroscopy,30.6,1907.7,5.25,89.0,27.0,168.8,34147039,2013
378,Ocimum sanctum,Tulsi,Lamiaceae,Rosmarinic acid,Vicenin,Carvacrol,Ocimumosides A,1.4558,7.119,2.2128,0.9204,0.207,"Bhubaneswar, Odisha",19.8262,86.0453,10.0,2013,5,HPLC,30.0,1718.7,5.86,92.3,11.1,182.4,34122471,2013
379,Ocimum sanctum,Tulsi,Lamiaceae,Rosmarinic acid,Orientin,Carvacrol,Ocimumosides A,1.6435,5.9613,1.8231,1.3069,0.127,"Bhubaneswar, Odisha",20.6563,85.4171,10.0,2022,3,HPLC,22.5,983.7,5.9,99.5,18.6,188.6,34028352,2022
380,Ocimum sanctum,Tulsi,Lamiaceae,Rosmarinic acid,Orientin,Eugenol,Ocimumosides A,1.0369,7.3208,1.7577,1.0161,0.461,"Bhubaneswar, Odisha",20.6263,85.4273,10.0,2019,10,HPLC,28.5,1331.3,6.03,95.9,32.5,180.7,34357495,2018
381,Ocimum sanctum,Tulsi,Lamiaceae,Rosmarinic acid,Vicenin,Eugenol,Ocimumosides A,1.7122,5.9359,1.6449,1.0512,0.424,"Bhubaneswar, Odisha",20.3717,85.7843,48.6,2018,5,HPLC,30.9,1656.5,6.01,107.7,23.2,173.5,33950179,2016
382,Ocimum sanctum,Tulsi,Lamiaceae,Rosmarinic acid,Cirsilineol,Carvacrol,Ocimumosides A,1.0523,6.427,1.7541,1.2691,0.145,"Bhubaneswar, Odisha",20.2215,85.7399,115.0,2019,11,HPLC-MS,25.3,1139.5,5.51,88.4,22.3,150.9,34062511,2018
383,Ocimum sanctum,Tulsi,Lamiaceae,Rosmarinic acid,Vicenin,Carvacrol,Ocimumosides A,1.632,4.6436,1.6195,1.1263,0.23,"Chandigarh, Punjab",30.4409,75.9658,308.6,2014,2,GC-MS,21.0,288.3,7.06,85.0,19.3,214.8,35042654,2012
384,Ocimum sanctum,Tulsi,Lamiaceae,Rosmarinic acid,Vicenin,Eugenol,Ocimumosides A,1.3153,4.3607,2.7367,0.8235,0.399,"Chandigarh, Punjab",30.3921,76.9127,282.5,2023,5,HPLC-MS,28.9,693.3,8.04,72.8,26.4,143.2,35304120,2022
385,Ocimum sanctum,Tulsi,Lamiaceae,Rosmarinic acid,Cirsilineol,Eugenol,Ocimumosides A,1.2587,7.5525,2.4292,1.1841,0.201,"Chandigarh, Punjab",30.4049,76.9783,325.0,2006,10,UV-Vis Spectroscopy,27.4,658.9,7.71,98.9,27.3,177.6,35013426,2005
386,Ocimum sanctum,Tulsi,Lamiaceae,Rosmarinic acid,Cirsilineol,Ursolic acid,Ocimumosides A,1.4465,6.0645,2.055,1.1623,0.411,"Chandigarh, Punjab",30.3869,76.1206,275.9,2011,12,HPLC,18.1,416.0,6.99,78.0,19.5,159.4,35287228,2010
387,Ocimum sanctum,Tulsi,Lamiaceae,Rosmarinic acid,Apigenin,Carvacrol,Ocimumosides A,1.5778,6.8762,2.321,1.0474,0.236,"Chandigarh, Punjab",30.5974,77.0974,294.2,2020,7,HPLC-MS,27.1,976.3,7.52,90.1,19.7,167.7,35339485,2020
388,Ocimum sanctum,Tulsi,Lamiaceae,Rosmarinic acid,Apigenin,Eugenol,Ocimumosides A,1.1835,5.5439,1.7663,1.0969,0.351,"Chandigarh, Punjab",30.2346,76.6812,291.1,2018,12,HPLC,21.3,389.2,7.23,79.1,13.9,131.5,35268983,2017
389,Ocimum sanctum,Tulsi,Lamiaceae,Rosmarinic acid,Apigenin,Eugenol,Ocimumosides A,1.0199,4.5927,1.6309,1.0326,0.438,"Chandigarh, Punjab",30.3171,76.444,320.0,2022,1,GC-MS,18.3,414.1,7.32,59.5,21.5,178.4,35394343,2020
390,Ocimum sanctum,Tulsi,Lamiaceae,Rosmarinic acid,Apigenin,Carvacrol,Ocimumosides A,1.243,4.5726,1.9031,0.8813,0.412,"Chandigarh, Punjab",30.7532,77.1676,255.8,2016,4,GC-MS,21.3,698.4,6.95,95.8,20.2,189.1,35351933,2015
391,Ocimum sanctum,Tulsi,Lamiaceae,Rosmarinic acid,Vicenin,Carvacrol,Ocimumosides A,1.4922,6.8729,2.362,1.0764,0.343,"Chandigarh, Punjab",30.3573,77.1048,366.4,2021,9,HPLC-MS,25.5,834.8,7.57,91.0,20.3,178.9,35101820,2019
392,Ocimum sanctum,Tulsi,Lamiaceae,Rosmarinic acid,Cirsilineol,Ursolic acid,Ocimumosides A,1.3239,7.285,2.074,0.9879,0.168,"Chandigarh, Punjab",31.3164,76.747,272.5,2012,6,GC-MS,29.2,923.3,7.37,90.9,31.3,165.7,35035654,2010
393,Ocimum sanctum,Tulsi,Lamiaceae,Rosmarinic acid,Apigenin,Ursolic acid,Ocimumosides A,1.2476,3.4074,1.9013,1.0586,0.449,"Chandigarh, Punjab",30.1054,76.9817,223.4,2008,2,HPTLC,17.6,448.0,7.41,94.4,14.0,161.8,35109450,2006
394,Zingiber officinale,Ginger,Zingiberaceae,Gingerol,Rutin,Citral,Gingerol glucoside,1.1691,4.8863,3.1142,0.7724,0.367,"Western Ghats, Karnataka",12.2132,75.2922,1016.8,2010,10,HPLC-MS,22.0,2144.7,5.95,127.9,27.2,219.8,22820914,2009
395,Zingiber officinale,Ginger,Zingiberaceae,Shogaol,Rutin,Citral,Gingerol glucoside,1.208,4.2246,2.8595,0.8034,0.45,"Western Ghats, Karnataka",12.9816,75.8672,635.7,2019,4,HPTLC,22.6,2474.4,5.41,117.6,27.2,207.1,22720502,2019
396,Zingiber officinale,Ginger,Zingiberaceae,Gingerol,Rutin,Zingiberene,Gingerol glucoside,1.2611,4.9221,3.284,0.8372,0.258,"Western Ghats, Karnataka",12.3335,75.5167,864.8,2022,10,GC-MS,23.3,2391.9,4.66,133.2,25.1,194.8,22748767,2022
397,Zingiber officinale,Ginger,Zingiberaceae,Gingerol,Quercetin,Zingiberene,Gingerol glucoside,1.0777,5.5059,4.4487,0.7191,0.323,"Western Ghats, Karnataka",12.277,75.3422,1154.3,2017,7,HPLC-MS,31.0,2903.8,5.28,129.2,28.7,244.4,23010819,2017
398,Zingiber officinale,Ginger,Zingiberaceae,Shogaol,Rutin,Zingiberene,Gingerol glucoside,0.8041,3.3789,3.0113,0.794,0.121,"Western Ghats, Karnataka",13.091,75.2645,998.6,2017,1,HPLC-MS,20.5,858.5,5.75,106.9,26.0,222.9,22716809,2015
399,Zingiber officinale,Ginger,Zingiberaceae,Shogaol,Rutin,Zingiberene,Gingerol glucoside,0.8032,4.3738,2.8601,0.875,0.438,"Western Ghats, Karnataka",12.434,75.4618,970.5,2023,3,HPLC,21.1,1795.1,5.83,122.1,15.3,221.9,22770306,2022
400,Zingiber officinale,Ginger,Zingiberaceae,Gingerol,Quercetin,beta-Bisabolene,Gingerol glucoside,1.1041,4.4841,4.1714,0.5376,0.384,"Western Ghats, Karnataka",12.37,75.2479,1087.4,2012,5,UV-Vis Spectroscopy,25.8,2691.1,5.9,96.8,25.1,212.5,23014064,2011
401,Zingiber officinale,Ginger,Zingiberaceae,Shogaol,Quercetin,Citral,Gingerol glucoside,1.29,5.3328,3.8463,0.7368,0.182,"Western Ghats, Karnataka",12.7005,74.9944,1124.8,2012,7,HPLC-MS,30.3,3111.7,5.74,117.7,28.1,191.3,22896719,2012
402,Zingiber officinale,Ginger,Zingiberaceae,Shogaol,Quercetin,Citral,Gingerol glucoside,1.3638,3.6404,3.7341,0.7812,0.308,"Western Ghats, Karnataka",12.7365,75.3844,535.7,2022,3,HPLC,20.3,2096.5,5.41,107.6,19.1,239.8,22958800,2020
403,Zingiber officinale,Ginger,Zingiberaceae,Gingerol,Rutin,Citral,Gingerol glucoside,1.0862,3.9234,3.8387,0.9955,0.287,"Western Ghats, Karnataka",12.5389,75.9658,845.0,2021,1,HPLC,17.4,1289.8,4.66,130.9,19.8,187.6,22960722,2021
404,Zingiber officinale,Ginger,Zingiberaceae,Gingerol,Quercetin,beta-Bisabolene,Gingerol glucoside,1.2187,5.5806,3.4478,0.7704,0.179,"Western Ghats, Karnataka",12.1533,75.7242,1009.6,2005,6,HPLC,28.2,3219.9,5.97,129.1,25.7,233.5,22732984,2005
405,Zingiber officinale,Ginger,Zingiberaceae,Shogaol,Rutin,Citral,Gingerol glucoside,1.0093,5.0541,4.335,0.7637,0.484,"Western Ghats, Karnataka",12.5042,75.6691,831.7,2013,5,HPLC,28.8,2979.0,4.82,117.6,40.6,199.8,22633502,2013
406,Zingiber officinale,Ginger,Zingiberaceae,Gingerol,Quercetin,beta-Bisabolene,Gingerol glucoside,1.1906,5.9429,4.08,0.7204,0.369,"Western Ghats, Karnataka",12.4417,75.5955,1007.7,2015,8,HPLC,26.9,2847.0,5.71,114.7,20.7,187.1,22744554,2015
407,Zingiber officinale,Ginger,Zingiberaceae,Gingerol,Quercetin,beta-Bisabolene,Gingerol glucoside,1.0261,4.464,3.7719,0.5284,0.473,"Western Ghats, Karnataka",12.5687,75.4943,804.4,2005,9,UV-Vis Spectroscopy,24.9,2673.4,5.88,134.3,25.9,171.0,22940488,2005
408,Zingiber officinale,Ginger,Zingiberaceae,Shogaol,Quercetin,Citral,Gingerol glucoside,1.1719,3.1046,2.5718,0.7967,0.456,"Nilgiri Hills, Tamil Nadu",11.451,76.7006,1715.6,2023,3,UV-Vis Spectroscopy,16.8,1330.8,4.9,99.2,22.2,139.9,26375749,2021
409,Zingiber officinale,Ginger,Zingiberaceae,Shogaol,Quercetin,Zingiberene,Gingerol glucoside,0.9717,3.5132,4.1334,0.7778,0.433,"Nilgiri Hills, Tamil Nadu",11.8309,76.4888,1630.9,2020,3,GC-MS,15.4,1160.9,5.41,123.6,19.8,205.0,26286248,2020
410,Zingiber officinale,Ginger,Zingiberaceae,Shogaol,Quercetin,Zingiberene,Gingerol glucoside,0.8472,3.412,3.4039,0.9085,0.216,"Nilgiri Hills, Tamil Nadu",11.6589,77.1708,1751.5,2019,12,HPLC-MS,14.6,991.6,4.79,115.3,24.1,165.1,26015706,2018
411,Zingiber officinale,Ginger,Zingiberaceae,Shogaol,Rutin,beta-Bisabolene,Gingerol glucoside,1.043,4.5557,4.1136,0.7469,0.305,"Nilgiri Hills, Tamil Nadu",11.4672,76.116,1608.7,2009,8,HPTLC,24.6,2004.0,4.71,94.9,20.2,177.0,26015641,2008
412,Zingiber officinale,Ginger,Zingiberaceae,Shogaol,Quercetin,beta-Bisabolene,Gingerol glucoside,1.4617,4.3036,4.1808,0.6079,0.322,"Nilgiri Hills, Tamil Nadu",11.6123,77.235,2795.4,2020,6,HPLC,21.9,2145.8,5.36,99.8,28.4,180.7,25940218,2018
413,Zingiber officinale,Ginger,Zingiberaceae,Shogaol,Quercetin,Zingiberene,Gingerol glucoside,1.0715,3.3965,2.6473,0.8235,0.353,"Nilgiri Hills, Tamil Nadu",11.4627,76.948,2523.3,2012,11,HPLC,15.4,1069.2,4.78,99.7,32.1,179.6,26275359,2012
414,Zingiber officinale,Ginger,Zingiberaceae,Gingerol,Rutin,Zingiberene,Gingerol glucoside,0.9615,5.1615,3.8606,0.7922,0.165,"Nilgiri Hills, Tamil Nadu",11.6706,77.2945,1844.4,2013,8,HPLC-MS,20.2,2110.8,5.28,103.1,15.2,147.4,26084950,2011
415,Zingiber officinale,Ginger,Zingiberaceae,Gingerol,Quercetin,beta-Bisabolene,Gingerol glucoside,1.347,3.7363,4.2021,0.688,0.123,"Nilgiri Hills, Tamil Nadu",11.5317,76.95,2449.0,2010,5,HPLC-MS,20.6,1834.1,4.74,139.3,22.7,191.4,25993845,2009
416,Zingiber officinale,Ginger,Zingiberaceae,Shogaol,Rutin,Citral,Gingerol glucoside,0.979,5.3314,4.2768,0.8437,0.375,"Nilgiri Hills, Tamil Nadu",11.3448,76.5486,2044.7,2011,8,HPLC,23.2,2416.8,4.83,97.5,28.2,191.9,26393418,2009
417,Zingiber officinale,Ginger,Zingiberaceae,Shogaol,Quercetin,Zingiberene,Gingerol glucoside,1.2086,3.9587,4.1333,0.7505,0.411,"Nilgiri Hills, Tamil Nadu",11.5541,76.17,1697.2,2021,5,GC-MS,19.7,1968.8,4.82,103.1,17.4,192.6,26377272,2021
418,Zingiber officinale,Ginger,Zingiberaceae,Gingerol,Rutin,Zingiberene,Gingerol glucoside,1.0854,4.2665,3.7042,0.6478,0.325,"Nilgiri Hills, Tamil Nadu",11.0148,76.9329,1830.6,2006,5,GC-MS,19.8,2031.2,4.68,112.3,14.7,159.0,25988041,2006
419,Zingiber officinale,Ginger,Zingiberaceae,Shogaol,Rutin,Zingiberene,Gingerol glucoside,0.7891,5.3396,4.3173,0.821,0.167,"Nilgiri Hills, Tamil Nadu",11.4817,76.7617,1828.4,2014,9,HPLC,17.9,1848.3,5.27,92.4,29.9,144.9,26255586,2013
420,Zingiber officinale,Ginger,Zingiberaceae,Gingerol,Rutin,beta-Bisabolene,Gingerol glucoside,1.0373,4.6533,3.8726,0.8538,0.286,"Nilgiri Hills, Tamil Nadu",11.2455,76.956,1413.9,2009,7,HPLC,22.5,2452.1,5.25,81.9,20.1,134.4,25978117,2007
421,Zingiber officinale,Ginger,Zingiberaceae,Gingerol,Quercetin,Citral,Gingerol glucoside,1.1625,4.5112,4.0293,0.7003,0.245,"Nilgiri Hills, Tamil Nadu",11.161,76.7682,2220.4,2019,7,GC-MS,23.1,2221.8,5.04,110.9,17.2,165.9,26202768,2019
422,Zingiber officinale,Ginger,Zingiberaceae,Shogaol,Rutin,Citral,Gingerol glucoside,1.0102,4.3661,4.0685,0.6248,0.267,"Ernakulam, Kerala",9.4951,76.4201,118.5,2006,5,GC-MS,31.5,2994.3,5.28,121.4,30.3,214.5,27066984,2005
423,Zingiber officinale,Ginger,Zingiberaceae,Gingerol,Rutin,beta-Bisabolene,Gingerol glucoside,1.0409,3.8633,3.8723,0.7074,0.43,"Ernakulam, Kerala",10.3817,76.2427,134.6,2022,2,HPLC,21.8,2241.9,5.89,153.1,30.2,243.7,26782279,2022
424,Zingiber officinale,Ginger,Zingiberaceae,Shogaol,Rutin,beta-Bisabolene,Gingerol glucoside,0.8499,2.9404,3.253,0.7622,0.259,"Ernakulam, Kerala",9.6538,76.0396,109.3,2006,1,HPLC-MS,21.8,1477.2,5.88,118.8,26.4,202.1,27212371,2005
425,Zingiber officinale,Ginger,Zingiberaceae,Shogaol,Rutin,Zingiberene,Gingerol glucoside,0.7835,4.1525,2.82,0.8833,0.269,"Ernakulam, Kerala",9.7796,75.8802,12.4,2015,12,GC-MS,22.6,2181.6,5.7,129.7,36.8,233.3,26982395,2013
426,Zingiber officinale,Ginger,Zingiberaceae,Gingerol,Quercetin,Citral,Gingerol glucoside,1.0493,4.6886,3.1784,0.7899,0.341,"Ernakulam, Kerala",10.2423,76.2298,30.9,2017,5,HPLC,27.1,2927.0,5.8,133.1,29.4,209.8,26975369,2017
427,Zingiber officinale,Ginger,Zingiberaceae,Gingerol,Rutin,Citral,Gingerol glucoside,1.3532,4.6421,2.6984,0.8145,0.427,"Ernakulam, Kerala",10.173,76.4797,148.7,2006,12,HPTLC,21.1,1449.3,5.51,144.3,28.5,241.9,27099357,2005
428,Zingiber officinale,Ginger,Zingiberaceae,Shogaol,Rutin,beta-Bisabolene,Gingerol glucoside,1.3101,5.1515,3.2753,0.9069,0.335,"Ernakulam, Kerala",10.2048,75.8181,139.7,2007,9,HPLC-MS,28.1,3316.8,5.46,122.6,20.7,247.3,27018130,2006
429,Zingiber officinale,Ginger,Zingiberaceae,Gingerol,Rutin,Citral,Gingerol glucoside,1.2764,3.9419,3.3311,0.6511,0.186,"Ernakulam, Kerala",9.3922,76.218,101.9,2018,4,GC-MS,27.3,1958.4,5.19,123.3,28.4,194.4,27180676,2016
430,Zingiber officinale,Ginger,Zingiberaceae,Gingerol,Quercetin,beta-Bisabolene,Gingerol glucoside,1.1168,5.0338,3.9852,0.7114,0.307,"Ernakulam, Kerala",10.0181,76.568,152.1,2018,6,HPLC,31.3,4000.0,5.39,124.3,25.1,257.0,27105232,2018
431,Zingiber officinale,Ginger,Zingiberaceae,Gingerol,Rutin,Citral,Gingerol glucoside,1.1575,5.8959,3.463,0.9551,0.113,"Ernakulam, Kerala",9.7834,76.5525,96.6,2012,9,UV-Vis Spectroscopy,28.0,2930.0,5.56,109.5,28.4,210.4,27071275,2011
432,Zingiber officinale,Ginger,Zingiberaceae,Gingerol,Quercetin,Zingiberene,Gingerol glucoside,1.0479,5.5332,3.6974,0.8368,0.479,"Ernakulam, Kerala",10.0585,76.4335,162.5,2020,10,HPLC,29.0,2315.2,5.68,132.3,32.2,240.0,26905455,2018
433,Zingiber officinale,Ginger,Zingiberaceae,Shogaol,Rutin,Zingiberene,Gingerol glucoside,1.3221,3.2182,3.0506,0.7061,0.184,"Ernakulam, Kerala",9.9258,76.4,185.0,2011,3,HPLC-MS,25.5,2562.2,5.47,120.3,27.1,227.2,27189895,2011
434,Zingiber officinale,Ginger,Zingiberaceae,Shogaol,Rutin,beta-Bisabolene,Gingerol glucoside,1.1984,3.9202,3.1367,0.771,0.416,"Ernakulam, Kerala",9.9715,76.1788,120.1,2013,4,GC-MS,26.5,2671.9,5.53,109.2,33.8,222.6,27018684,2013
435,Zingiber officinale,Ginger,Zingiberaceae,Gingerol,Quercetin,Citral,Gingerol glucoside,0.9814,5.9377,4.2513,0.6347,0.408,"Ernakulam, Kerala",10.2189,76.7176,121.1,2008,8,HPLC-MS,31.8,3555.8,5.71,139.6,38.2,176.8,26954397,2008
436,Zingiber officinale,Ginger,Zingiberaceae,Shogaol,Rutin,Citral,Gingerol glucoside,1.0878,3.518,3.3638,0.6771,0.311,"Bhopal, Madhya Pradesh",23.6822,77.7068,580.4,2011,12,HPLC,20.2,783.2,7.04,97.2,25.2,159.6,31041623,2010
437,Zingiber officinale,Ginger,Zingiberaceae,Shogaol,Rutin,Zingiberene,Gingerol glucoside,0.8618,4.2844,2.8992,0.7939,0.325,"Bhopal, Madhya Pradesh",23.7158,78.1504,292.8,2010,5,HPLC,27.2,1306.0,7.16,73.9,18.4,182.9,30868726,2009
438,Zingiber officinale,Ginger,Zingiberaceae,Shogaol,Quercetin,beta-Bisabolene,Gingerol glucoside,1.2169,5.0739,3.4769,0.4744,0.485,"Bhopal, Madhya Pradesh",23.2533,77.7411,556.6,2011,7,HPLC,29.1,1487.8,7.03,97.9,20.4,189.0,31313223,2010
439,Zingiber officinale,Ginger,Zingiberaceae,Gingerol,Rutin,Citral,Gingerol glucoside,1.267,4.7722,2.978,0.6915,0.5,"Bhopal, Madhya Pradesh",23.5704,78.2211,310.7,2021,6,UV-Vis Spectroscopy,31.0,1464.3,7.29,84.5,16.6,177.0,31059313,2020
440,Zingiber officinale,Ginger,Zingiberaceae,Gingerol,Rutin,beta-Bisabolene,Gingerol glucoside,0.8452,5.1829,3.7745,0.8075,0.367,"Bhopal, Madhya Pradesh",23.379,77.8048,425.5,2017,7,HPTLC,30.8,1676.0,6.75,79.8,32.6,158.3,31315531,2015
441,Zingiber officinale,Ginger,Zingiberaceae,Gingerol,Rutin,Citral,Gingerol glucoside,1.1446,4.9117,3.412,0.6911,0.15,"Bhopal, Madhya Pradesh",23.6436,77.5665,404.7,2006,8,HPLC,33.4,1825.1,6.69,82.9,21.6,168.4,31137805,2005
442,Zingiber officinale,Ginger,Zingiberaceae,Shogaol,Quercetin,Citral,Gingerol glucoside,0.9075,3.5784,2.6866,0.8548,0.17,"Bhopal, Madhya Pradesh",23.0913,78.5416,515.2,2011,1,HPLC-MS,20.2,781.1,6.44,77.8,10.3,169.0,31289326,2010
443,Zingiber officinale,Ginger,Zingiberaceae,Shogaol,Quercetin,Citral,Gingerol glucoside,1.0738,4.717,3.5389,0.7027,0.381,"Bhopal, Madhya Pradesh",23.3427,78.7218,544.1,2020,9,HPLC,28.5,1337.3,6.97,87.5,22.7,173.2,31310729,2018
444,Zingiber officinale,Ginger,Zingiberaceae,Gingerol,Rutin,Zingiberene,Gingerol glucoside,0.8968,4.0123,3.7657,0.8668,0.403,"Bhopal, Madhya Pradesh",23.3332,78.1764,327.3,2021,11,HPTLC,20.6,1021.6,6.7,97.2,15.5,182.8,31210033,2019
445,Zingiber officinale,Ginger,Zingiberaceae,Gingerol,Quercetin,Citral,Gingerol glucoside,1.0332,5.1041,3.7406,0.7653,0.177,"Bhopal, Madhya Pradesh",23.7729,77.9731,501.8,2006,10,HPLC,21.3,1246.7,6.71,66.3,21.4,151.1,30906939,2006
446,Zingiber officinale,Ginger,Zingiberaceae,Shogaol,Quercetin,Citral,Gingerol glucoside,1.1456,5.13,3.6735,0.7223,0.491,"Bhopal, Madhya Pradesh",23.9963,77.9243,402.0,2023,7,GC-MS,33.4,1607.0,6.33,96.1,26.5,161.9,31001666,2023
447,Zingiber officinale,Ginger,Zingiberaceae,Gingerol,Quercetin,beta-Bisabolene,Gingerol glucoside,0.6999,4.3347,2.9304,0.7401,0.297,"Bhopal, Madhya Pradesh",23.4749,78.1394,382.4,2008,1,HPLC,18.4,935.2,7.01,59.1,18.4,178.2,31164389,2006
448,Zingiber officinale,Ginger,Zingiberaceae,Shogaol,Quercetin,beta-Bisabolene,Gingerol glucoside,1.0074,3.0178,2.5523,0.8197,0.327,"Bhopal, Madhya Pradesh",24.1544,78.0715,386.9,2012,12,HPTLC,21.2,799.6,7.16,89.7,28.2,198.2,31317990,2011
449,Zingiber officinale,Ginger,Zingiberaceae,Shogaol,Rutin,Citral,Gingerol glucoside,1.0855,3.721,3.2989,0.6933,0.434,"Bhopal, Madhya Pradesh",23.3548,78.0166,510.0,2016,4,HPLC,24.9,1148.6,7.0,103.8,20.3,197.8,30970399,2016
450,Zingiber officinale,Ginger,Zingiberaceae,Gingerol,Quercetin,Zingiberene,Gingerol glucoside,0.8977,3.6502,2.3854,0.764,0.376,"Pune, Maharashtra",18.9035,74.4863,697.8,2016,3,HPLC-MS,24.6,1264.9,6.43,87.9,21.9,156.8,30785816,2015
451,Zingiber officinale,Ginger,Zingiberaceae,Shogaol,Quercetin,Zingiberene,Gingerol glucoside,0.8734,4.8345,2.9614,0.8216,0.181,"Pune, Maharashtra",17.7437,73.4655,385.4,2014,12,HPLC,19.7,1178.0,6.41,89.2,19.9,174.2,31030622,2012
452,Zingiber officinale,Ginger,Zingiberaceae,Shogaol,Rutin,Zingiberene,Gingerol glucoside,1.1237,5.1165,3.4161,0.6736,0.38,"Pune, Maharashtra",18.244,73.8879,441.9,2007,8,HPLC,28.7,2017.4,6.37,94.1,19.3,209.3,30899015,2005
453,Zingiber officinale,Ginger,Zingiberaceae,Gingerol,Quercetin,Citral,Gingerol glucoside,1.0047,2.7538,2.5116,0.8712,0.134,"Pune, Maharashtra",18.1185,73.8526,495.7,2014,3,GC-MS,25.0,1388.5,6.4,104.0,26.7,240.6,30763663,2014
454,Zingiber officinale,Ginger,Zingiberaceae,Gingerol,Rutin,beta-Bisabolene,Gingerol glucoside,0.8845,3.9258,2.8993,0.8698,0.449,"Pune, Maharashtra",17.972,73.561,417.9,2011,12,GC-MS,21.7,774.5,6.87,89.3,16.5,200.6,30916639,2010
455,Zingiber officinale,Ginger,Zingiberaceae,Shogaol,Rutin,beta-Bisabolene,Gingerol glucoside,0.631,5.2343,2.8071,0.7611,0.282,"Pune, Maharashtra",18.5747,73.6789,714.9,2005,11,HPTLC,25.3,869.1,6.3,94.2,12.6,176.9,31001923,2005
456,Zingiber officinale,Ginger,Zingiberaceae,Gingerol,Rutin,beta-Bisabolene,Gingerol glucoside,0.7566,5.3882,3.8485,0.7887,0.395,"Pune, Maharashtra",18.8188,74.0893,718.7,2005,9,UV-Vis Spectroscopy,27.3,2037.8,6.54,103.9,22.9,190.3,30728559,2005
457,Zingiber officinale,Ginger,Zingiberaceae,Gingerol,Rutin,beta-Bisabolene,Gingerol glucoside,1.3416,5.4216,3.2626,0.7841,0.415,"Pune, Maharashtra",18.3138,74.1081,533.3,2018,9,HPLC-MS,28.2,1912.9,6.58,96.7,24.9,205.6,31181913,2018
458,Zingiber officinale,Ginger,Zingiberaceae,Shogaol,Quercetin,beta-Bisabolene,Gingerol glucoside,1.0958,3.8051,3.0479,0.7681,0.274,"Pune, Maharashtra",18.0962,73.6734,692.3,2022,12,HPLC-MS,20.4,1123.8,6.24,106.1,18.6,215.8,30920621,2022
459,Zingiber officinale,Ginger,Zingiberaceae,Shogaol,Quercetin,Zingiberene,Gingerol glucoside,0.8859,3.2284,3.2224,0.9415,0.173,"Pune, Maharashtra",18.7372,73.8434,423.2,2008,1,GC-MS,25.5,861.1,6.6,96.9,28.4,183.8,30685967,2008
460,Zingiber officinale,Ginger,Zingiberaceae,Shogaol,Quercetin,beta-Bisabolene,Gingerol glucoside,0.9586,3.4023,2.8588,0.8658,0.302,"Pune, Maharashtra",18.9585,73.9257,498.3,2007,2,UV-Vis Spectroscopy,23.7,1105.1,6.7,107.9,16.9,217.1,30770515,2005
461,Zingiber officinale,Ginger,Zingiberaceae,Shogaol,Quercetin,beta-Bisabolene,Gingerol glucoside,1.1088,4.7636,3.9992,0.7897,0.163,"Pune, Maharashtra",18.5118,74.5124,470.3,2016,9,GC-MS,28.5,1873.9,6.37,107.3,14.2,178.4,31125797,2015
462,Zingiber officinale,Ginger,Zingiberaceae,Gingerol,Quercetin,beta-Bisabolene,Gingerol glucoside,0.9657,4.3755,4.468,0.7433,0.429,"Pune, Maharashtra",18.4566,74.0135,814.3,2011,6,UV-Vis Spectroscopy,32.8,2204.5,6.3,88.8,28.2,184.4,30744244,2009
463,Zingiber officinale,Ginger,Zingiberaceae,Gingerol,Quercetin,Zingiberene,Gingerol glucoside,1.0509,3.8981,2.8588,0.7072,0.49,"Pune, Maharashtra",18.5545,74.0404,504.4,2011,11,HPLC,22.9,1402.0,6.54,81.2,25.6,193.0,31132567,2011
464,Zingiber officinale,Ginger,Zingiberaceae,Gingerol,Quercetin,Zingiberene,Gingerol glucoside,1.0648,5.2022,4.0923,0.6783,0.408,"Jorhat, Assam",26.8384,93.8711,10.0,2005,7,HPLC-MS,27.9,2722.3,5.32,114.6,19.8,223.0,25846992,2005
465,Zingiber officinale,Ginger,Zingiberaceae,Gingerol,Rutin,Zingiberene,Gingerol glucoside,1.3602,3.6564,3.7336,0.7428,0.281,"Jorhat, Assam",26.8014,94.3761,43.4,2021,4,GC-MS,21.8,2303.5,5.22,111.1,15.3,205.0,25849333,2021
466,Zingiber officinale,Ginger,Zingiberaceae,Shogaol,Quercetin,beta-Bisabolene,Gingerol glucoside,1.0859,5.1745,4.5423,0.7303,0.441,"Jorhat, Assam",26.5271,94.7526,105.6,2021,9,HPTLC,24.5,2622.6,5.18,87.4,23.1,219.8,25905778,2020
467,Zingiber officinale,Ginger,Zingiberaceae,Shogaol,Rutin,Citral,Gingerol glucoside,0.8518,3.4372,4.0993,0.7172,0.333,"Jorhat, Assam",26.2698,93.9525,69.6,2013,3,GC-MS,22.1,1611.3,5.15,115.2,27.1,187.8,25606747,2011
468,Zingiber officinale,Ginger,Zingiberaceae,Shogaol,Rutin,Zingiberene,Gingerol glucoside,0.8224,2.9731,2.6376,0.6356,0.28,"Jorhat, Assam",26.3685,94.2197,183.1,2018,2,HPLC-MS,18.7,1262.3,5.04,110.1,38.2,239.8,25712725,2017
469,Zingiber officinale,Ginger,Zingiberaceae,Gingerol,Quercetin,beta-Bisabolene,Gingerol glucoside,1.0977,6.1242,4.5879,0.6912,0.344,"Jorhat, Assam",27.0283,94.3194,56.8,2016,7,HPLC-MS,27.1,2803.3,5.6,104.2,20.4,218.4,25498105,2015
470,Zingiber officinale,Ginger,Zingiberaceae,Gingerol,Quercetin,Zingiberene,Gingerol glucoside,1.0618,4.7069,4.0619,0.8299,0.42,"Jorhat, Assam",27.4272,94.183,55.5,2017,10,UV-Vis Spectroscopy,23.9,1711.4,4.94,119.6,27.9,186.8,25475906,2015
471,Zingiber officinale,Ginger,Zingiberaceae,Gingerol,Rutin,Citral,Gingerol glucoside,1.2655,4.8169,3.3214,0.7457,0.406,"Jorhat, Assam",26.3536,94.0584,88.6,2012,8,GC-MS,27.3,2943.1,5.14,92.5,25.6,263.1,25884732,2012
472,Zingiber officinale,Ginger,Zingiberaceae,Shogaol,Quercetin,Citral,Gingerol glucoside,0.8197,4.3275,4.0232,0.6729,0.316,"Jorhat, Assam",26.7148,94.1128,40.0,2005,8,HPTLC,27.6,2356.0,5.3,96.4,12.7,174.6,25925073,2005
473,Zingiber officinale,Ginger,Zingiberaceae,Gingerol,Rutin,Citral,Gingerol glucoside,0.8738,3.8647,2.434,0.7686,0.339,"Jorhat, Assam",27.3656,93.6882,68.6,2018,2,HPLC-MS,18.6,1203.8,5.5,94.7,29.0,207.2,25578565,2016
474,Zingiber officinale,Ginger,Zingiberaceae,Shogaol,Rutin,Citral,Gingerol glucoside,0.8912,3.3562,3.2403,0.7843,0.322,"Jorhat, Assam",27.2254,94.1278,57.6,2012,1,HPLC,17.3,1384.7,4.9,104.6,26.1,213.6,25781966,2011
475,Zingiber officinale,Ginger,Zingiberaceae,Gingerol,Rutin,Zingiberene,Gingerol glucoside,0.6222,3.7864,3.9044,0.8107,0.293,"Jorhat, Assam",26.8309,94.1609,138.9,2005,10,HPLC,21.3,2178.3,5.01,99.6,32.9,195.0,25456854,2005
476,Zingiber officinale,Ginger,Zingiberaceae,Gingerol,Rutin,beta-Bisabolene,Gingerol glucoside,1.0233,4.8395,3.2496,0.7903,0.4,"Jorhat, Assam",26.9297,94.0544,119.4,2021,5,HPLC,27.9,2048.4,5.07,102.6,25.3,183.8,25601234,2021
477,Zingiber officinale,Ginger,Zingiberaceae,Shogaol,Quercetin,Citral,Gingerol glucoside,0.8515,3.1928,3.5506,0.7624,0.277,"Jorhat, Assam",27.13,93.9087,94.3,2012,1,HPLC-MS,17.2,1316.6,5.36,88.6,30.3,260.1,25800666,2012
478,Zingiber officinale,Ginger,Zingiberaceae,Shogaol,Quercetin,Zingiberene,Gingerol glucoside,0.9339,4.4561,2.6956,0.6484,0.264,"Bhubaneswar, Odisha",20.1107,85.2069,41.8,2007,9,HPLC,30.1,1765.6,6.34,87.5,26.2,174.6,28130191,2006
479,Zingiber officinale,Ginger,Zingiberaceae,Shogaol,Rutin,beta-Bisabolene,Gingerol glucoside,1.0877,3.9032,3.7964,0.7956,0.263,"Bhubaneswar, Odisha",20.4987,85.8114,130.5,2016,3,UV-Vis Spectroscopy,25.0,1275.5,5.82,115.6,26.7,175.5,28156379,2015
480,Zingiber officinale,Ginger,Zingiberaceae,Shogaol,Rutin,Citral,Gingerol glucoside,1.1184,4.0379,4.2094,0.9187,0.475,"Bhubaneswar, Odisha",20.4938,85.8301,153.0,2013,11,HPLC,25.6,1118.5,6.02,88.2,27.9,174.7,28285227,2012
481,Zingiber officinale,Ginger,Zingiberaceae,Gingerol,Rutin,Citral,Gingerol glucoside,1.3159,3.8414,3.3966,0.61,0.358,"Bhubaneswar, Odisha",20.3004,85.5979,117.2,2012,5,HPTLC,26.3,1688.3,5.48,86.4,23.1,193.2,28477323,2012
482,Zingiber officinale,Ginger,Zingiberaceae,Gingerol,Rutin,Zingiberene,Gingerol glucoside,1.0115,2.9825,3.1186,0.9524,0.442,"Bhubaneswar, Odisha",20.3041,85.771,105.2,2022,1,HPLC-MS,19.7,941.7,5.9,109.0,29.7,144.8,28308407,2021
483,Zingiber officinale,Ginger,Zingiberaceae,Shogaol,Rutin,Citral,Gingerol glucoside,1.0444,5.1228,3.2781,0.6848,0.124,"Bhubaneswar, Odisha",20.6818,85.3263,24.6,2023,8,GC-MS,29.9,1926.4,6.6,94.7,28.3,168.2,28340645,2022
484,Zingiber officinale,Ginger,Zingiberaceae,Shogaol,Quercetin,Citral,Gingerol glucoside,0.9291,4.016,3.1269,0.7449,0.337,"Bhubaneswar, Odisha",20.5737,85.868,11.9,2019,2,UV-Vis Spectroscopy,19.1,1049.5,6.16,89.4,29.5,149.7,28266235,2019
485,Zingiber officinale,Ginger,Zingiberaceae,Gingerol,Rutin,beta-Bisabolene,Gingerol glucoside,0.7523,3.0429,3.467,0.8627,0.465,"Bhubaneswar, Odisha",20.2815,86.1451,50.6,2015,1,UV-Vis Spectroscopy,20.9,925.0,5.92,98.9,12.7,178.7,28509145,2014
486,Zingiber officinale,Ginger,Zingiberaceae,Gingerol,Quercetin,beta-Bisabolene,Gingerol glucoside,1.0547,4.0937,4.0834,0.7128,0.371,"Bhubaneswar, Odisha",20.3833,85.8786,20.9,2021,6,HPLC-MS,28.6,1813.2,6.35,82.6,25.2,169.0,28310002,2021
487,Zingiber officinale,Ginger,Zingiberaceae,Gingerol,Rutin,Zingiberene,Gingerol glucoside,1.5039,4.2446,4.2035,0.7567,0.37,"Bhubaneswar, Odisha",20.6363,86.2709,41.6,2013,7,HPLC,32.8,2043.2,5.94,82.3,25.3,210.5,28294244,2012
488,Zingiber officinale,Ginger,Zingiberaceae,Shogaol,Rutin,Citral,Gingerol glucoside,1.2641,5.3262,3.9123,0.7322,0.455,"Bhubaneswar, Odisha",20.3982,85.9532,55.1,2014,7,UV-Vis Spectroscopy,30.9,2085.9,6.7,78.2,20.5,161.4,28255903,2012
489,Zingiber officinale,Ginger,Zingiberaceae,Shogaol,Quercetin,beta-Bisabolene,Gingerol glucoside,0.8902,4.4609,3.1665,0.6695,0.36,"Bhubaneswar, Odisha",20.1321,85.693,42.0,2016,5,HPTLC,29.5,1410.3,5.49,99.5,16.6,206.8,28432136,2016
490,Zingiber officinale,Ginger,Zingiberaceae,Gingerol,Rutin,Zingiberene,Gingerol glucoside,1.1886,4.3179,4.2807,0.5788,0.324,"Bhubaneswar, Odisha",20.3576,85.498,10.0,2021,5,HPLC,28.2,1730.5,5.98,93.1,8.9,201.4,28147681,2019
491,Zingiber officinale,Ginger,Zingiberaceae,Gingerol,Quercetin,Zingiberene,Gingerol glucoside,0.8301,3.5604,3.349,0.8342,0.426,"Bhubaneswar, Odisha",20.9154,85.5919,40.0,2007,3,HPLC,23.1,1098.6,6.16,93.4,18.9,220.3,28386085,2007
492,Bacopa monnieri,Brahmi,Plantaginaceae,Herpestine,Luteolin,Betulinic acid,Bacoside B,2.7825,5.8057,0.8836,2.6787,0.414,"Ernakulam, Kerala",9.9688,76.4977,112.7,2017,5,HPLC-MS,31.7,2855.0,5.91,146.1,30.1,238.7,30693708,2016
493,Bacopa monnieri,Brahmi,Plantaginaceae,Herpestine,Apigenin,Betulinic acid,Bacoside B,2.3291,5.4763,0.9484,3.7291,0.183,"Ernakulam, Kerala",9.6918,76.4049,150.8,2020,4,HPLC,27.8,2534.1,5.98,137.5,23.3,231.0,30567891,2020
494,Bacopa monnieri,Brahmi,Plantaginaceae,Brahmine,Luteolin,Betulinic acid,Bacoside B,2.0677,4.4163,0.8183,4.3539,0.136,"Ernakulam, Kerala",9.9069,76.0399,118.5,2019,1,HPTLC,22.3,1663.0,5.61,131.9,40.7,243.2,30506350,2017
495,Bacopa monnieri,Brahmi,Plantaginaceae,Herpestine,Luteolin,Betulinic acid,Bacopaside I,1.8329,4.4781,0.7515,4.2855,0.202,"Ernakulam, Kerala",9.6313,76.5847,182.1,2016,4,HPTLC,29.4,2385.7,5.59,138.8,27.4,217.2,30897370,2014
496,Bacopa monnieri,Brahmi,Plantaginaceae,Herpestine,Luteolin,Betulinic acid,Bacopaside I,1.8053,4.8572,0.8587,4.0655,0.219,"Ernakulam, Kerala",10.1776,76.1458,161.7,2021,1,HPLC-MS,21.8,1449.4,5.45,134.1,25.5,216.7,30765187,2020
497,Bacopa monnieri,Brahmi,Plantaginaceae,Herpestine,Apigenin,Betulinic acid,Bacoside B,2.4384,4.8282,0.706,4.0732,0.387,"Ernakulam, Kerala",10.298,76.4403,96.4,2009,11,GC-MS,24.6,2760.4,5.65,130.0,28.0,184.8,30689093,2007
498,Bacopa monnieri,Brahmi,Plantaginaceae,Herpestine,Apigenin,Betulinic acid,Bacoside B,2.496,6.1184,0.8475,3.9834,0.404,"Ernakulam, Kerala",10.0923,76.4016,113.6,2005,9,HPLC-MS,30.7,3165.6,5.22,118.7,34.4,189.1,30647867,2005
499,Bacopa monnieri,Brahmi,Plantaginaceae,Brahmine,Apigenin,Betulinic acid,Bacoside A,2.1485,4.2024,0.5276,4.4125,0.117,"Ernakulam, Kerala",10.2197,76.6516,147.7,2007,12,HPTLC,22.1,1994.2,5.71,119.4,25.9,215.5,30916927,2006
500,Bacopa monnieri,Brahmi,Plantaginaceae,Herpestine,Luteolin,Betulinic acid,Bacoside A,2.8259,5.9398,0.7474,3.9096,0.341,"Ernakulam, Kerala",10.4939,76.2929,106.3,2021,7,HPLC,30.3,4000.0,5.09,126.4,25.0,222.5,30708902,2019
501,Bacopa monnieri,Brahmi,Plantaginaceae,Brahmine,Luteolin,Betulinic acid,Bacoside B,2.7623,3.6209,1.047,3.707,0.388,"Ernakulam, Kerala",9.373,76.1036,126.6,2022,5,HPLC,30.4,2945.1,5.61,123.5,33.7,230.0,30824734,2021
502,Bacopa monnieri,Brahmi,Plantaginaceae,Brahmine,Luteolin,Betulinic acid,Bacoside B,2.2397,5.3735,0.7091,4.7881,0.475,"Ernakulam, Kerala",9.6592,76.2907,191.3,2007,12,HPLC,22.3,1734.7,5.41,142.2,36.5,228.4,30549911,2005
503,Bacopa monnieri,Brahmi,Plantaginaceae,Herpestine,Apigenin,Betulinic acid,Bacoside B,2.0071,4.5467,0.8083,3.3409,0.213,"Ernakulam, Kerala",10.0356,76.0462,89.6,2012,2,UV-Vis Spectroscopy,22.0,1617.0,5.54,117.1,29.0,203.4,30550119,2011
504,Bacopa monnieri,Brahmi,Plantaginaceae,Herpestine,Luteolin,Betulinic acid,Bacopaside I,1.795,4.2267,0.8938,3.9309,0.177,"Ernakulam, Kerala",9.712,76.118,118.8,2008,2,HPLC,24.4,2301.3,5.29,139.6,33.8,241.5,30604857,2007
505,Bacopa monnieri,Brahmi,Plantaginaceae,Herpestine,Luteolin,Betulinic acid,Bacoside A,3.1634,6.4141,1.0466,3.0669,0.177,"Ernakulam, Kerala",10.0595,77.1064,72.7,2008,6,GC-MS,31.0,3205.3,5.28,127.7,33.3,223.8,30733049,2007
506,Bacopa monnieri,Brahmi,Plantaginaceae,Herpestine,Luteolin,Betulinic acid,Bacoside A,1.6962,4.3556,0.6594,3.0032,0.403,"Bhopal, Madhya Pradesh",23.4209,78.0516,453.4,2022,1,HPLC,20.0,815.5,7.03,89.9,21.1,185.9,32594790,2022
507,Bacopa monnieri,Brahmi,Plantaginaceae,Brahmine,Luteolin,Betulinic acid,Bacoside A,2.217,4.0461,1.023,2.7673,0.375,"Bhopal, Madhya Pradesh",23.8496,77.8856,381.2,2013,5,HPLC,26.1,1527.0,6.53,74.8,16.8,230.6,32518774,2013
508,Bacopa monnieri,Brahmi,Plantaginaceae,Brahmine,Apigenin,Betulinic acid,Bacopaside I,2.4539,3.0935,0.5944,4.1923,0.404,"Bhopal, Madhya Pradesh",23.2783,78.1369,422.5,2007,12,GC-MS,19.3,798.7,7.25,98.7,24.6,169.6,32198185,2006
509,Bacopa monnieri,Brahmi,Plantaginaceae,Brahmine,Luteolin,Betulinic acid,Bacopaside I,2.0768,5.2455,0.58,3.9698,0.442,"Bhopal, Madhya Pradesh",23.7131,77.9915,399.0,2020,11,GC-MS,20.0,1111.2,7.4,88.4,17.1,193.9,32496289,2019
510,Bacopa monnieri,Brahmi,Plantaginaceae,Herpestine,Luteolin,Betulinic acid,Bacoside A,2.302,6.5936,0.8606,3.0497,0.133,"Bhopal, Madhya Pradesh",23.2098,78.4253,397.5,2007,7,UV-Vis Spectroscopy,30.8,1627.8,6.76,97.9,20.3,217.4,32592240,2006
511,Bacopa monnieri,Brahmi,Plantaginaceae,Brahmine,Luteolin,Betulinic acid,Bacoside B,2.6245,6.1241,1.0798,3.7378,0.296,"Bhopal, Madhya Pradesh",23.8187,77.9029,451.1,2008,7,HPLC-MS,31.4,1550.0,7.21,63.7,12.9,193.6,32137502,2008
512,Bacopa monnieri,Brahmi,Plantaginaceae,Herpestine,Apigenin,Betulinic acid,Bacopaside I,2.2706,4.0633,0.8035,4.0128,0.2,"Bhopal, Madhya Pradesh",23.9817,77.6625,356.1,2013,3,GC-MS,24.1,660.3,6.83,89.0,20.5,207.7,32460603,2012
513,Bacopa monnieri,Brahmi,Plantaginaceae,Brahmine,Apigenin,Betulinic acid,Bacopaside I,2.5724,4.0876,0.8447,3.1786,0.48,"Bhopal, Madhya Pradesh",23.5938,78.1721,554.8,2018,4,GC-MS,26.8,1353.2,7.44,89.1,20.9,207.4,32299527,2018
514,Bacopa monnieri,Brahmi,Plantaginaceae,Herpestine,Luteolin,Betulinic acid,Bacoside B,2.9733,4.7351,1.1169,4.2585,0.237,"Bhopal, Madhya Pradesh",23.7604,77.8558,540.0,2013,5,GC-MS,27.8,1326.9,6.64,104.1,15.8,147.8,32493503,2013
515,Bacopa monnieri,Brahmi,Plantaginaceae,Brahmine,Luteolin,Betulinic acid,Bacopaside I,2.5574,5.4945,1.1578,3.0378,0.107,"Bhopal, Madhya Pradesh",23.717,77.9587,469.1,2015,6,HPTLC,30.1,1365.2,6.34,108.4,27.1,130.3,32231657,2015
516,Bacopa monnieri,Brahmi,Plantaginaceae,Brahmine,Luteolin,Betulinic acid,Bacoside B,2.2825,3.9332,0.7979,4.0401,0.158,"Bhopal, Madhya Pradesh",23.7779,77.8507,533.5,2018,2,UV-Vis Spectroscopy,20.1,911.0,7.2,87.7,23.6,135.2,32249424,2018
517,Bacopa monnieri,Brahmi,Plantaginaceae,Herpestine,Apigenin,Betulinic acid,Bacoside B,2.4893,6.5434,0.8255,3.7207,0.118,"Bhopal, Madhya Pradesh",23.5859,77.9434,520.4,2006,8,GC-MS,27.0,1419.5,6.66,90.2,12.0,166.1,32566451,2006
518,Bacopa monnieri,Brahmi,Plantaginaceae,Brahmine,Luteolin,Betulinic acid,Bacoside B,3.5297,6.4147,0.8349,3.0231,0.201,"Bhopal, Madhya Pradesh",22.9987,77.5423,635.3,2011,6,HPLC,32.3,1569.1,6.47,71.5,16.5,183.1,32502401,2011
519,Bacopa monnieri,Brahmi,Plantaginaceae,Brahmine,Luteolin,Betulinic acid,Bacoside A,2.7923,2.8642,0.7123,3.9561,0.229,"Bhopal, Madhya Pradesh",23.2807,77.8909,448.5,2014,4,HPLC,26.7,836.2,7.25,97.3,16.2,161.3,32139677,2012
520,Bacopa monnieri,Brahmi,Plantaginaceae,Brahmine,Luteolin,Betulinic acid,Bacoside B,2.4755,4.1004,1.0897,3.6993,0.307,"Pune, Maharashtra",18.9394,73.3067,541.7,2023,4,GC-MS,25.4,1672.5,6.36,96.3,27.7,202.1,30847868,2023
521,Bacopa monnieri,Brahmi,Plantaginaceae,Herpestine,Apigenin,Betulinic acid,Bacoside B,1.8622,5.365,0.923,4.3615,0.427,"Pune, Maharashtra",18.6036,74.1239,797.4,2022,12,HPTLC,20.7,1352.9,6.52,95.5,16.6,185.9,31052454,2022
522,Bacopa monnieri,Brahmi,Plantaginaceae,Herpestine,Luteolin,Betulinic acid,Bacoside A,2.0238,4.9655,0.8341,3.4503,0.469,"Pune, Maharashtra",18.3641,73.8124,466.3,2016,11,HPTLC,21.8,1287.8,6.14,95.4,15.2,170.8,31157721,2016
523,Bacopa monnieri,Brahmi,Plantaginaceae,Herpestine,Apigenin,Betulinic acid,Bacoside A,2.7655,5.8732,0.9694,4.0511,0.337,"Pune, Maharashtra",18.265,74.4287,657.3,2009,10,HPTLC,26.8,1457.7,6.26,97.2,23.5,196.1,30877139,2008
524,Bacopa monnieri,Brahmi,Plantaginaceae,Herpestine,Apigenin,Betulinic acid,Bacoside A,2.486,7.1435,1.2318,3.8017,0.106,"Pune, Maharashtra",18.7751,73.9493,675.0,2020,8,UV-Vis Spectroscopy,29.8,2245.0,6.45,107.0,25.1,200.9,31049207,2020
525,Bacopa monnieri,Brahmi,Plantaginaceae,Herpestine,Apigenin,Betulinic acid,Bacopaside I,2.2549,3.7195,0.8202,3.8072,0.278,"Pune, Maharashtra",18.3815,73.9427,742.4,2020,3,HPLC,25.6,857.2,5.91,91.8,19.9,207.3,31149711,2018
526,Bacopa monnieri,Brahmi,Plantaginaceae,Brahmine,Luteolin,Betulinic acid,Bacopaside I,2.2083,4.9834,0.8565,3.1886,0.468,"Pune, Maharashtra",18.6664,73.7774,441.1,2008,4,HPLC-MS,27.9,1645.5,6.82,115.1,17.4,201.2,30786742,2008
527,Bacopa monnieri,Brahmi,Plantaginaceae,Herpestine,Apigenin,Betulinic acid,Bacoside A,2.2842,5.1632,1.0922,4.466,0.294,"Pune, Maharashtra",18.6911,73.7075,546.7,2008,10,UV-Vis Spectroscopy,27.0,1253.7,6.34,103.4,27.3,233.8,30868953,2007
528,Bacopa monnieri,Brahmi,Plantaginaceae,Herpestine,Apigenin,Betulinic acid,Bacopaside I,2.5647,6.3146,0.966,4.0222,0.155,"Pune, Maharashtra",18.3243,74.0176,559.5,2011,9,UV-Vis Spectroscopy,26.7,1785.0,7.02,104.6,22.5,195.0,31144063,2011
529,Bacopa monnieri,Brahmi,Plantaginaceae,Brahmine,Apigenin,Betulinic acid,Bacoside A,2.107,6.2994,1.1882,3.5845,0.313,"Pune, Maharashtra",18.7641,73.9091,622.6,2016,8,HPLC,32.5,2384.6,6.25,96.6,18.8,230.9,31159985,2014
530,Bacopa monnieri,Brahmi,Plantaginaceae,Brahmine,Apigenin,Betulinic acid,Bacoside B,2.6627,3.7974,0.9008,3.7602,0.417,"Pune, Maharashtra",18.7528,73.7779,512.8,2010,3,HPLC,24.3,1189.9,6.61,98.0,27.5,173.8,31061038,2010
531,Bacopa monnieri,Brahmi,Plantaginaceae,Brahmine,Apigenin,Betulinic acid,Bacopaside I,2.7558,5.677,1.0455,3.618,0.483,"Pune, Maharashtra",18.3403,74.0364,562.7,2013,7,HPTLC,31.9,2276.0,6.61,98.1,18.5,222.1,30798252,2011
532,Bacopa monnieri,Brahmi,Plantaginaceae,Herpestine,Apigenin,Betulinic acid,Bacoside A,2.4422,5.6211,1.1859,2.8428,0.261,"Pune, Maharashtra",18.9729,74.1359,530.9,2006,7,HPLC-MS,28.8,2573.1,6.45,114.3,19.6,205.4,31087208,2005
533,Bacopa monnieri,Brahmi,Plantaginaceae,Herpestine,Apigenin,Betulinic acid,Bacoside B,2.684,3.5988,0.7897,3.6838,0.368,"Pune, Maharashtra",18.0818,73.7039,604.7,2009,3,HPLC-MS,23.0,1633.0,6.8,98.5,25.6,191.9,30745132,2009
534,Bacopa monnieri,Brahmi,Plantaginaceae,Brahmine,Luteolin,Betulinic acid,Bacopaside I,2.4254,6.6913,1.1484,3.7045,0.397,"Jorhat, Assam",26.9017,94.2244,78.0,2021,7,GC-MS,26.3,2733.0,4.97,101.1,29.2,192.9,31631204,2021
535,Bacopa monnieri,Brahmi,Plantaginaceae,Brahmine,Apigenin,Betulinic acid,Bacoside A,2.0359,5.1976,0.8349,3.3875,0.231,"Jorhat, Assam",26.4479,94.7171,67.8,2006,4,GC-MS,24.4,1911.5,5.35,117.2,26.6,195.8,31428653,2005
536,Bacopa monnieri,Brahmi,Plantaginaceae,Brahmine,Luteolin,Betulinic acid,Bacoside A,2.7626,3.6619,0.7124,3.8634,0.281,"Jorhat, Assam",26.9599,94.1449,116.9,2009,3,HPLC,19.9,2031.2,4.56,118.8,22.1,203.3,31490052,2008
537,Bacopa monnieri,Brahmi,Plantaginaceae,Brahmine,Luteolin,Betulinic acid,Bacopaside I,2.2684,6.0083,0.9635,3.5217,0.238,"Jorhat, Assam",26.5439,94.3945,40.1,2021,8,HPLC-MS,27.1,2642.0,4.83,104.1,11.3,218.1,31418792,2020
538,Bacopa monnieri,Brahmi,Plantaginaceae,Herpestine,Apigenin,Betulinic acid,Bacopaside I,2.3591,5.9901,0.8465,3.3243,0.275,"Jorhat, Assam",26.4361,94.5019,115.9,2009,4,HPLC,19.9,2132.4,5.26,106.3,31.3,232.7,31531599,2008
539,Bacopa monnieri,Brahmi,Plantaginaceae,Herpestine,Apigenin,Betulinic acid,Bacoside B,2.4492,4.8553,1.0505,4.2266,0.141,"Jorhat, Assam",27.0792,94.3428,70.1,2021,12,HPLC,17.5,1322.6,5.36,94.2,25.1,224.7,31610697,2020
540,Bacopa monnieri,Brahmi,Plantaginaceae,Brahmine,Luteolin,Betulinic acid,Bacopaside I,1.7785,3.513,0.6799,3.4898,0.348,"Jorhat, Assam",27.0908,94.0354,88.9,2010,2,UV-Vis Spectroscopy,18.2,1182.5,4.81,82.9,16.6,205.4,31619030,2009
541,Bacopa monnieri,Brahmi,Plantaginaceae,Brahmine,Apigenin,Betulinic acid,Bacoside A,2.7214,5.0332,0.6704,3.5925,0.405,"Jorhat, Assam",27.2265,94.2538,114.0,2013,4,HPLC-MS,22.0,1963.2,5.31,112.4,21.4,186.7,31292047,2011
542,Bacopa monnieri,Brahmi,Plantaginaceae,Brahmine,Apigenin,Betulinic acid,Bacopaside I,2.6397,3.6692,0.935,4.5757,0.391,"Jorhat, Assam",26.7768,94.2562,86.5,2016,1,HPLC,17.8,1114.6,4.72,113.2,25.9,217.8,31339548,2014
543,Bacopa monnieri,Brahmi,Plantaginaceae,Herpestine,Apigenin,Betulinic acid,Bacopaside I,3.0545,3.6148,0.6867,3.7554,0.269,"Jorhat, Assam",26.8877,93.7974,67.1,2018,3,HPLC-MS,22.2,1539.4,5.28,120.3,26.4,209.3,31635694,2018
544,Bacopa monnieri,Brahmi,Plantaginaceae,Brahmine,Luteolin,Betulinic acid,Bacopaside I,2.9993,5.8112,1.0492,3.075,0.18,"Jorhat, Assam",26.2023,94.2371,105.2,2018,5,HPLC-MS,25.1,2372.9,4.73,82.4,24.3,204.5,31294844,2016
545,Bacopa monnieri,Brahmi,Plantaginaceae,Herpestine,Apigenin,Betulinic acid,Bacopaside I,2.3078,5.7267,1.1308,3.6186,0.159,"Jorhat, Assam",26.7348,94.2481,58.2,2009,9,HPLC-MS,26.0,2346.8,5.06,117.1,25.3,160.3,31433123,2007
546,Bacopa monnieri,Brahmi,Plantaginaceae,Herpestine,Luteolin,Betulinic acid,Bacopaside I,2.2012,5.8126,0.771,4.3559,0.282,"Jorhat, Assam",27.1786,94.1015,164.4,2012,11,HPLC,20.3,1468.1,4.57,99.7,26.0,216.5,31408544,2011
547,Bacopa monnieri,Brahmi,Plantaginaceae,Brahmine,Luteolin,Betulinic acid,Bacoside A,2.4874,4.1716,0.5896,4.4498,0.316,"Jorhat, Assam",26.9462,93.9741,128.3,2012,1,GC-MS,17.9,1286.8,5.05,120.0,26.8,200.8,31243733,2011
548,Bacopa monnieri,Brahmi,Plantaginaceae,Brahmine,Luteolin,Betulinic acid,Bacoside A,2.7966,5.3381,0.9853,4.1913,0.206,"Tirupati, Andhra Pradesh",13.3486,79.2487,250.0,2014,5,HPLC-MS,29.4,1005.3,7.05,67.8,15.5,140.2,29335397,2014
549,Bacopa monnieri,Brahmi,Plantaginaceae,Herpestine,Apigenin,Betulinic acid,Bacoside A,2.3176,6.1993,1.017,3.3382,0.378,"Tirupati, Andhra Pradesh",13.1046,80.0061,387.1,2015,8,UV-Vis Spectroscopy,36.5,1128.8,7.29,55.1,18.0,158.7,29504763,2015
550,Bacopa monnieri,Brahmi,Plantaginaceae,Brahmine,Luteolin,Betulinic acid,Bacopaside I,2.4703,6.0396,0.9022,3.0959,0.372,"Tirupati, Andhra Pradesh",13.5054,79.6191,262.9,2019,6,HPLC,31.1,1073.3,6.95,61.6,10.6,158.0,29337125,2018
551,Bacopa monnieri,Brahmi,Plantaginaceae,Brahmine,Apigenin,Betulinic acid,Bacoside B,2.0793,4.5078,0.7622,4.339,0.154,"Tirupati, Andhra Pradesh",13.3004,79.0333,189.3,2013,11,HPLC,27.5,522.8,6.77,75.2,21.5,171.6,29509294,2012
552,Bacopa monnieri,Brahmi,Plantaginaceae,Brahmine,Apigenin,Betulinic acid,Bacoside A,1.5949,4.2872,0.7421,3.8355,0.307,"Tirupati, Andhra Pradesh",13.4075,79.5667,505.4,2019,12,HPLC,22.2,648.3,7.32,65.2,20.7,173.2,29498501,2017
553,Bacopa monnieri,Brahmi,Plantaginaceae,Brahmine,Luteolin,Betulinic acid,Bacoside A,2.2685,3.6172,0.7272,3.6463,0.44,"Tirupati, Andhra Pradesh",13.504,79.8173,331.9,2008,1,HPLC,23.0,390.6,7.51,80.6,17.8,146.0,29482740,2006
554,Bacopa monnieri,Brahmi,Plantaginaceae,Brahmine,Luteolin,Betulinic acid,Bacoside A,2.5792,4.4311,0.9309,4.8977,0.218,"Tirupati, Andhra Pradesh",13.4647,79.7288,455.4,2010,10,HPLC,28.3,724.3,7.33,96.6,18.8,192.8,29335817,2008
555,Bacopa monnieri,Brahmi,Plantaginaceae,Brahmine,Luteolin,Betulinic acid,Bacoside A,1.7887,3.1664,0.7276,3.5267,0.138,"Tirupati, Andhra Pradesh",13.4103,79.8131,472.9,2007,12,HPLC-MS,22.3,610.3,7.09,86.5,17.5,177.4,29153319,2005
556,Bacopa monnieri,Brahmi,Plantaginaceae,Herpestine,Luteolin,Betulinic acid,Bacopaside I,2.1484,5.0036,1.0147,4.4484,0.254,"Tirupati, Andhra Pradesh",13.6041,79.7222,262.7,2007,3,HPLC-MS,24.3,589.5,7.19,84.3,12.6,201.5,29331826,2006
557,Bacopa monnieri,Brahmi,Plantaginaceae,Brahmine,Luteolin,Betulinic acid,Bacoside B,2.9288,4.7702,0.8845,3.6292,0.112,"Tirupati, Andhra Pradesh",14.3201,79.621,270.2,2012,6,UV-Vis Spectroscopy,31.9,1157.1,6.92,72.2,20.2,197.5,29251167,2011
558,Bacopa monnieri,Brahmi,Plantaginaceae,Herpestine,Apigenin,Betulinic acid,Bacoside B,2.3032,3.9439,0.877,3.2586,0.119,"Tirupati, Andhra Pradesh",13.5296,79.419,227.2,2016,5,GC-MS,31.6,891.8,6.89,95.3,16.1,199.7,29403180,2016
559,Bacopa monnieri,Brahmi,Plantaginaceae,Herpestine,Apigenin,Betulinic acid,Bacopaside I,2.6,4.5259,0.8908,2.974,0.121,"Tirupati, Andhra Pradesh",13.6558,79.4565,301.0,2019,4,HPLC,29.2,941.0,6.79,77.9,24.1,185.1,29540530,2019
560,Bacopa monnieri,Brahmi,Plantaginaceae,Herpestine,Luteolin,Betulinic acid,Bacopaside I,2.7861,5.7312,0.843,3.6916,0.306,"Tirupati, Andhra Pradesh",13.574,79.7592,222.9,2010,8,HPLC,33.5,1190.1,7.25,69.0,16.0,199.2,29393762,2009
561,Bacopa monnieri,Brahmi,Plantaginaceae,Brahmine,Apigenin,Betulinic acid,Bacopaside I,2.5072,5.4622,0.7897,3.2138,0.149,"Tirupati, Andhra Pradesh",13.7775,79.6509,194.7,2012,10,HPLC-MS,28.5,889.4,6.73,83.5,16.8,183.4,29152555,2012
562,Bacopa monnieri,Brahmi,Plantaginaceae,Brahmine,Luteolin,Betulinic acid,Bacoside B,2.211,5.2553,1.1747,4.0505,0.193,"Bhubaneswar, Odisha",20.0438,86.0602,94.9,2016,9,HPLC,26.8,1680.6,6.52,95.7,19.5,177.1,33600314,2014
563,Bacopa monnieri,Brahmi,Plantaginaceae,Herpestine,Apigenin,Betulinic acid,Bacoside A,2.0736,4.7516,0.7695,4.4237,0.219,"Bhubaneswar, Odisha",20.5239,85.8469,85.0,2010,1,HPLC,22.8,765.5,5.94,86.5,23.7,179.2,33853467,2008
564,Bacopa monnieri,Brahmi,Plantaginaceae,Herpestine,Luteolin,Betulinic acid,Bacopaside I,1.7709,4.3985,0.8366,3.9068,0.148,"Bhubaneswar, Odisha",20.2069,85.1153,118.5,2023,12,UV-Vis Spectroscopy,20.4,748.3,6.11,90.5,29.9,212.3,33554387,2022
565,Bacopa monnieri,Brahmi,Plantaginaceae,Brahmine,Luteolin,Betulinic acid,Bacoside A,2.4768,4.119,0.9158,3.7893,0.121,"Bhubaneswar, Odisha",20.2855,85.7367,100.5,2023,2,HPTLC,23.3,706.1,5.72,100.9,18.3,182.9,33828779,2022
566,Bacopa monnieri,Brahmi,Plantaginaceae,Brahmine,Apigenin,Betulinic acid,Bacoside B,2.1419,4.9685,0.7743,4.2322,0.185,"Bhubaneswar, Odisha",20.8593,85.9334,66.7,2010,11,HPLC,27.3,1011.0,6.21,75.7,19.6,182.5,33859038,2008
567,Bacopa monnieri,Brahmi,Plantaginaceae,Brahmine,Luteolin,Betulinic acid,Bacoside A,1.7413,4.709,0.7992,4.1585,0.415,"Bhubaneswar, Odisha",20.5285,85.6656,64.1,2008,10,UV-Vis Spectroscopy,25.3,1176.3,5.86,80.7,11.8,205.4,33865666,2006
568,Bacopa monnieri,Brahmi,Plantaginaceae,Brahmine,Luteolin,Betulinic acid,Bacoside B,2.8588,4.0032,0.8482,3.2696,0.484,"Bhubaneswar, Odisha",20.1655,85.9752,47.7,2011,5,HPLC,32.6,1388.4,6.43,94.5,17.0,192.4,33491092,2011
569,Bacopa monnieri,Brahmi,Plantaginaceae,Herpestine,Apigenin,Betulinic acid,Bacoside B,2.5618,6.4496,0.8319,3.7064,0.418,"Bhubaneswar, Odisha",19.557,85.9503,121.0,2015,5,HPTLC,28.7,1886.9,6.27,102.7,22.8,171.8,33547884,2015
570,Bacopa monnieri,Brahmi,Plantaginaceae,Herpestine,Luteolin,Betulinic acid,Bacoside B,1.8856,5.4875,0.8537,3.3014,0.446,"Bhubaneswar, Odisha",20.8958,85.6925,35.1,2006,8,UV-Vis Spectroscopy,27.3,2070.1,5.97,117.0,12.2,149.7,33465718,2006
571,Bacopa monnieri,Brahmi,Plantaginaceae,Brahmine,Apigenin,Betulinic acid,Bacoside B,2.4927,4.644,0.8008,4.7721,0.276,"Bhubaneswar, Odisha",20.7364,86.3642,72.3,2020,12,HPLC-MS,22.6,799.6,5.52,85.8,25.0,177.1,33831189,2019
572,Bacopa monnieri,Brahmi,Plantaginaceae,Herpestine,Luteolin,Betulinic acid,Bacoside A,2.4355,5.644,0.9996,4.0963,0.144,"Bhubaneswar, Odisha",20.5776,86.4823,61.8,2021,9,GC-MS,28.9,1669.7,5.77,96.2,16.6,156.9,33700196,2019
573,Bacopa monnieri,Brahmi,Plantaginaceae,Herpestine,Luteolin,Betulinic acid,Bacopaside I,3.1122,4.0467,0.9151,4.2509,0.301,"Bhubaneswar, Odisha",20.458,86.0663,10.0,2017,4,HPTLC,26.5,1251.0,5.44,101.1,29.3,137.2,33725293,2017
574,Bacopa monnieri,Brahmi,Plantaginaceae,Herpestine,Apigenin,Betulinic acid,Bacoside B,2.2043,3.8163,0.8079,4.3349,0.253,"Bhubaneswar, Odisha",20.8845,85.7047,52.6,2008,3,UV-Vis Spectroscopy,24.2,1050.3,6.35,92.8,19.9,172.4,33617249,2008
575,Bacopa monnieri,Brahmi,Plantaginaceae,Herpestine,Luteolin,Betulinic acid,Bacoside A,2.4891,5.6641,1.1086,3.3123,0.439,"Bhubaneswar, Odisha",20.3478,85.9092,28.1,2013,7,UV-Vis Spectroscopy,32.4,2141.3,6.15,88.8,23.6,194.5,33703799,2012
576,Bacopa monnieri,Brahmi,Plantaginaceae,Brahmine,Luteolin,Betulinic acid,Bacoside A,2.3833,5.0585,0.8642,3.1956,0.37,"Ranchi, Jharkhand",23.6882,84.6287,731.9,2009,10,UV-Vis Spectroscopy,25.6,1364.3,5.8,96.1,12.1,169.2,30287083,2007
577,Bacopa monnieri,Brahmi,Plantaginaceae,Brahmine,Apigenin,Betulinic acid,Bacopaside I,2.2803,4.7599,0.9869,3.2316,0.198,"Ranchi, Jharkhand",22.6433,85.8024,731.5,2015,4,HPLC,25.7,1148.6,6.26,92.5,18.2,186.5,30543304,2013
578,Bacopa monnieri,Brahmi,Plantaginaceae,Brahmine,Apigenin,Betulinic acid,Bacoside B,2.5249,4.4134,0.7681,3.9439,0.294,"Ranchi, Jharkhand",23.2272,84.7972,775.5,2017,4,HPLC-MS,26.1,1061.9,6.14,79.0,11.2,179.0,30724639,2016
579,Bacopa monnieri,Brahmi,Plantaginaceae,Brahmine,Apigenin,Betulinic acid,Bacopaside I,2.3711,3.8402,1.08,3.3882,0.333,"Ranchi, Jharkhand",23.0498,85.5522,555.5,2018,4,GC-MS,24.4,1097.6,5.6,80.2,15.2,190.3,30276218,2018
580,Bacopa monnieri,Brahmi,Plantaginaceae,Herpestine,Luteolin,Betulinic acid,Bacopaside I,2.464,4.9009,0.924,3.3683,0.371,"Ranchi, Jharkhand",23.1697,84.7129,670.1,2008,10,GC-MS,24.5,1172.1,6.23,79.2,21.2,153.1,30562925,2007
581,Bacopa monnieri,Brahmi,Plantaginaceae,Brahmine,Luteolin,Betulinic acid,Bacoside B,2.2159,4.6308,0.7754,3.8931,0.125,"Ranchi, Jharkhand",23.6844,85.1711,632.8,2017,1,HPLC-MS,17.6,755.7,6.16,92.5,29.4,153.3,30311190,2016
582,Bacopa monnieri,Brahmi,Plantaginaceae,Brahmine,Apigenin,Betulinic acid,Bacoside A,3.1114,5.9034,1.0235,3.8415,0.394,"Ranchi, Jharkhand",23.6233,85.2785,639.0,2019,4,HPLC-MS,23.4,1294.5,5.98,95.8,26.9,182.0,30305034,2019
583,Bacopa monnieri,Brahmi,Plantaginaceae,Brahmine,Apigenin,Betulinic acid,Bacoside A,2.454,5.6425,1.0439,2.9289,0.44,"Ranchi, Jharkhand",23.2089,85.7796,629.6,2010,6,HPLC-MS,26.5,1746.8,6.26,85.5,22.7,175.5,30648530,2010
584,Bacopa monnieri,Brahmi,Plantaginaceae,Brahmine,Apigenin,Betulinic acid,Bacoside B,2.3952,4.2305,0.6854,3.9287,0.285,"Ranchi, Jharkhand",22.9231,85.3309,663.3,2007,3,UV-Vis Spectroscopy,26.9,1001.4,6.21,103.8,21.1,192.2,30748050,2006
585,Bacopa monnieri,Brahmi,Plantaginaceae,Brahmine,Luteolin,Betulinic acid,Bacoside B,2.0482,6.2965,0.8513,4.3349,0.209,"Ranchi, Jharkhand",23.6819,84.9549,618.3,2012,10,HPLC,26.5,1188.9,6.25,69.8,18.3,210.3,30692361,2012
586,Bacopa monnieri,Brahmi,Plantaginaceae,Herpestine,Apigenin,Betulinic acid,Bacoside A,2.5121,5.0943,0.7394,4.027,0.385,"Ranchi, Jharkhand",23.6332,84.7316,656.2,2015,2,GC-MS,19.6,680.8,6.12,79.5,15.9,201.2,30554299,2013
587,Bacopa monnieri,Brahmi,Plantaginaceae,Brahmine,Apigenin,Betulinic acid,Bacopaside I,2.4556,5.8229,0.8473,4.3518,0.23,"Ranchi, Jharkhand",23.4756,84.7486,596.3,2010,11,HPLC,25.1,775.2,5.75,105.2,18.7,190.7,30756966,2009
588,Bacopa monnieri,Brahmi,Plantaginaceae,Brahmine,Apigenin,Betulinic acid,Bacoside A,2.316,6.0073,1.0233,3.4203,0.3,"Ranchi, Jharkhand",23.3255,85.0721,747.5,2014,9,HPLC,29.5,1551.2,6.11,93.3,24.5,157.2,30760848,2014
589,Bacopa monnieri,Brahmi,Plantaginaceae,Brahmine,Apigenin,Betulinic acid,Bacoside B,1.8563,6.6295,1.0441,4.6432,0.267,"Ranchi, Jharkhand",23.3321,85.3065,725.4,2020,9,HPLC,27.4,1528.1,5.84,85.5,22.9,193.4,30752541,2020
590,Phyllanthus emblica,Amla,Phyllanthaceae,Phyllantine,Quercetin,Lupeol,Phyllaemblicin,0.5601,9.1218,0.4285,3.0301,0.108,"Western Ghats, Karnataka",12.3674,75.6896,1036.5,2013,10,HPLC,22.4,2018.7,5.33,118.2,26.1,225.5,35048082,2013
591,Phyllanthus emblica,Amla,Phyllanthaceae,Phyllantidine,Ellagic acid,Lupeol,Phyllaemblicin,0.7812,7.6637,0.5878,2.4732,0.406,"Western Ghats, Karnataka",12.1882,75.2395,643.4,2006,4,UV-Vis Spectroscopy,22.1,2475.9,5.05,123.3,23.7,197.9,34873530,2005
592,Phyllanthus emblica,Amla,Phyllanthaceae,Phyllantidine,Emblicanin A,Lupeol,Phyllaemblicin,0.4928,10.9482,0.3588,2.0238,0.36,"Western Ghats, Karnataka",12.5457,75.3561,1275.9,2016,1,UV-Vis Spectroscopy,20.3,966.5,5.64,106.1,19.3,185.6,34750806,2015
593,Phyllanthus emblica,Amla,Phyllanthaceae,Phyllantidine,Ellagic acid,Lupeol,Phyllaemblicin,0.5035,9.6378,0.4739,2.6712,0.461,"Western Ghats, Karnataka",12.4671,75.5399,788.6,2009,10,HPLC-MS,23.9,1734.3,5.43,131.9,20.4,219.2,34732613,2009
594,Phyllanthus emblica,Amla,Phyllanthaceae,Phyllantidine,Gallic acid,Lupeol,Phyllaemblicin,0.6346,9.412,0.3642,2.9789,0.338,"Western Ghats, Karnataka",12.1953,75.328,624.5,2018,1,HPLC,18.7,752.9,5.8,110.9,32.5,186.1,35013501,2016
595,Phyllanthus emblica,Amla,Phyllanthaceae,Phyllantine,Emblicanin A,Lupeol,Phyllaemblicin,0.6851,11.6527,0.4944,2.1892,0.272,"Western Ghats, Karnataka",12.8595,75.4143,1210.0,2019,8,HPLC-MS,27.3,3325.3,6.25,114.5,28.0,176.4,34712065,2018
596,Phyllanthus emblica,Amla,Phyllanthaceae,Phyllantine,Gallic acid,Lupeol,Phyllaemblicin,0.6145,7.6818,0.5439,2.3317,0.426,"Western Ghats, Karnataka",12.4916,75.6231,1103.8,2020,3,UV-Vis Spectroscopy,20.3,1862.6,6.09,124.0,23.2,169.5,34931171,2019
597,Phyllanthus emblica,Amla,Phyllanthaceae,Phyllantine,Ellagic acid,Lupeol,Phyllaemblicin,0.5414,7.3527,0.3731,2.4946,0.487,"Western Ghats, Karnataka",12.5606,75.6277,957.3,2008,2,UV-Vis Spectroscopy,17.2,2007.2,5.69,122.4,27.3,179.5,34677029,2006
598,Phyllanthus emblica,Amla,Phyllanthaceae,Phyllantidine,Quercetin,Lupeol,Phyllaemblicin,0.7009,9.3515,0.485,2.4252,0.46,"Western Ghats, Karnataka",12.0623,75.5497,1035.7,2011,4,HPLC-MS,23.7,2122.3,5.49,121.8,23.5,220.0,34770654,2009
599,Phyllanthus emblica,Amla,Phyllanthaceae,Phyllantidine,Quercetin,Lupeol,Phyllaemblicin,0.5847,10.6357,0.5518,2.222,0.44,"Western Ghats, Karnataka",12.2621,75.407,1158.7,2013,11,HPLC-MS,22.9,1495.8,5.38,116.4,26.0,185.3,34952213,2012
600,Phyllanthus emblica,Amla,Phyllanthaceae,Phyllantine,Ellagic acid,Lupeol,Phyllaemblicin,0.6694,11.2157,0.3964,2.5992,0.464,"Western Ghats, Karnataka",11.923,75.5139,1099.8,2016,11,UV-Vis Spectroscopy,24.0,1502.9,5.44,131.5,19.2,165.5,34866654,2016
601,Phyllanthus emblica,Amla,Phyllanthaceae,Phyllantidine,Emblicanin A,Lupeol,Phyllaemblicin,0.5235,7.6964,0.3484,1.8313,0.282,"Dehradun, Uttarakhand",30.4908,78.2641,729.5,2006,3,GC-MS,19.9,1313.9,5.88,106.1,25.7,189.3,31238616,2005
602,Phyllanthus emblica,Amla,Phyllanthaceae,Phyllantidine,Emblicanin A,Lupeol,Phyllaemblicin,0.2682,10.2444,0.4192,3.1555,0.388,"Dehradun, Uttarakhand",30.252,78.4767,30.0,2012,12,GC-MS,18.6,1100.1,6.64,117.6,32.8,170.7,31059454,2011
603,Phyllanthus emblica,Amla,Phyllanthaceae,Phyllantidine,Ellagic acid,Lupeol,Phyllaemblicin,0.7178,9.9689,0.4702,2.5318,0.129,"Dehradun, Uttarakhand",30.3916,79.1628,547.8,2009,10,HPLC,23.9,1435.9,6.02,135.7,30.8,174.5,30905500,2007
604,Phyllanthus emblica,Amla,Phyllanthaceae,Phyllantidine,Gallic acid,Lupeol,Phyllaemblicin,0.5349,11.6191,0.484,1.7528,0.295,"Dehradun, Uttarakhand",29.8581,78.7542,880.9,2011,7,HPLC,26.7,2137.0,6.59,98.7,31.6,186.5,31258482,2009
605,Phyllanthus emblica,Amla,Phyllanthaceae,Phyllantine,Ellagic acid,Lupeol,Phyllaemblicin,0.6538,6.966,0.4153,2.7608,0.149,"Dehradun, Uttarakhand",30.2531,78.8307,433.9,2010,1,HPLC-MS,19.8,650.7,6.02,108.6,22.3,185.9,31106609,2009
606,Phyllanthus emblica,Amla,Phyllanthaceae,Phyllantine,Ellagic acid,Lupeol,Phyllaemblicin,0.5141,8.8682,0.3302,2.2739,0.39,"Dehradun, Uttarakhand",30.2971,78.3342,531.2,2012,11,HPLC,17.5,1239.0,6.48,99.8,18.0,204.4,30843301,2012
607,Phyllanthus emblica,Amla,Phyllanthaceae,Phyllantine,Quercetin,Lupeol,Phyllaemblicin,0.3984,6.9434,0.432,2.9027,0.157,"Dehradun, Uttarakhand",30.1926,78.6047,582.8,2009,1,GC-MS,17.0,843.5,6.67,100.7,11.6,205.9,31125559,2009
608,Phyllanthus emblica,Amla,Phyllanthaceae,Phyllantine,Ellagic acid,Lupeol,Phyllaemblicin,0.7866,9.2498,0.5445,2.481,0.219,"Dehradun, Uttarakhand",30.2936,78.0671,474.2,2009,8,UV-Vis Spectroscopy,27.5,1935.8,6.59,94.2,24.8,203.3,30818796,2008
609,Phyllanthus emblica,Amla,Phyllanthaceae,Phyllantidine,Gallic acid,Lupeol,Phyllaemblicin,0.7194,9.3535,0.502,2.1286,0.258,"Dehradun, Uttarakhand",30.1804,78.9437,811.3,2005,5,UV-Vis Spectroscopy,24.4,1460.5,6.75,118.5,15.2,199.6,30823420,2005
610,Phyllanthus emblica,Amla,Phyllanthaceae,Phyllantidine,Ellagic acid,Lupeol,Phyllaemblicin,0.5478,8.5405,0.4703,2.214,0.13,"Dehradun, Uttarakhand",30.4574,78.2198,423.9,2014,12,GC-MS,15.3,832.4,6.05,116.6,21.6,155.9,31236734,2012
611,Phyllanthus emblica,Amla,Phyllanthaceae,Phyllantine,Gallic acid,Lupeol,Phyllaemblicin,0.5786,8.4909,0.3974,2.4182,0.164,"Dehradun, Uttarakhand",30.2894,78.3419,424.1,2013,1,HPLC,15.6,706.5,7.06,100.6,25.6,189.1,30847033,2011
612,Phyllanthus emblica,Amla,Phyllanthaceae,Phyllantidine,Emblicanin A,Lupeol,Phyllaemblicin,0.592,9.2686,0.3794,2.7717,0.357,"Bhopal, Madhya Pradesh",23.6779,77.7952,381.7,2006,4,GC-MS,22.5,970.6,6.48,76.8,21.7,191.8,34786724,2006
613,Phyllanthus emblica,Amla,Phyllanthaceae,Phyllantine,Gallic acid,Lupeol,Phyllaemblicin,0.6299,11.815,0.4427,2.446,0.404,"Bhopal, Madhya Pradesh",23.4276,78.2829,452.1,2015,8,UV-Vis Spectroscopy,28.2,1483.7,6.99,115.1,17.7,174.5,34640569,2014
614,Phyllanthus emblica,Amla,Phyllanthaceae,Phyllantidine,Gallic acid,Lupeol,Phyllaemblicin,0.6944,10.4688,0.4982,2.1455,0.399,"Bhopal, Madhya Pradesh",23.6424,77.959,413.9,2022,9,HPTLC,28.6,1226.5,7.13,94.6,8.3,186.0,34687480,2022
615,Phyllanthus emblica,Amla,Phyllanthaceae,Phyllantine,Gallic acid,Lupeol,Phyllaemblicin,0.7367,11.9267,0.5572,2.4315,0.137,"Bhopal, Madhya Pradesh",23.6874,78.2415,442.7,2020,6,HPLC,30.5,1508.1,6.46,69.0,25.6,181.0,34687856,2019
616,Phyllanthus emblica,Amla,Phyllanthaceae,Phyllantidine,Quercetin,Lupeol,Phyllaemblicin,0.7517,9.338,0.5578,2.4346,0.405,"Bhopal, Madhya Pradesh",23.4364,77.7992,394.4,2018,7,HPLC-MS,31.7,1262.8,6.66,92.7,28.5,157.3,34765896,2017
617,Phyllanthus emblica,Amla,Phyllanthaceae,Phyllantidine,Gallic acid,Lupeol,Phyllaemblicin,0.4965,6.6625,0.349,2.0851,0.27,"Bhopal, Madhya Pradesh",23.0672,78.0299,566.4,2008,2,HPTLC,21.1,657.5,6.97,70.0,25.0,162.4,34903700,2006
618,Phyllanthus emblica,Amla,Phyllanthaceae,Phyllantine,Gallic acid,Lupeol,Phyllaemblicin,0.8,9.3636,0.5279,2.2402,0.378,"Bhopal, Madhya Pradesh",23.6135,77.9987,514.5,2014,8,UV-Vis Spectroscopy,29.1,1498.6,6.88,81.8,27.4,178.7,34979071,2014
619,Phyllanthus emblica,Amla,Phyllanthaceae,Phyllantidine,Gallic acid,Lupeol,Phyllaemblicin,0.5801,11.6483,0.4727,2.0079,0.216,"Bhopal, Madhya Pradesh",23.2817,77.9101,584.3,2006,6,HPLC,31.9,1381.5,6.41,95.0,13.1,206.2,34797179,2006
620,Phyllanthus emblica,Amla,Phyllanthaceae,Phyllantidine,Gallic acid,Lupeol,Phyllaemblicin,0.4249,8.2114,0.3564,2.8376,0.436,"Bhopal, Madhya Pradesh",23.636,78.1976,262.5,2009,1,GC-MS,19.0,677.3,6.63,77.3,14.1,211.2,34592038,2008
621,Phyllanthus emblica,Amla,Phyllanthaceae,Phyllantidine,Emblicanin A,Lupeol,Phyllaemblicin,0.7217,10.2824,0.5352,2.0843,0.42,"Bhopal, Madhya Pradesh",24.0889,77.4031,426.8,2015,9,HPLC,28.4,1108.0,6.7,68.8,21.1,185.9,34752819,2015
622,Phyllanthus emblica,Amla,Phyllanthaceae,Phyllantidine,Emblicanin A,Lupeol,Phyllaemblicin,0.4906,7.1152,0.5068,2.1385,0.39,"Bhopal, Madhya Pradesh",23.0373,77.9422,349.5,2017,4,HPTLC,22.2,1131.3,6.79,77.1,29.4,184.7,34833503,2015
623,Phyllanthus emblica,Amla,Phyllanthaceae,Phyllantidine,Gallic acid,Lupeol,Phyllaemblicin,0.645,9.8708,0.586,2.5189,0.363,"Pune, Maharashtra",18.166,74.0004,586.4,2008,8,HPLC-MS,27.4,1910.4,6.6,86.4,15.3,201.2,29622729,2006
624,Phyllanthus emblica,Amla,Phyllanthaceae,Phyllantidine,Emblicanin A,Lupeol,Phyllaemblicin,0.6176,9.8415,0.4498,1.6638,0.216,"Pune, Maharashtra",18.7695,73.3931,404.8,2012,2,HPLC,20.1,1295.2,6.38,98.0,25.3,236.1,29709131,2010
625,Phyllanthus emblica,Amla,Phyllanthaceae,Phyllantine,Emblicanin A,Lupeol,Phyllaemblicin,0.7177,9.3396,0.5184,2.1386,0.369,"Pune, Maharashtra",18.4676,73.8161,689.4,2013,7,HPLC-MS,31.5,2459.0,6.65,103.1,26.7,192.8,29327215,2011
626,Phyllanthus emblica,Amla,Phyllanthaceae,Phyllantine,Quercetin,Lupeol,Phyllaemblicin,0.6304,9.799,0.5975,2.2651,0.347,"Pune, Maharashtra",18.5412,73.7397,676.6,2011,9,HPTLC,28.4,1969.8,6.98,96.8,18.7,214.3,29663684,2011
627,Phyllanthus emblica,Amla,Phyllanthaceae,Phyllantine,Quercetin,Lupeol,Phyllaemblicin,0.7994,10.7429,0.4245,2.3734,0.307,"Pune, Maharashtra",18.5741,73.3845,548.6,2016,6,HPLC,29.7,2318.8,6.65,92.5,32.6,194.3,29344689,2014
628,Phyllanthus emblica,Amla,Phyllanthaceae,Phyllantine,Emblicanin A,Lupeol,Phyllaemblicin,0.8345,10.2526,0.4837,2.4971,0.442,"Pune, Maharashtra",17.6698,73.5666,665.6,2006,6,UV-Vis Spectroscopy,30.2,2262.0,6.11,100.5,22.8,202.6,29690866,2005
629,Phyllanthus emblica,Amla,Phyllanthaceae,Phyllantine,Emblicanin A,Lupeol,Phyllaemblicin,0.7269,11.2285,0.5459,1.4861,0.177,"Pune, Maharashtra",18.8892,73.8262,621.4,2006,8,HPLC,30.2,2205.6,6.26,98.7,28.4,210.7,29812799,2006
630,Phyllanthus emblica,Amla,Phyllanthaceae,Phyllantine,Gallic acid,Lupeol,Phyllaemblicin,0.6163,10.2111,0.5295,1.8497,0.117,"Pune, Maharashtra",18.5016,73.6818,547.0,2015,8,HPLC-MS,29.1,2093.1,6.56,86.9,23.3,233.8,29729066,2014
631,Phyllanthus emblica,Amla,Phyllanthaceae,Phyllantine,Ellagic acid,Lupeol,Phyllaemblicin,0.7886,12.0889,0.5336,2.5988,0.495,"Pune, Maharashtra",18.1981,73.7924,421.7,2017,8,HPLC-MS,27.5,2322.7,6.85,104.1,25.7,205.1,29518741,2015
632,Phyllanthus emblica,Amla,Phyllanthaceae,Phyllantidine,Emblicanin A,Lupeol,Phyllaemblicin,0.806,10.1155,0.5462,2.4631,0.269,"Pune, Maharashtra",18.3595,73.7853,693.6,2022,5,HPLC,27.9,2238.7,6.53,101.6,20.9,229.4,29800706,2021
633,Phyllanthus emblica,Amla,Phyllanthaceae,Phyllantine,Ellagic acid,Lupeol,Phyllaemblicin,0.5644,8.6544,0.4308,2.6643,0.43,"Pune, Maharashtra",18.3528,73.5107,587.4,2015,3,HPTLC,21.9,1272.7,6.24,110.9,24.0,198.6,29506710,2014
634,Phyllanthus emblica,Amla,Phyllanthaceae,Phyllantidine,Emblicanin A,Lupeol,Phyllaemblicin,0.5992,11.1662,0.511,2.5195,0.104,"Tirupati, Andhra Pradesh",13.8381,79.5379,391.4,2009,9,HPTLC,31.3,878.1,6.57,83.0,24.1,136.1,21513316,2007
635,Phyllanthus emblica,Amla,Phyllanthaceae,Phyllantidine,Gallic acid,Lupeol,Phyllaemblicin,0.7441,12.4129,0.5253,1.8374,0.133,"Tirupati, Andhra Pradesh",13.4811,79.4791,325.5,2020,7,HPLC-MS,31.6,1107.9,6.97,81.8,26.3,194.5,21608039,2020
636,Phyllanthus emblica,Amla,Phyllanthaceae,Phyllantidine,Ellagic acid,Lupeol,Phyllaemblicin,0.4323,10.0474,0.3397,2.1738,0.168,"Tirupati, Andhra Pradesh",13.7616,79.5321,409.3,2011,9,HPLC,29.9,909.5,7.69,78.5,17.8,127.1,21370525,2010
637,Phyllanthus emblica,Amla,Phyllanthaceae,Phyllantine,Emblicanin A,Lupeol,Phyllaemblicin,0.7724,8.4817,0.3681,2.2599,0.146,"Tirupati, Andhra Pradesh",13.0178,79.1275,424.7,2023,4,HPLC-MS,27.3,821.9,6.92,66.7,10.6,169.8,21514870,2023
638,Phyllanthus emblica,Amla,Phyllanthaceae,Phyllantidine,Emblicanin A,Lupeol,Phyllaemblicin,0.5418,7.5783,0.3495,2.5575,0.325,"Tirupati, Andhra Pradesh",13.6892,79.6553,375.7,2012,2,HPLC-MS,24.2,638.9,7.22,93.7,19.3,157.4,21422473,2012
639,Phyllanthus emblica,Amla,Phyllanthaceae,Phyllantidine,Emblicanin A,Lupeol,Phyllaemblicin,0.6799,9.5654,0.549,2.25,0.232,"Tirupati, Andhra Pradesh",13.5886,79.3368,284.1,2009,9,HPLC,29.4,932.0,7.16,89.8,17.1,153.8,21298372,2007
640,Phyllanthus emblica,Amla,Phyllanthaceae,Phyllantine,Emblicanin A,Lupeol,Phyllaemblicin,0.5648,9.95,0.2865,1.9417,0.414,"Tirupati, Andhra Pradesh",14.0591,79.6917,188.2,2005,7,HPLC,33.9,1153.0,7.18,82.2,17.0,175.2,21206184,2005
641,Phyllanthus emblica,Amla,Phyllanthaceae,Phyllantine,Gallic acid,Lupeol,Phyllaemblicin,0.488,8.5195,0.3079,2.7593,0.339,"Tirupati, Andhra Pradesh",13.594,78.9591,189.6,2017,12,GC-MS,21.2,530.6,7.38,84.5,19.1,169.6,21512217,2015
642,Phyllanthus emblica,Amla,Phyllanthaceae,Phyllantidine,Ellagic acid,Lupeol,Phyllaemblicin,0.6316,7.6134,0.3274,2.0759,0.364,"Tirupati, Andhra Pradesh",13.4878,79.2255,214.4,2010,2,HPLC,24.2,351.9,7.4,103.8,12.4,191.0,21161444,2008
643,Phyllanthus emblica,Amla,Phyllanthaceae,Phyllantidine,Ellagic acid,Lupeol,Phyllaemblicin,0.4633,5.8526,0.3653,2.4074,0.268,"Tirupati, Andhra Pradesh",13.5844,79.1845,281.1,2006,2,HPTLC,25.6,505.6,7.43,94.1,19.5,144.4,21195455,2005
644,Phyllanthus emblica,Amla,Phyllanthaceae,Phyllantine,Ellagic acid,Lupeol,Phyllaemblicin,0.6681,9.4958,0.4623,1.8062,0.332,"Tirupati, Andhra Pradesh",13.1453,79.2119,420.8,2018,10,HPLC-MS,28.4,900.2,7.34,95.5,17.3,165.0,21621970,2016
645,Phyllanthus emblica,Amla,Phyllanthaceae,Phyllantine,Quercetin,Lupeol,Phyllaemblicin,0.4596,9.8479,0.3784,2.3699,0.226,"Bhubaneswar, Odisha",20.2223,85.8035,107.5,2017,11,HPLC,23.4,1038.0,6.19,115.7,25.2,181.5,28007262,2017
646,Phyllanthus emblica,Amla,Phyllanthaceae,Phyllantine,Ellagic acid,Lupeol,Phyllaemblicin,0.4675,11.7309,0.4173,2.6106,0.46,"Bhubaneswar, Odisha",20.122,85.307,49.2,2022,11,HPLC-MS,24.7,960.5,6.27,91.5,21.1,185.8,28029894,2020
647,Phyllanthus emblica,Amla,Phyllanthaceae,Phyllantine,Quercetin,Lupeol,Phyllaemblicin,0.5289,7.0473,0.3671,2.9531,0.117,"Bhubaneswar, Odisha",20.3045,85.6704,10.0,2013,1,HPLC,19.8,433.6,5.92,89.5,18.4,191.1,27949277,2012
648,Phyllanthus emblica,Amla,Phyllanthaceae,Phyllantidine,Emblicanin A,Lupeol,Phyllaemblicin,0.5565,12.266,0.4722,2.0777,0.329,"Bhubaneswar, Odisha",20.3867,85.4537,99.8,2014,7,UV-Vis Spectroscopy,30.6,1934.3,6.32,102.9,26.5,178.2,28029262,2013
649,Phyllanthus emblica,Amla,Phyllanthaceae,Phyllantidine,Gallic acid,Lupeol,Phyllaemblicin,0.5758,10.9273,0.3108,2.5329,0.379,"Bhubaneswar, Odisha",19.7553,86.1524,112.4,2021,11,HPTLC,21.7,995.1,5.96,72.7,23.4,162.9,28164587,2021
650,Phyllanthus emblica,Amla,Phyllanthaceae,Phyllantidine,Quercetin,Lupeol,Phyllaemblicin,0.7834,9.8371,0.4019,2.0703,0.32,"Bhubaneswar, Odisha",20.0802,86.5241,120.9,2006,5,UV-Vis Spectroscopy,29.2,1483.8,5.89,95.4,19.3,203.1,27790715,2005
651,Phyllanthus emblica,Amla,Phyllanthaceae,Phyllantine,Ellagic acid,Lupeol,Phyllaemblicin,0.6326,8.8209,0.4279,2.2537,0.18,"Bhubaneswar, Odisha",20.0784,85.6119,170.4,2019,4,UV-Vis Spectroscopy,28.7,1348.4,6.47,113.0,24.7,186.2,28098550,2017
652,Phyllanthus emblica,Amla,Phyllanthaceae,Phyllantine,Gallic acid,Lupeol,Phyllaemblicin,0.6066,9.529,0.3188,2.6084,0.245,"Bhubaneswar, Odisha",20.4825,85.7751,99.8,2011,12,HPLC-MS,22.4,1020.1,6.34,94.2,22.0,204.7,27841089,2011
653,Phyllanthus emblica,Amla,Phyllanthaceae,Phyllantidine,Gallic acid,Lupeol,Phyllaemblicin,0.7075,10.9535,0.3713,1.9294,0.107,"Bhubaneswar, Odisha",20.7398,86.1278,71.1,2015,9,HPTLC,27.8,1565.4,5.63,73.9,23.4,195.2,27894957,2014
654,Phyllanthus emblica,Amla,Phyllanthaceae,Phyllantine,Emblicanin A,Lupeol,Phyllaemblicin,0.7865,6.6965,0.4521,2.5114,0.267,"Bhubaneswar, Odisha",20.3023,85.1759,58.9,2016,5,UV-Vis Spectroscopy,27.4,1393.5,6.01,81.7,25.9,214.0,27823588,2015
655,Phyllanthus emblica,Amla,Phyllanthaceae,Phyllantidine,Ellagic acid,Lupeol,Phyllaemblicin,0.6058,8.9053,0.4203,2.0552,0.358,"Bhubaneswar, Odisha",20.0997,85.9603,10.0,2021,4,HPLC-MS,25.0,1245.2,5.57,103.3,22.6,164.1,28140921,2020
656,Phyllanthus emblica,Amla,Phyllanthaceae,Phyllantine,Gallic acid,Lupeol,Phyllaemblicin,0.6388,7.1806,0.3702,2.3152,0.109,"Chandigarh, Punjab",31.137,76.6634,251.7,2021,3,GC-MS,19.1,438.9,7.36,75.7,17.7,197.5,22734109,2021
657,Phyllanthus emblica,Amla,Phyllanthaceae,Phyllantine,Gallic acid,Lupeol,Phyllaemblicin,0.5823,10.4612,0.4379,1.9655,0.258,"Chandigarh, Punjab",30.7897,76.9181,337.7,2013,8,HPLC-MS,26.3,806.3,7.5,80.2,25.3,161.9,22604130,2012
658,Phyllanthus emblica,Amla,Phyllanthaceae,Phyllantidine,Quercetin,Lupeol,Phyllaemblicin,0.5344,8.8146,0.3694,2.6169,0.368,"Chandigarh, Punjab",30.2385,76.72,291.7,2005,11,HPLC,21.2,510.2,7.62,63.3,24.0,140.5,22727851,2005
659,Phyllanthus emblica,Amla,Phyllanthaceae,Phyllantine,Quercetin,Lupeol,Phyllaemblicin,0.6717,9.734,0.4276,1.6199,0.409,"Chandigarh, Punjab",30.7618,76.1686,364.2,2009,7,HPLC-MS,31.6,980.4,8.42,87.2,21.5,153.7,22420712,2008
660,Phyllanthus emblica,Amla,Phyllanthaceae,Phyllantidine,Ellagic acid,Lupeol,Phyllaemblicin,0.7087,7.2863,0.3377,2.1948,0.301,"Chandigarh, Punjab",30.9481,76.6564,372.4,2008,3,GC-MS,25.0,520.2,6.98,64.5,21.6,164.5,22701720,2007
661,Phyllanthus emblica,Amla,Phyllanthaceae,Phyllantine,Ellagic acid,Lupeol,Phyllaemblicin,0.6936,11.4769,0.6104,2.2884,0.238,"Chandigarh, Punjab",30.8647,76.8759,307.8,2009,6,HPLC,27.1,736.3,7.27,105.8,14.5,175.0,22605025,2008
662,Phyllanthus emblica,Amla,Phyllanthaceae,Phyllantidine,Emblicanin A,Lupeol,Phyllaemblicin,0.5976,8.6978,0.4481,2.2952,0.397,"Chandigarh, Punjab",30.4356,76.6947,398.4,2015,5,HPLC-MS,26.7,824.4,7.3,115.8,15.1,179.5,22429064,2013
663,Phyllanthus emblica,Amla,Phyllanthaceae,Phyllantidine,Emblicanin A,Lupeol,Phyllaemblicin,0.6249,7.675,0.3109,2.3281,0.467,"Chandigarh, Punjab",30.2365,76.8753,334.1,2021,1,HPLC-MS,19.2,371.3,7.48,90.3,27.4,180.7,22479444,2019
664,Phyllanthus emblica,Amla,Phyllanthaceae,Phyllantine,Quercetin,Lupeol,Phyllaemblicin,0.6991,10.54,0.3546,2.4683,0.298,"Chandigarh, Punjab",30.4547,77.2865,275.3,2008,10,HPLC-MS,25.8,653.2,7.33,57.1,20.8,195.6,22816734,2006
665,Phyllanthus emblica,Amla,Phyllanthaceae,Phyllantidine,Emblicanin A,Lupeol,Phyllaemblicin,0.7255,6.2416,0.3095,2.1602,0.19,"Chandigarh, Punjab",30.8311,76.9157,403.8,2015,3,HPLC-MS,21.2,581.8,6.95,91.5,19.2,191.3,22614072,2013
666,Phyllanthus emblica,Amla,Phyllanthaceae,Phyllantidine,Quercetin,Lupeol,Phyllaemblicin,0.61,11.1943,0.3685,2.682,0.283,"Chandigarh, Punjab",30.7318,76.533,291.5,2022,9,HPLC,28.9,685.4,6.81,77.8,20.4,165.2,22601325,2021
667,Phyllanthus emblica,Amla,Phyllanthaceae,Phyllantine,Gallic acid,Lupeol,Phyllaemblicin,0.5727,11.8305,0.585,2.3023,0.123,"Shimla, Himachal Pradesh",31.5657,76.6691,1621.1,2009,7,HPLC,18.9,1556.1,5.86,107.9,18.9,199.6,21137499,2008
668,Phyllanthus emblica,Amla,Phyllanthaceae,Phyllantine,Ellagic acid,Lupeol,Phyllaemblicin,0.5087,8.3674,0.3867,2.2921,0.493,"Shimla, Himachal Pradesh",30.9508,77.5869,2785.5,2010,11,UV-Vis Spectroscopy,15.2,903.1,5.82,85.0,15.5,208.5,21108339,2010
669,Phyllanthus emblica,Amla,Phyllanthaceae,Phyllantine,Emblicanin A,Lupeol,Phyllaemblicin,0.739,9.6643,0.4218,2.8875,0.219,"Shimla, Himachal Pradesh",30.9077,77.6677,2495.4,2022,10,GC-MS,15.2,1108.4,5.81,95.2,10.6,142.5,20831315,2022
670,Phyllanthus emblica,Amla,Phyllanthaceae,Phyllantidine,Emblicanin A,Lupeol,Phyllaemblicin,0.7109,7.275,0.4084,2.3488,0.304,"Shimla, Himachal Pradesh",30.3342,77.2762,1806.0,2010,3,HPLC-MS,10.3,994.8,6.01,95.5,12.0,145.2,21152312,2008
671,Phyllanthus emblica,Amla,Phyllanthaceae,Phyllantine,Gallic acid,Lupeol,Phyllaemblicin,0.5758,12.1219,0.576,2.1936,0.311,"Shimla, Himachal Pradesh",31.1788,76.735,1910.2,2007,8,HPLC-MS,17.1,1742.1,6.2,63.0,22.4,163.9,20892302,2006
672,Phyllanthus emblica,Amla,Phyllanthaceae,Phyllantine,Emblicanin A,Lupeol,Phyllaemblicin,0.6237,9.2303,0.5378,1.9458,0.498,"Shimla, Himachal Pradesh",31.3668,77.5077,2236.9,2008,10,HPLC-MS,15.5,1035.8,6.31,89.3,21.6,169.1,20747478,2008
673,Phyllanthus emblica,Amla,Phyllanthaceae,Phyllantidine,Quercetin,Lupeol,Phyllaemblicin,0.486,6.7495,0.4905,2.6661,0.361,"Shimla, Himachal Pradesh",30.6302,77.9457,2354.3,2020,1,HPTLC,8.2,533.8,5.88,105.1,9.2,184.1,21038230,2019
674,Phyllanthus emblica,Amla,Phyllanthaceae,Phyllantidine,Quercetin,Lupeol,Phyllaemblicin,0.733,9.3705,0.517,1.9107,0.258,"Shimla, Himachal Pradesh",31.3109,76.9056,2059.9,2018,6,GC-MS,19.6,1565.4,5.49,77.1,21.7,151.1,20787822,2016
675,Phyllanthus emblica,Amla,Phyllanthaceae,Phyllantine,Gallic acid,Lupeol,Phyllaemblicin,0.6574,11.9903,0.4659,1.8532,0.319,"Shimla, Himachal Pradesh",30.8417,77.1948,2014.4,2013,8,UV-Vis Spectroscopy,20.6,1608.3,5.86,107.9,23.6,186.7,20824186,2013
676,Phyllanthus emblica,Amla,Phyllanthaceae,Phyllantine,Emblicanin A,Lupeol,Phyllaemblicin,0.6331,7.486,0.3785,1.8549,0.185,"Shimla, Himachal Pradesh",31.0637,76.9188,1620.5,2022,2,GC-MS,10.5,488.3,6.05,78.5,13.2,144.7,20944795,2022
677,Phyllanthus emblica,Amla,Phyllanthaceae,Phyllantine,Quercetin,Lupeol,Phyllaemblicin,0.5009,10.1128,0.5887,2.5304,0.191,"Shimla, Himachal Pradesh",31.111,77.0564,1819.9,2006,9,HPLC,15.2,1312.9,6.2,97.9,27.5,160.5,20734809,2005
678,Phyllanthus emblica,Amla,Phyllanthaceae,Phyllantidine,Emblicanin A,Lupeol,Phyllaemblicin,0.6677,11.5067,0.437,2.1599,0.295,"Ranchi, Jharkhand",23.5062,85.9961,636.9,2016,8,UV-Vis Spectroscopy,31.3,1531.8,6.41,89.9,11.8,159.6,26332377,2015
679,Phyllanthus emblica,Amla,Phyllanthaceae,Phyllantine,Emblicanin A,Lupeol,Phyllaemblicin,0.5135,8.9158,0.4176,2.4224,0.246,"Ranchi, Jharkhand",23.3834,85.2318,686.9,2007,4,UV-Vis Spectroscopy,26.1,1184.2,6.15,73.7,23.5,173.6,26186934,2005
680,Phyllanthus emblica,Amla,Phyllanthaceae,Phyllantidine,Quercetin,Lupeol,Phyllaemblicin,0.3671,8.2367,0.3425,2.5399,0.117,"Ranchi, Jharkhand",23.1677,85.3711,755.4,2007,1,HPLC,22.2,707.7,5.84,96.3,25.6,174.0,26300588,2005
681,Phyllanthus emblica,Amla,Phyllanthaceae,Phyllantidine,Emblicanin A,Lupeol,Phyllaemblicin,0.5607,7.314,0.3855,2.4406,0.38,"Ranchi, Jharkhand",23.0506,85.2494,736.7,2021,2,UV-Vis Spectroscopy,19.8,677.2,6.16,74.9,21.9,182.5,26483876,2019
682,Phyllanthus emblica,Amla,Phyllanthaceae,Phyllantidine,Quercetin,Lupeol,Phyllaemblicin,0.6597,11.4226,0.4472,2.7305,0.4,"Ranchi, Jharkhand",23.647,85.3454,557.9,2017,9,HPLC,27.9,1393.0,7.03,84.7,16.6,166.4,26606434,2015
683,Phyllanthus emblica,Amla,Phyllanthaceae,Phyllantidine,Gallic acid,Lupeol,Phyllaemblicin,0.656,10.327,0.375,1.9855,0.176,"Ranchi, Jharkhand",23.3262,85.4138,708.5,2009,4,HPLC,25.3,1055.2,6.23,92.4,30.7,180.8,26625568,2009
684,Phyllanthus emblica,Amla,Phyllanthaceae,Phyllantine,Gallic acid,Lupeol,Phyllaemblicin,0.7109,6.2889,0.4593,2.2937,0.336,"Ranchi, Jharkhand",23.3428,85.4656,499.6,2012,3,HPLC,25.2,985.8,6.59,79.3,16.3,222.4,26491743,2010
685,Phyllanthus emblica,Amla,Phyllanthaceae,Phyllantidine,Quercetin,Lupeol,Phyllaemblicin,0.7143,11.783,0.5369,2.1726,0.494,"Ranchi, Jharkhand",23.2611,85.5837,558.1,2015,9,HPTLC,28.5,1578.5,5.79,66.0,21.2,166.3,26501432,2013
686,Phyllanthus emblica,Amla,Phyllanthaceae,Phyllantine,Ellagic acid,Lupeol,Phyllaemblicin,0.5001,9.3206,0.3904,2.5616,0.296,"Ranchi, Jharkhand",23.5606,85.2642,758.8,2015,2,HPLC-MS,20.0,739.1,6.44,89.1,24.0,210.5,26654585,2014
687,Phyllanthus emblica,Amla,Phyllanthaceae,Phyllantine,Emblicanin A,Lupeol,Phyllaemblicin,0.5035,8.5906,0.3786,2.8544,0.178,"Ranchi, Jharkhand",23.1613,85.2384,636.3,2016,11,HPLC-MS,21.7,743.3,6.24,80.7,23.1,160.3,26341838,2014
688,Phyllanthus emblica,Amla,Phyllanthaceae,Phyllantine,Quercetin,Lupeol,Phyllaemblicin,0.5882,6.5062,0.4717,2.7681,0.146,"Ranchi, Jharkhand",23.3103,85.412,559.7,2012,3,HPLC,24.2,1017.6,5.81,82.6,15.1,180.6,26635670,2012
689,Allium sativum,Garlic,Amaryllidaceae,Alliin,Myricetin,Allicin,Allixin glucoside,0.7027,3.5637,2.0389,2.0577,0.241,"Dehradun, Uttarakhand",30.0898,78.3815,799.8,2006,10,GC-MS,22.0,1368.2,6.48,125.5,24.0,173.2,20539488,2005
690,Allium sativum,Garlic,Amaryllidaceae,Alliin,Quercetin,Ajoene,Allixin glucoside,0.8664,2.9415,1.3177,1.303,0.263,"Dehradun, Uttarakhand",30.8135,78.3838,868.3,2007,11,HPLC,15.6,826.4,6.62,115.2,20.6,224.4,20172179,2007
691,Allium sativum,Garlic,Amaryllidaceae,Alliin,Quercetin,Allicin,Allixin glucoside,0.8742,2.9881,1.6383,1.7253,0.493,"Dehradun, Uttarakhand",30.3172,78.3752,616.7,2020,4,HPLC,23.4,1288.4,6.67,115.9,24.4,182.3,20212211,2018
692,Allium sativum,Garlic,Amaryllidaceae,Alliin,Myricetin,Diallyl disulfide,Allixin glucoside,0.6886,2.4698,1.8409,1.9519,0.464,"Dehradun, Uttarakhand",30.0274,78.303,341.1,2017,1,HPLC,16.0,668.3,6.95,98.8,22.9,216.4,20132287,2017
693,Allium sativum,Garlic,Amaryllidaceae,Alliin,Myricetin,Diallyl disulfide,Allixin glucoside,0.9117,2.8236,2.1923,1.5326,0.335,"Dehradun, Uttarakhand",30.1251,78.781,879.1,2020,3,HPLC,18.7,910.2,6.59,109.7,23.6,167.3,20440408,2018
694,Allium sativum,Garlic,Amaryllidaceae,Alliin,Quercetin,Ajoene,Allixin glucoside,0.9506,2.8399,1.7491,1.5016,0.338,"Dehradun, Uttarakhand",30.56,78.2155,745.8,2013,5,HPLC-MS,22.5,1567.2,6.38,109.1,20.4,161.9,20163779,2012
695,Allium sativum,Garlic,Amaryllidaceae,Alliin,Myricetin,Diallyl disulfide,Allixin glucoside,0.8031,2.5351,1.8892,1.696,0.25,"Dehradun, Uttarakhand",30.1405,78.5048,422.9,2014,2,HPLC,17.4,1083.4,6.81,115.3,20.5,212.9,20271932,2012
696,Allium sativum,Garlic,Amaryllidaceae,Alliin,Myricetin,Ajoene,Allixin glucoside,0.775,2.7536,1.5233,1.7211,0.485,"Dehradun, Uttarakhand",30.1335,77.818,706.0,2017,2,HPLC,15.1,837.2,7.05,114.3,26.9,221.5,20495975,2015
697,Allium sativum,Garlic,Amaryllidaceae,Alliin,Quercetin,Diallyl disulfide,Allixin glucoside,1.0028,3.0666,1.5024,1.7125,0.359,"Dehradun, Uttarakhand",30.1189,79.1119,764.1,2021,10,HPLC-MS,22.0,1226.7,6.53,107.1,20.6,217.0,20421254,2019
698,Allium sativum,Garlic,Amaryllidaceae,Alliin,Quercetin,Diallyl disulfide,Allixin glucoside,0.6666,2.1788,1.5866,1.933,0.163,"Dehradun, Uttarakhand",30.2204,78.5691,848.2,2018,2,GC-MS,17.1,783.8,6.3,127.8,17.3,213.7,20530921,2018
699,Allium sativum,Garlic,Amaryllidaceae,Alliin,Myricetin,Allicin,Allixin glucoside,0.8147,3.2006,1.8588,1.646,0.385,"Dehradun, Uttarakhand",30.1311,78.135,675.8,2014,9,UV-Vis Spectroscopy,21.9,1390.8,7.16,98.4,21.2,195.2,20562756,2012
700,Allium sativum,Garlic,Amaryllidaceae,Alliin,Quercetin,Allicin,Allixin glucoside,0.6127,2.5861,1.5781,2.0157,0.477,"Dehradun, Uttarakhand",30.1306,78.5927,777.1,2009,12,HPLC,15.3,754.4,6.01,114.9,22.8,183.9,20561899,2007
701,Allium sativum,Garlic,Amaryllidaceae,Alliin,Myricetin,Allicin,Allixin glucoside,0.6916,3.1169,1.5891,1.5541,0.49,"Dehradun, Uttarakhand",30.3545,78.7793,631.9,2013,11,HPLC-MS,19.2,1120.4,5.97,106.3,36.7,159.9,20356210,2012
702,Allium sativum,Garlic,Amaryllidaceae,Alliin,Quercetin,Allicin,Allixin glucoside,0.5137,2.9083,1.7554,1.6442,0.24,"Dehradun, Uttarakhand",29.6831,78.3173,682.0,2010,11,HPLC,18.3,1074.8,6.65,135.3,26.4,188.2,20539851,2009
703,Allium sativum,Garlic,Amaryllidaceae,Alliin,Quercetin,Allicin,Allixin glucoside,1.019,3.0176,1.9971,1.4647,0.199,"Dehradun, Uttarakhand",30.5256,78.5062,680.1,2018,5,HPLC,22.7,1754.4,6.77,97.8,21.0,144.0,20587679,2017
704,Allium sativum,Garlic,Amaryllidaceae,Alliin,Quercetin,Diallyl disulfide,Allixin glucoside,0.9875,2.7077,1.6674,1.4165,0.496,"Dehradun, Uttarakhand",31.0019,78.3568,670.3,2008,9,GC-MS,20.9,1751.4,6.48,104.8,23.3,173.1,20581265,2006
705,Allium sativum,Garlic,Amaryllidaceae,Alliin,Myricetin,Allicin,Allixin glucoside,1.0009,2.9447,1.6974,1.5556,0.134,"Jodhpur, Rajasthan",26.4907,73.4801,262.9,2021,9,HPLC,30.5,476.3,7.4,72.4,19.4,128.1,30879224,2020
706,Allium sativum,Garlic,Amaryllidaceae,Alliin,Myricetin,Diallyl disulfide,Allixin glucoside,0.8587,2.604,1.9765,1.377,0.171,"Jodhpur, Rajasthan",26.2883,73.3285,475.5,2006,5,HPLC-MS,32.8,419.5,7.73,46.7,7.9,160.8,30989722,2005
707,Allium sativum,Garlic,Amaryllidaceae,Alliin,Quercetin,Ajoene,Allixin glucoside,0.9354,2.8897,1.7159,1.5823,0.484,"Jodhpur, Rajasthan",26.6347,73.2085,379.1,2011,6,HPTLC,35.6,502.7,8.55,50.5,15.2,176.4,30875609,2011
708,Allium sativum,Garlic,Amaryllidaceae,Alliin,Quercetin,Ajoene,Allixin glucoside,0.7321,2.452,1.8958,1.6385,0.142,"Jodhpur, Rajasthan",26.5499,73.7229,282.2,2009,5,HPLC-MS,29.6,474.5,8.09,72.4,9.0,170.0,31051227,2007
709,Allium sativum,Garlic,Amaryllidaceae,Alliin,Quercetin,Allicin,Allixin glucoside,0.9064,1.7463,1.3532,1.3914,0.469,"Jodhpur, Rajasthan",26.9266,72.9235,443.7,2015,3,HPTLC,27.5,254.8,7.75,72.5,14.0,162.8,30657628,2013
710,Allium sativum,Garlic,Amaryllidaceae,Alliin,Quercetin,Diallyl disulfide,Allixin glucoside,0.7621,2.022,1.4084,1.6348,0.181,"Jodhpur, Rajasthan",26.5644,73.5664,263.7,2008,2,HPLC-MS,23.9,307.9,8.4,67.8,17.4,162.3,30713944,2007
711,Allium sativum,Garlic,Amaryllidaceae,Alliin,Quercetin,Diallyl disulfide,Allixin glucoside,0.85,2.9922,1.8359,1.8751,0.492,"Jodhpur, Rajasthan",26.6507,73.0133,341.5,2010,9,GC-MS,30.7,369.0,8.11,67.8,17.5,170.8,30950353,2008
712,Allium sativum,Garlic,Amaryllidaceae,Alliin,Myricetin,Allicin,Allixin glucoside,0.8635,2.668,1.7541,1.2129,0.252,"Jodhpur, Rajasthan",26.7486,72.7619,339.5,2007,7,HPLC-MS,32.4,525.2,7.89,60.4,11.6,172.2,30963145,2007
713,Allium sativum,Garlic,Amaryllidaceae,Alliin,Quercetin,Diallyl disulfide,Allixin glucoside,0.992,3.1036,1.7293,1.2875,0.159,"Jodhpur, Rajasthan",26.476,73.5411,358.7,2021,6,HPLC,32.3,488.9,8.07,65.5,24.0,185.6,30682516,2019
714,Allium sativum,Garlic,Amaryllidaceae,Alliin,Myricetin,Ajoene,Allixin glucoside,0.7195,1.9463,1.4642,1.9409,0.105,"Jodhpur, Rajasthan",26.4632,73.6457,343.9,2006,1,HPLC-MS,21.9,138.2,8.04,45.4,11.0,159.4,30872661,2005
715,Allium sativum,Garlic,Amaryllidaceae,Alliin,Quercetin,Diallyl disulfide,Allixin glucoside,0.7178,2.0476,1.7218,1.5247,0.368,"Jodhpur, Rajasthan",26.6407,73.8309,317.3,2012,5,HPLC,28.3,470.1,8.12,66.9,6.7,192.8,31145469,2011
716,Allium sativum,Garlic,Amaryllidaceae,Alliin,Myricetin,Allicin,Allixin glucoside,0.8562,2.5857,1.5315,1.4908,0.192,"Jodhpur, Rajasthan",26.2526,73.7436,499.4,2013,5,UV-Vis Spectroscopy,30.8,443.5,7.65,61.6,20.0,113.9,31055135,2011
717,Allium sativum,Garlic,Amaryllidaceae,Alliin,Quercetin,Allicin,Allixin glucoside,0.997,3.0278,1.9298,1.4582,0.431,"Jodhpur, Rajasthan",26.963,72.9991,230.3,2015,8,HPLC,32.8,541.0,7.59,64.8,11.6,142.6,30852891,2013
718,Allium sativum,Garlic,Amaryllidaceae,Alliin,Myricetin,Allicin,Allixin glucoside,0.5727,3.3408,2.0307,1.5259,0.106,"Jodhpur, Rajasthan",26.5932,73.2524,311.5,2008,10,HPLC,29.7,381.7,7.99,61.5,16.3,145.0,31004601,2007
719,Allium sativum,Garlic,Amaryllidaceae,Alliin,Myricetin,Allicin,Allixin glucoside,0.9528,3.4483,2.018,1.6424,0.171,"Jodhpur, Rajasthan",26.1433,73.1544,288.1,2021,7,HPLC,34.7,448.1,7.63,51.6,15.5,152.0,30877120,2019
720,Allium sativum,Garlic,Amaryllidaceae,Alliin,Quercetin,Ajoene,Allixin glucoside,0.7866,2.4624,1.3112,1.454,0.225,"Jodhpur, Rajasthan",26.2378,73.0787,418.2,2016,3,UV-Vis Spectroscopy,25.3,343.9,8.15,47.0,9.9,138.0,30688766,2015
721,Allium sativum,Garlic,Amaryllidaceae,Alliin,Quercetin,Ajoene,Allixin glucoside,0.7747,3.2578,2.2701,1.6765,0.493,"Bhopal, Madhya Pradesh",23.2434,78.4613,429.1,2020,7,HPLC-MS,30.6,1419.7,6.26,98.6,21.1,180.2,24246187,2020
722,Allium sativum,Garlic,Amaryllidaceae,Alliin,Quercetin,Allicin,Allixin glucoside,0.9242,2.7674,1.5005,1.4632,0.238,"Bhopal, Madhya Pradesh",23.5695,78.3781,407.9,2015,4,HPLC,25.6,1156.4,7.03,91.3,21.1,162.8,24230422,2013
723,Allium sativum,Garlic,Amaryllidaceae,Alliin,Myricetin,Allicin,Allixin glucoside,0.7393,2.0583,1.4003,1.7464,0.107,"Bhopal, Madhya Pradesh",22.8348,78.1059,453.0,2005,2,HPLC-MS,20.2,740.0,7.43,88.1,24.8,190.9,24138534,2005
724,Allium sativum,Garlic,Amaryllidaceae,Alliin,Myricetin,Diallyl disulfide,Allixin glucoside,0.7942,3.0744,1.6801,1.3952,0.321,"Bhopal, Madhya Pradesh",23.6464,78.4819,364.5,2006,6,HPLC,27.7,1303.8,6.71,89.1,21.1,182.8,24068091,2005
725,Allium sativum,Garlic,Amaryllidaceae,Alliin,Myricetin,Ajoene,Allixin glucoside,0.9403,3.2199,2.1486,1.3902,0.312,"Bhopal, Madhya Pradesh",23.2822,77.6205,535.8,2014,6,HPLC,32.0,1349.9,6.92,83.8,7.1,188.9,24296566,2012
726,Allium sativum,Garlic,Amaryllidaceae,Alliin,Myricetin,Diallyl disulfide,Allixin glucoside,1.1356,3.0462,2.0405,1.5859,0.457,"Bhopal, Madhya Pradesh",23.9122,77.5928,391.1,2021,6,GC-MS,28.6,1411.4,7.04,71.4,20.5,133.2,24123357,2019
727,Allium sativum,Garlic,Amaryllidaceae,Alliin,Quercetin,Allicin,Allixin glucoside,0.8859,3.4127,1.9252,1.8534,0.166,"Bhopal, Madhya Pradesh",23.8593,78.0386,552.5,2022,9,HPLC,26.8,1567.8,6.46,98.5,20.3,186.9,24428758,2021
728,Allium sativum,Garlic,Amaryllidaceae,Alliin,Quercetin,Ajoene,Allixin glucoside,0.8192,2.8102,1.1104,1.4582,0.333,"Bhopal, Madhya Pradesh",23.4999,78.3164,412.0,2005,2,HPLC,20.7,1025.3,6.57,95.8,21.1,193.0,24084239,2005
729,Allium sativum,Garlic,Amaryllidaceae,Alliin,Myricetin,Diallyl disulfide,Allixin glucoside,0.8683,2.3362,1.3697,1.9498,0.13,"Bhopal, Madhya Pradesh",23.9033,78.0313,406.1,2011,2,GC-MS,22.9,869.8,6.66,80.4,10.9,136.5,24232962,2009
730,Allium sativum,Garlic,Amaryllidaceae,Alliin,Myricetin,Ajoene,Allixin glucoside,0.656,3.8891,1.6242,1.4866,0.186,"Bhopal, Madhya Pradesh",23.1307,78.1518,459.9,2021,10,GC-MS,22.2,972.9,6.69,81.7,18.3,193.4,24249785,2021
731,Allium sativum,Garlic,Amaryllidaceae,Alliin,Myricetin,Ajoene,Allixin glucoside,1.1479,3.7936,1.8464,1.567,0.264,"Bhopal, Madhya Pradesh",24.1133,77.7076,531.3,2010,6,GC-MS,29.3,1509.5,6.91,96.4,22.3,223.0,24342589,2009
732,Allium sativum,Garlic,Amaryllidaceae,Alliin,Quercetin,Diallyl disulfide,Allixin glucoside,0.817,2.3426,1.499,1.5535,0.152,"Bhopal, Madhya Pradesh",23.9016,78.3566,557.7,2011,2,GC-MS,22.5,781.8,6.79,84.7,21.4,211.6,24367598,2011
733,Allium sativum,Garlic,Amaryllidaceae,Alliin,Myricetin,Ajoene,Allixin glucoside,0.8134,2.4827,1.3181,1.6662,0.44,"Bhopal, Madhya Pradesh",23.6563,78.0727,424.3,2013,11,HPTLC,22.8,922.7,7.15,90.8,28.4,228.0,24075701,2013
734,Allium sativum,Garlic,Amaryllidaceae,Alliin,Quercetin,Ajoene,Allixin glucoside,0.7811,2.9313,2.2218,1.6957,0.495,"Bhopal, Madhya Pradesh",23.5864,78.0021,402.3,2020,7,HPLC,31.5,1624.2,7.11,85.5,17.5,165.0,24265963,2018
735,Allium sativum,Garlic,Amaryllidaceae,Alliin,Myricetin,Ajoene,Allixin glucoside,0.7899,2.4608,1.9256,1.5404,0.332,"Bhopal, Madhya Pradesh",23.1866,78.3074,401.9,2007,10,HPLC,23.9,1327.4,7.13,64.4,21.6,148.7,24067579,2007
736,Allium sativum,Garlic,Amaryllidaceae,Alliin,Myricetin,Diallyl disulfide,Allixin glucoside,0.8187,3.2085,1.5694,1.475,0.13,"Bhopal, Madhya Pradesh",23.2036,77.9062,546.0,2016,3,HPLC,26.5,794.4,7.32,89.3,11.7,189.7,24532392,2016
737,Allium sativum,Garlic,Amaryllidaceae,Alliin,Myricetin,Ajoene,Allixin glucoside,0.7197,3.1719,1.75,2.1007,0.112,"Ahmedabad, Gujarat",23.3159,72.4517,10.0,2014,9,HPLC,30.9,674.8,7.5,68.2,20.4,151.7,29158694,2012
738,Allium sativum,Garlic,Amaryllidaceae,Alliin,Myricetin,Diallyl disulfide,Allixin glucoside,0.9749,3.7804,2.4204,1.3398,0.472,"Ahmedabad, Gujarat",23.1474,72.7869,74.6,2023,8,HPLC-MS,30.5,715.6,7.74,73.0,13.5,186.1,29252923,2021
739,Allium sativum,Garlic,Amaryllidaceae,Alliin,Myricetin,Allicin,Allixin glucoside,0.6572,2.8713,1.8292,1.725,0.182,"Ahmedabad, Gujarat",22.7854,72.6652,33.1,2015,11,HPLC,25.3,512.4,8.18,91.9,17.6,181.1,29117242,2014
740,Allium sativum,Garlic,Amaryllidaceae,Alliin,Quercetin,Ajoene,Allixin glucoside,0.9634,3.2654,1.991,1.346,0.263,"Ahmedabad, Gujarat",23.5967,73.109,10.0,2005,6,GC-MS,33.6,787.1,7.87,48.3,11.0,160.2,28996737,2005
741,Allium sativum,Garlic,Amaryllidaceae,Alliin,Myricetin,Diallyl disulfide,Allixin glucoside,0.7487,2.9054,2.0901,1.6366,0.462,"Ahmedabad, Gujarat",23.2538,72.7409,10.0,2009,6,UV-Vis Spectroscopy,30.3,753.1,7.94,62.7,18.5,174.9,29011647,2007
742,Allium sativum,Garlic,Amaryllidaceae,Alliin,Quercetin,Ajoene,Allixin glucoside,0.913,3.5025,1.9231,1.6726,0.125,"Ahmedabad, Gujarat",23.0511,72.639,10.0,2020,10,HPLC-MS,27.3,518.7,7.65,64.0,11.9,169.0,28990630,2018
743,Allium sativum,Garlic,Amaryllidaceae,Alliin,Quercetin,Allicin,Allixin glucoside,0.9031,2.933,1.9247,1.5613,0.299,"Ahmedabad, Gujarat",23.4202,72.6392,57.2,2022,10,GC-MS,24.8,556.5,7.96,85.7,22.3,116.7,29277444,2021
744,Allium sativum,Garlic,Amaryllidaceae,Alliin,Myricetin,Diallyl disulfide,Allixin glucoside,0.9306,3.3618,2.121,1.5264,0.487,"Ahmedabad, Gujarat",22.5296,73.3876,41.6,2013,6,HPLC,30.5,748.9,7.23,64.9,16.9,155.3,29116665,2013
745,Allium sativum,Garlic,Amaryllidaceae,Alliin,Myricetin,Allicin,Allixin glucoside,0.9057,2.7732,1.7588,1.5045,0.143,"Ahmedabad, Gujarat",23.1838,72.5751,34.0,2010,5,HPLC-MS,29.8,779.7,7.58,79.5,5.9,197.3,29303021,2009
746,Allium sativum,Garlic,Amaryllidaceae,Alliin,Myricetin,Diallyl disulfide,Allixin glucoside,0.793,2.925,1.8759,1.8889,0.312,"Ahmedabad, Gujarat",23.0376,73.2592,110.1,2008,11,UV-Vis Spectroscopy,25.3,479.5,7.58,57.8,17.0,161.6,29054821,2007
747,Allium sativum,Garlic,Amaryllidaceae,Alliin,Quercetin,Ajoene,Allixin glucoside,0.6746,3.0003,1.9987,1.6662,0.423,"Ahmedabad, Gujarat",22.9747,72.6542,143.3,2006,9,GC-MS,28.8,622.3,6.98,56.6,13.5,120.6,28991789,2005
748,Allium sativum,Garlic,Amaryllidaceae,Alliin,Quercetin,Ajoene,Allixin glucoside,0.7557,2.4476,1.235,1.6341,0.349,"Ahmedabad, Gujarat",22.6675,72.8117,54.9,2019,1,HPLC-MS,22.0,225.8,7.68,79.1,23.1,206.7,28958217,2018
749,Allium sativum,Garlic,Amaryllidaceae,Alliin,Quercetin,Ajoene,Allixin glucoside,0.7723,2.5041,1.7597,1.4647,0.295,"Ahmedabad, Gujarat",23.36,72.1392,139.4,2010,5,HPTLC,31.6,623.3,7.71,67.9,12.0,187.5,29304861,2009
750,Allium sativum,Garlic,Amaryllidaceae,Alliin,Myricetin,Diallyl disulfide,Allixin glucoside,0.6873,2.5162,1.2171,1.9374,0.167,"Ahmedabad, Gujarat",23.1087,72.011,21.2,2020,11,HPTLC,25.3,494.7,7.65,61.3,15.3,192.6,29423516,2018
751,Allium sativum,Garlic,Amaryllidaceae,Alliin,Myricetin,Ajoene,Allixin glucoside,1.0418,3.5574,2.0619,1.5103,0.442,"Ahmedabad, Gujarat",22.5188,72.5111,78.4,2009,7,HPTLC,31.5,776.8,7.63,77.1,24.7,167.6,29437644,2009
752,Allium sativum,Garlic,Amaryllidaceae,Alliin,Myricetin,Diallyl disulfide,Allixin glucoside,0.8376,2.9913,1.8823,1.387,0.166,"Ahmedabad, Gujarat",23.1958,73.303,31.1,2009,4,HPLC,28.2,585.1,7.8,76.0,19.8,198.9,29316117,2009
753,Allium sativum,Garlic,Amaryllidaceae,Alliin,Quercetin,Ajoene,Allixin glucoside,0.7621,2.6933,1.0353,2.0303,0.336,"Chandigarh, Punjab",30.3549,76.9988,376.7,2020,12,HPLC-MS,20.6,352.2,7.21,84.4,18.1,157.3,28599802,2019
754,Allium sativum,Garlic,Amaryllidaceae,Alliin,Myricetin,Allicin,Allixin glucoside,1.0791,2.5441,1.7817,1.6567,0.176,"Chandigarh, Punjab",31.0316,76.8037,308.8,2014,5,GC-MS,25.7,819.5,7.41,100.4,33.6,179.3,28321468,2013
755,Allium sativum,Garlic,Amaryllidaceae,Alliin,Quercetin,Diallyl disulfide,Allixin glucoside,0.9774,2.8755,1.4502,1.5582,0.174,"Chandigarh, Punjab",30.5085,76.6852,383.7,2009,5,HPLC,27.1,769.9,7.11,78.9,26.3,184.5,28542228,2007
756,Allium sativum,Garlic,Amaryllidaceae,Alliin,Quercetin,Allicin,Allixin glucoside,0.7236,2.3456,1.4859,1.8222,0.11,"Chandigarh, Punjab",30.838,76.5585,352.7,2023,1,HPLC-MS,18.7,356.5,7.77,69.0,19.6,233.6,28421517,2023
757,Allium sativum,Garlic,Amaryllidaceae,Alliin,Myricetin,Diallyl disulfide,Allixin glucoside,0.9471,2.0106,1.4642,1.7234,0.367,"Chandigarh, Punjab",30.8814,76.8055,280.7,2017,2,HPLC,18.4,452.5,7.61,74.7,28.6,178.2,28432931,2017
758,Allium sativum,Garlic,Amaryllidaceae,Alliin,Myricetin,Diallyl disulfide,Allixin glucoside,0.8677,3.5303,1.6674,1.555,0.114,"Chandigarh, Punjab",30.8961,76.7858,301.7,2009,9,UV-Vis Spectroscopy,26.9,714.9,7.25,94.1,20.9,173.4,28501938,2007
759,Allium sativum,Garlic,Amaryllidaceae,Alliin,Myricetin,Ajoene,Allixin glucoside,0.8061,2.294,1.6328,1.7747,0.23,"Chandigarh, Punjab",30.6544,76.5692,319.9,2022,11,HPLC,21.2,427.1,8.0,82.1,19.6,140.3,28324299,2020
760,Allium sativum,Garlic,Amaryllidaceae,Alliin,Quercetin,Allicin,Allixin glucoside,0.9591,3.2087,1.8112,1.3713,0.115,"Chandigarh, Punjab",31.1571,77.1634,301.4,2009,8,UV-Vis Spectroscopy,28.1,826.3,7.42,86.3,21.1,173.3,28258212,2008
761,Allium sativum,Garlic,Amaryllidaceae,Alliin,Quercetin,Ajoene,Allixin glucoside,0.904,2.8766,2.0575,1.5124,0.318,"Chandigarh, Punjab",30.7574,76.9548,272.9,2012,7,HPTLC,26.7,821.1,7.31,88.5,19.5,164.5,28549428,2010
762,Allium sativum,Garlic,Amaryllidaceae,Alliin,Quercetin,Diallyl disulfide,Allixin glucoside,0.9991,2.6331,1.8848,1.5211,0.232,"Chandigarh, Punjab",30.3585,76.9333,316.3,2011,6,HPLC-MS,30.8,796.8,7.64,99.1,17.3,204.2,28478593,2011
763,Allium sativum,Garlic,Amaryllidaceae,Alliin,Quercetin,Allicin,Allixin glucoside,0.8654,3.4867,1.3259,1.6363,0.155,"Chandigarh, Punjab",30.4999,76.7664,315.0,2009,10,HPTLC,23.7,606.1,7.22,78.8,19.8,217.6,28158845,2007
764,Allium sativum,Garlic,Amaryllidaceae,Alliin,Myricetin,Allicin,Allixin glucoside,0.7367,2.6009,1.3971,1.8807,0.404,"Chandigarh, Punjab",31.0394,76.7323,372.6,2007,12,HPLC,18.4,369.7,7.63,80.3,23.2,150.2,28440890,2007
765,Allium sativum,Garlic,Amaryllidaceae,Alliin,Myricetin,Ajoene,Allixin glucoside,0.8497,2.3454,1.1788,1.3643,0.187,"Chandigarh, Punjab",30.9398,77.1276,297.2,2015,2,HPTLC,17.6,290.8,7.61,85.4,14.3,187.1,28473220,2013
766,Allium sativum,Garlic,Amaryllidaceae,Alliin,Quercetin,Diallyl disulfide,Allixin glucoside,1.0017,2.4956,1.2414,1.7137,0.173,"Chandigarh, Punjab",30.4843,76.372,396.1,2005,4,HPLC,27.3,621.7,7.83,91.8,19.1,178.6,28531455,2005
767,Allium sativum,Garlic,Amaryllidaceae,Alliin,Myricetin,Ajoene,Allixin glucoside,0.7373,2.8181,1.6415,1.685,0.218,"Chandigarh, Punjab",30.6084,77.2534,304.1,2018,11,HPLC-MS,20.7,493.7,6.65,68.5,25.0,146.8,28476457,2017
768,Allium sativum,Garlic,Amaryllidaceae,Alliin,Myricetin,Diallyl disulfide,Allixin glucoside,0.8843,2.887,1.7435,1.4876,0.32,"Chandigarh, Punjab",30.0514,77.0196,304.9,2010,5,GC-MS,28.6,790.0,8.49,110.0,21.9,210.7,28282039,2008
769,Allium sativum,Garlic,Amaryllidaceae,Alliin,Myricetin,Ajoene,Allixin glucoside,0.8422,3.6109,1.9851,1.36,0.362,"Shimla, Himachal Pradesh",31.3595,76.9611,2477.5,2020,5,GC-MS,15.1,1199.4,5.81,106.9,21.3,157.6,27208874,2019
770,Allium sativum,Garlic,Amaryllidaceae,Alliin,Quercetin,Allicin,Allixin glucoside,0.7554,2.7612,1.9753,1.8846,0.486,"Shimla, Himachal Pradesh",31.1889,77.0261,1986.0,2010,10,HPLC,14.7,1203.3,5.97,115.3,13.9,156.6,26839772,2010
771,Allium sativum,Garlic,Amaryllidaceae,Alliin,Quercetin,Diallyl disulfide,Allixin glucoside,0.9373,2.2427,1.9535,1.6876,0.491,"Shimla, Himachal Pradesh",31.3429,76.887,1965.9,2014,2,GC-MS,10.7,875.0,5.8,89.6,29.6,150.9,27264402,2014
772,Allium sativum,Garlic,Amaryllidaceae,Alliin,Myricetin,Allicin,Allixin glucoside,0.8511,3.6876,1.9845,1.1808,0.358,"Shimla, Himachal Pradesh",31.1479,77.7335,2047.0,2023,8,HPLC-MS,17.2,1485.9,6.52,78.5,6.5,175.7,26861158,2022
773,Allium sativum,Garlic,Amaryllidaceae,Alliin,Quercetin,Allicin,Allixin glucoside,0.8408,3.6419,1.8644,1.7336,0.292,"Shimla, Himachal Pradesh",31.2158,77.3565,2215.1,2006,9,HPTLC,13.5,1250.2,6.06,98.5,25.9,178.8,26801598,2005
774,Allium sativum,Garlic,Amaryllidaceae,Alliin,Quercetin,Ajoene,Allixin glucoside,1.0969,2.1675,1.3771,1.5782,0.269,"Shimla, Himachal Pradesh",31.3532,76.5704,2138.6,2020,4,HPTLC,10.7,906.7,5.25,105.5,19.0,193.4,27171438,2018
775,Allium sativum,Garlic,Amaryllidaceae,Alliin,Myricetin,Diallyl disulfide,Allixin glucoside,0.8464,2.8258,1.3176,1.9784,0.103,"Shimla, Himachal Pradesh",31.4761,76.9906,2113.1,2017,11,GC-MS,8.5,965.1,5.91,85.1,20.2,183.1,27175162,2016
776,Allium sativum,Garlic,Amaryllidaceae,Alliin,Myricetin,Allicin,Allixin glucoside,1.0014,2.9641,1.1237,2.1427,0.461,"Shimla, Himachal Pradesh",31.1265,77.2033,1679.3,2005,2,HPLC,10.2,1000.8,6.04,96.2,19.7,172.6,27282536,2005
777,Allium sativum,Garlic,Amaryllidaceae,Alliin,Quercetin,Allicin,Allixin glucoside,1.0513,3.3828,2.2839,1.6194,0.416,"Shimla, Himachal Pradesh",30.6882,77.3956,2425.3,2022,5,HPLC,14.2,1214.5,5.97,91.4,12.9,161.0,27116837,2021
778,Allium sativum,Garlic,Amaryllidaceae,Alliin,Myricetin,Diallyl disulfide,Allixin glucoside,0.7232,2.6056,1.4565,1.8236,0.128,"Shimla, Himachal Pradesh",30.8564,76.8787,2433.5,2021,1,HPLC,7.3,862.3,6.58,94.2,17.6,168.1,27027386,2021
779,Allium sativum,Garlic,Amaryllidaceae,Alliin,Myricetin,Ajoene,Allixin glucoside,0.7619,2.8151,2.0185,1.5179,0.423,"Shimla, Himachal Pradesh",30.9148,76.8403,2636.1,2010,2,HPTLC,8.0,770.2,6.06,86.0,11.6,174.4,26896642,2010
780,Allium sativum,Garlic,Amaryllidaceae,Alliin,Quercetin,Diallyl disulfide,Allixin glucoside,0.8015,3.306,1.8218,1.7965,0.324,"Shimla, Himachal Pradesh",31.1334,77.3604,2284.9,2008,9,HPLC-MS,15.1,1320.2,6.44,92.5,18.6,160.1,27218426,2006
781,Allium sativum,Garlic,Amaryllidaceae,Alliin,Quercetin,Allicin,Allixin glucoside,1.0078,3.2507,1.6883,1.696,0.269,"Shimla, Himachal Pradesh",31.5147,76.7667,2456.4,2017,10,GC-MS,13.0,1120.6,5.84,84.5,20.9,151.1,27012253,2015
782,Allium sativum,Garlic,Amaryllidaceae,Alliin,Myricetin,Allicin,Allixin glucoside,0.9715,2.4989,1.7422,1.6742,0.384,"Shimla, Himachal Pradesh",31.0321,76.9937,2178.4,2012,3,HPTLC,10.5,1025.6,5.74,112.0,26.1,126.0,27084338,2011
783,Allium sativum,Garlic,Amaryllidaceae,Alliin,Myricetin,Diallyl disulfide,Allixin glucoside,0.871,2.7102,1.7889,1.6431,0.329,"Shimla, Himachal Pradesh",30.7262,77.1078,2886.0,2013,5,HPLC,15.2,1165.4,6.01,84.5,17.5,172.0,27225319,2013
784,Allium sativum,Garlic,Amaryllidaceae,Alliin,Quercetin,Diallyl disulfide,Allixin glucoside,0.9738,2.8648,1.6755,1.796,0.351,"Shimla, Himachal Pradesh",30.8116,77.0183,2167.0,2014,3,HPLC-MS,11.1,902.2,6.04,108.5,21.8,187.1,27102537,2013
785,Cinnamomum verum,Cinnamon,Lauraceae,Cinchonine,Catechin,Eugenol,Cinnamic acid glucoside,1.4965,3.5463,3.3211,1.4031,0.267,"Western Ghats, Karnataka",12.5174,74.9557,1098.2,2019,2,HPLC-MS,21.1,1543.8,6.07,117.8,24.2,203.9,29751981,2019
786,Cinnamomum verum,Cinnamon,Lauraceae,Cinchonine,Catechin,Cinnamaldehyde,Cinnamic acid glucoside,1.7089,3.8569,3.0116,1.2698,0.346,"Western Ghats, Karnataka",12.1394,75.6902,1031.5,2018,4,HPLC,22.0,1908.9,5.16,110.7,29.2,204.5,29852707,2016
787,Cinnamomum verum,Cinnamon,Lauraceae,Cinchonine,Epicatechin,Cinnamaldehyde,Cinnamic acid glucoside,1.7974,6.0731,3.9489,1.2671,0.22,"Western Ghats, Karnataka",13.2442,75.3509,933.0,2018,7,GC-MS,27.0,3716.3,5.52,136.2,26.5,224.7,29962228,2017
788,Cinnamomum verum,Cinnamon,Lauraceae,Cinchonine,Epicatechin,Cinnamaldehyde,Cinnamic acid glucoside,1.4162,5.2818,4.0027,1.1757,0.203,"Western Ghats, Karnataka",11.9855,74.7423,863.0,2017,9,HPTLC,27.6,2834.6,5.57,134.2,24.8,230.4,29831517,2015
789,Cinnamomum verum,Cinnamon,Lauraceae,Cinchonine,Procyanidin,Cinnamaldehyde,Cinnamic acid glucoside,1.5344,5.646,3.0315,1.3893,0.227,"Western Ghats, Karnataka",11.957,75.7714,1359.5,2021,10,HPLC,24.5,2226.9,5.53,126.6,29.0,194.6,29921499,2019
790,Cinnamomum verum,Cinnamon,Lauraceae,Cinchonine,Procyanidin,Linalool,Cinnamic acid glucoside,1.3684,2.8415,2.6554,1.713,0.169,"Western Ghats, Karnataka",12.4513,75.068,909.2,2014,1,UV-Vis Spectroscopy,20.5,1505.2,5.48,124.4,35.1,186.6,29724823,2014
791,Cinnamomum verum,Cinnamon,Lauraceae,Cinchonine,Epicatechin,Cinnamaldehyde,Cinnamic acid glucoside,1.2922,5.6882,2.2216,1.6181,0.345,"Western Ghats, Karnataka",12.0922,75.0573,890.6,2017,10,HPLC-MS,26.5,2190.8,5.74,123.1,18.0,186.9,29877781,2016
792,Cinnamomum verum,Cinnamon,Lauraceae,Cinchonine,Procyanidin,Eugenol,Cinnamic acid glucoside,1.4113,5.1656,3.5365,1.19,0.205,"Western Ghats, Karnataka",12.9123,75.2364,934.2,2018,9,HPLC-MS,28.2,2145.8,5.26,114.4,23.8,190.2,29862896,2018
793,Cinnamomum verum,Cinnamon,Lauraceae,Cinchonine,Procyanidin,Eugenol,Cinnamic acid glucoside,1.3346,4.5749,2.1053,1.4701,0.353,"Western Ghats, Karnataka",11.696,75.4119,1130.2,2021,11,GC-MS,20.6,1687.7,5.21,120.8,25.5,187.8,30054083,2020
794,Cinnamomum verum,Cinnamon,Lauraceae,Cinchonine,Epicatechin,Eugenol,Cinnamic acid glucoside,1.7761,5.6291,3.3941,1.2261,0.208,"Western Ghats, Karnataka",12.6967,75.5605,1130.7,2017,8,HPLC-MS,28.3,2994.5,5.45,128.1,34.2,166.4,29761858,2015
795,Cinnamomum verum,Cinnamon,Lauraceae,Cinchonine,Procyanidin,Cinnamaldehyde,Cinnamic acid glucoside,1.9203,6.1021,3.7848,1.3597,0.347,"Western Ghats, Karnataka",12.5279,75.7027,709.3,2021,7,HPLC-MS,31.2,3118.6,5.55,106.6,24.8,191.4,30064611,2020
796,Cinnamomum verum,Cinnamon,Lauraceae,Cinchonine,Procyanidin,Cinnamaldehyde,Cinnamic acid glucoside,1.2829,3.3715,1.2295,1.3077,0.481,"Western Ghats, Karnataka",12.7689,74.9329,1219.7,2011,1,HPTLC,20.8,1461.6,5.77,142.9,19.8,223.4,29690127,2010
797,Cinnamomum verum,Cinnamon,Lauraceae,Cinchonine,Epicatechin,Linalool,Cinnamic acid glucoside,1.7562,5.3348,3.426,1.1841,0.318,"Western Ghats, Karnataka",12.4,75.3004,759.5,2020,7,HPLC-MS,31.1,3367.9,5.23,111.4,27.8,182.3,29715505,2018
798,Cinnamomum verum,Cinnamon,Lauraceae,Cinchonine,Procyanidin,Eugenol,Cinnamic acid glucoside,1.2298,3.4992,2.5119,1.0051,0.398,"Western Ghats, Karnataka",12.2636,75.7299,1236.6,2012,2,HPTLC,20.1,2160.6,5.5,118.8,24.0,210.3,30031977,2012
799,Cinnamomum verum,Cinnamon,Lauraceae,Cinchonine,Catechin,Eugenol,Cinnamic acid glucoside,1.5098,3.3783,2.8207,1.6764,0.321,"Western Ghats, Karnataka",12.6048,75.4187,1148.8,2015,12,GC-MS,19.8,1372.4,5.41,110.0,20.4,235.7,30111373,2015
800,Cinnamomum verum,Cinnamon,Lauraceae,Cinchonine,Procyanidin,Cinnamaldehyde,Cinnamic acid glucoside,1.4681,4.3112,2.1601,1.0212,0.499,"Western Ghats, Karnataka",12.0102,75.6773,830.3,2016,3,GC-MS,22.8,1917.1,5.64,125.5,21.5,208.0,29829833,2015
801,Cinnamomum verum,Cinnamon,Lauraceae,Cinchonine,Epicatechin,Linalool,Cinnamic acid glucoside,1.4748,3.6551,1.7343,1.5214,0.144,"Western Ghats, Karnataka",12.9524,75.6534,1071.3,2008,1,HPLC-MS,17.4,1771.4,5.31,124.2,24.0,199.5,30130739,2008
802,Cinnamomum verum,Cinnamon,Lauraceae,Cinchonine,Procyanidin,Eugenol,Cinnamic acid glucoside,1.452,3.3767,3.0317,1.0689,0.308,"Western Ghats, Karnataka",12.4519,75.5202,1036.0,2016,4,HPLC,26.5,2826.4,5.54,110.9,32.4,171.1,29690105,2015
803,Cinnamomum verum,Cinnamon,Lauraceae,Cinchonine,Catechin,Cinnamaldehyde,Cinnamic acid glucoside,1.5167,5.3915,3.6741,1.3947,0.159,"Western Ghats, Karnataka",12.3888,75.4307,1112.0,2010,9,GC-MS,26.3,2739.8,5.27,119.3,26.5,172.0,29742181,2010
804,Cinnamomum verum,Cinnamon,Lauraceae,Cinchonine,Catechin,Linalool,Cinnamic acid glucoside,1.5595,3.9986,2.8065,1.3302,0.386,"Western Ghats, Karnataka",12.7576,75.4172,814.3,2010,4,HPLC,24.0,2540.8,5.72,146.6,20.0,223.3,29722971,2010
805,Cinnamomum verum,Cinnamon,Lauraceae,Cinchonine,Catechin,Cinnamaldehyde,Cinnamic acid glucoside,1.4619,4.491,2.2342,1.0909,0.364,"Western Ghats, Karnataka",12.7031,75.8327,1111.3,2009,2,HPLC,20.6,1605.0,5.53,118.8,26.8,178.7,30028342,2007
806,Cinnamomum verum,Cinnamon,Lauraceae,Cinchonine,Procyanidin,Cinnamaldehyde,Cinnamic acid glucoside,1.1028,3.6191,3.2745,1.3725,0.28,"Western Ghats, Karnataka",13.0319,75.738,878.4,2019,1,HPLC,19.0,1390.6,5.1,120.7,16.1,238.4,29760601,2018
807,Cinnamomum verum,Cinnamon,Lauraceae,Cinchonine,Epicatechin,Cinnamaldehyde,Cinnamic acid glucoside,1.4462,3.4464,2.3086,1.1721,0.295,"Western Ghats, Karnataka",12.5803,75.7559,928.9,2013,12,HPLC,19.3,1392.5,5.15,121.2,17.5,221.4,29856766,2011
808,Cinnamomum verum,Cinnamon,Lauraceae,Cinchonine,Procyanidin,Eugenol,Cinnamic acid glucoside,1.7959,5.4154,3.2294,1.1416,0.482,"Western Ghats, Karnataka",12.8822,75.7612,1098.7,2009,6,HPLC,26.7,3318.1,5.4,130.1,24.9,202.6,29789793,2009
809,Cinnamomum verum,Cinnamon,Lauraceae,Cinchonine,Catechin,Cinnamaldehyde,Cinnamic acid glucoside,1.2542,5.0053,3.3289,1.2742,0.188,"Western Ghats, Karnataka",12.7387,75.662,1138.7,2016,9,HPLC,24.8,2819.2,6.01,119.8,25.5,197.7,29881372,2015
810,Cinnamomum verum,Cinnamon,Lauraceae,Cinchonine,Catechin,Eugenol,Cinnamic acid glucoside,1.3049,3.5464,2.6983,0.9629,0.483,"Nilgiri Hills, Tamil Nadu",11.3023,76.7219,1754.1,2007,3,HPLC-MS,16.7,1143.9,4.79,100.2,26.1,172.7,35180149,2007
811,Cinnamomum verum,Cinnamon,Lauraceae,Cinchonine,Epicatechin,Eugenol,Cinnamic acid glucoside,1.7985,4.9263,2.6285,1.2358,0.378,"Nilgiri Hills, Tamil Nadu",11.5339,76.5079,1602.7,2023,11,HPLC,16.2,1260.2,5.31,100.7,30.8,176.8,35168327,2023
812,Cinnamomum verum,Cinnamon,Lauraceae,Cinchonine,Epicatechin,Linalool,Cinnamic acid glucoside,1.1045,4.5414,3.1058,1.4573,0.219,"Nilgiri Hills, Tamil Nadu",11.3506,76.5569,1784.2,2009,12,HPLC,12.7,985.2,5.16,103.9,19.1,177.7,35251839,2007
813,Cinnamomum verum,Cinnamon,Lauraceae,Cinchonine,Epicatechin,Linalool,Cinnamic acid glucoside,1.3688,4.9803,3.3678,1.3914,0.142,"Nilgiri Hills, Tamil Nadu",11.4903,76.56,2320.4,2021,11,HPLC-MS,16.4,1411.1,5.32,80.8,17.9,176.5,35049058,2021
814,Cinnamomum verum,Cinnamon,Lauraceae,Cinchonine,Epicatechin,Eugenol,Cinnamic acid glucoside,1.4893,4.9067,3.1935,1.628,0.314,"Nilgiri Hills, Tamil Nadu",10.7717,76.4169,1823.2,2018,11,HPTLC,13.8,1076.8,5.13,112.0,24.5,207.9,35183396,2016
815,Cinnamomum verum,Cinnamon,Lauraceae,Cinchonine,Procyanidin,Linalool,Cinnamic acid glucoside,1.9965,5.2316,3.9756,1.1669,0.238,"Nilgiri Hills, Tamil Nadu",11.8031,76.5129,1888.6,2009,7,HPLC-MS,23.0,2206.2,5.15,88.0,19.4,147.3,35476475,2007
816,Cinnamomum verum,Cinnamon,Lauraceae,Cinchonine,Epicatechin,Cinnamaldehyde,Cinnamic acid glucoside,1.764,3.3004,2.2556,1.179,0.165,"Nilgiri Hills, Tamil Nadu",11.4634,76.6368,2836.7,2008,11,HPLC,16.3,1213.3,4.75,101.7,28.2,197.2,35302752,2007
817,Cinnamomum verum,Cinnamon,Lauraceae,Cinchonine,Catechin,Eugenol,Cinnamic acid glucoside,1.4018,3.7872,2.832,1.4808,0.419,"Nilgiri Hills, Tamil Nadu",11.5906,77.6327,1907.0,2005,12,HPLC,12.5,1007.1,5.22,91.9,22.8,191.9,35267764,2005
818,Cinnamomum verum,Cinnamon,Lauraceae,Cinchonine,Epicatechin,Eugenol,Cinnamic acid glucoside,1.5281,4.5523,3.2243,1.0937,0.34,"Nilgiri Hills, Tamil Nadu",11.3075,76.6269,2051.0,2007,7,HPTLC,23.3,2357.8,5.37,87.1,18.3,200.0,35418478,2005
819,Cinnamomum verum,Cinnamon,Lauraceae,Cinchonine,Procyanidin,Eugenol,Cinnamic acid glucoside,1.5518,4.5591,3.0941,1.2462,0.456,"Nilgiri Hills, Tamil Nadu",11.7876,76.8983,2477.3,2021,4,GC-MS,15.8,1660.5,5.15,74.4,30.5,168.5,35001508,2020
820,Cinnamomum verum,Cinnamon,Lauraceae,Cinchonine,Procyanidin,Eugenol,Cinnamic acid glucoside,2.0553,5.0725,4.1081,1.157,0.258,"Nilgiri Hills, Tamil Nadu",11.0449,76.3887,2516.9,2008,7,HPLC,22.5,2422.4,5.08,99.4,22.3,161.5,35049796,2008
821,Cinnamomum verum,Cinnamon,Lauraceae,Cinchonine,Procyanidin,Linalool,Cinnamic acid glucoside,1.0975,3.2037,2.4944,1.3981,0.226,"Nilgiri Hills, Tamil Nadu",11.19,76.3425,1927.0,2008,11,GC-MS,14.7,1283.3,5.07,97.7,21.4,181.7,35243062,2007
822,Cinnamomum verum,Cinnamon,Lauraceae,Cinchonine,Epicatechin,Cinnamaldehyde,Cinnamic acid glucoside,1.7899,3.839,2.1875,1.4519,0.434,"Nilgiri Hills, Tamil Nadu",11.9536,76.638,2109.5,2016,1,HPLC-MS,14.9,772.9,4.28,83.1,3.7,222.2,35004830,2014
823,Cinnamomum verum,Cinnamon,Lauraceae,Cinchonine,Catechin,Linalool,Cinnamic acid glucoside,1.661,4.3675,2.7493,1.5817,0.242,"Nilgiri Hills, Tamil Nadu",11.0392,76.1949,2022.2,2018,12,GC-MS,15.2,1020.4,5.02,100.2,11.0,215.8,35108320,2016
824,Cinnamomum verum,Cinnamon,Lauraceae,Cinchonine,Catechin,Cinnamaldehyde,Cinnamic acid glucoside,1.1977,3.4089,2.7992,1.1486,0.282,"Nilgiri Hills, Tamil Nadu",10.9878,76.6839,1752.3,2007,12,GC-MS,15.2,933.6,4.42,106.4,19.8,178.7,35308381,2007
825,Cinnamomum verum,Cinnamon,Lauraceae,Cinchonine,Procyanidin,Cinnamaldehyde,Cinnamic acid glucoside,1.6187,3.2271,2.5858,0.9966,0.49,"Nilgiri Hills, Tamil Nadu",11.859,77.273,2279.8,2009,2,HPLC,15.4,1051.0,4.5,94.7,21.3,181.2,35015639,2007
826,Cinnamomum verum,Cinnamon,Lauraceae,Cinchonine,Catechin,Cinnamaldehyde,Cinnamic acid glucoside,1.4391,4.3117,3.0838,1.3886,0.19,"Nilgiri Hills, Tamil Nadu",10.6055,76.8245,2079.3,2010,10,HPLC,19.6,1450.2,5.04,120.0,20.8,222.8,35462678,2008
827,Cinnamomum verum,Cinnamon,Lauraceae,Cinchonine,Epicatechin,Eugenol,Cinnamic acid glucoside,1.5869,3.5434,2.9576,1.1237,0.49,"Nilgiri Hills, Tamil Nadu",11.514,76.8039,2232.6,2007,3,HPLC,14.1,1398.0,5.38,105.8,23.2,189.5,35079359,2006
828,Cinnamomum verum,Cinnamon,Lauraceae,Cinchonine,Catechin,Cinnamaldehyde,Cinnamic acid glucoside,1.2131,4.4621,2.4264,1.4724,0.496,"Nilgiri Hills, Tamil Nadu",11.4238,76.6742,2092.6,2006,12,UV-Vis Spectroscopy,11.8,1259.5,4.86,103.9,18.2,210.6,35477329,2005
829,Cinnamomum verum,Cinnamon,Lauraceae,Cinchonine,Procyanidin,Eugenol,Cinnamic acid glucoside,1.5114,4.0901,2.207,1.4697,0.137,"Nilgiri Hills, Tamil Nadu",11.4868,76.7496,2225.7,2011,1,HPLC-MS,12.3,702.3,5.1,95.8,28.1,197.3,35073073,2011
830,Cinnamomum verum,Cinnamon,Lauraceae,Cinchonine,Procyanidin,Eugenol,Cinnamic acid glucoside,1.5251,3.6328,2.8443,1.3884,0.467,"Nilgiri Hills, Tamil Nadu",11.3069,76.652,1818.3,2009,1,UV-Vis Spectroscopy,13.5,1306.0,4.96,97.8,26.0,180.2,35003966,2008
831,Cinnamomum verum,Cinnamon,Lauraceae,Cinchonine,Epicatechin,Cinnamaldehyde,Cinnamic acid glucoside,1.7045,4.4932,2.9601,1.5448,0.454,"Nilgiri Hills, Tamil Nadu",11.4223,75.9667,2417.8,2023,3,UV-Vis Spectroscopy,13.6,1642.6,4.84,87.5,19.5,163.1,35280772,2021
832,Cinnamomum verum,Cinnamon,Lauraceae,Cinchonine,Procyanidin,Cinnamaldehyde,Cinnamic acid glucoside,1.6079,3.3636,2.8056,1.515,0.14,"Nilgiri Hills, Tamil Nadu",11.5749,76.864,2437.3,2021,1,GC-MS,13.5,1182.7,5.21,109.5,11.1,193.6,35410401,2021
833,Cinnamomum verum,Cinnamon,Lauraceae,Cinchonine,Procyanidin,Eugenol,Cinnamic acid glucoside,1.1339,3.7681,2.6184,1.3635,0.427,"Nilgiri Hills, Tamil Nadu",11.5531,76.7965,1673.0,2005,12,GC-MS,14.3,1089.4,5.07,116.6,22.4,184.0,35215014,2005
834,Cinnamomum verum,Cinnamon,Lauraceae,Cinchonine,Procyanidin,Cinnamaldehyde,Cinnamic acid glucoside,1.6659,4.1,2.5217,1.1957,0.248,"Nilgiri Hills, Tamil Nadu",11.7658,76.831,2040.0,2011,4,HPLC,17.7,1777.5,4.65,96.8,21.2,177.2,35018236,2011
835,Cinnamomum verum,Cinnamon,Lauraceae,Cinchonine,Procyanidin,Cinnamaldehyde,Cinnamic acid glucoside,1.3263,4.0736,3.1631,1.4581,0.338,"Ernakulam, Kerala",9.939,76.2668,21.6,2018,3,GC-MS,24.8,1892.5,5.87,115.7,34.2,210.9,22607452,2016
836,Cinnamomum verum,Cinnamon,Lauraceae,Cinchonine,Procyanidin,Eugenol,Cinnamic acid glucoside,1.1972,4.0912,2.4747,1.2497,0.409,"Ernakulam, Kerala",9.7233,76.0092,162.5,2011,12,HPLC-MS,21.9,1837.4,5.63,128.9,25.4,241.3,22955169,2011
837,Cinnamomum verum,Cinnamon,Lauraceae,Cinchonine,Catechin,Eugenol,Cinnamic acid glucoside,1.2676,3.4617,2.1674,1.3824,0.449,"Ernakulam, Kerala",9.4113,76.2659,138.2,2022,2,GC-MS,21.0,1490.6,5.7,140.0,31.0,196.5,22845836,2020
838,Cinnamomum verum,Cinnamon,Lauraceae,Cinchonine,Catechin,Cinnamaldehyde,Cinnamic acid glucoside,1.3418,4.3644,3.1749,1.1936,0.362,"Ernakulam, Kerala",9.854,77.0785,140.1,2018,4,GC-MS,25.9,3226.4,5.7,136.6,29.5,261.3,23039449,2017
839,Cinnamomum verum,Cinnamon,Lauraceae,Cinchonine,Catechin,Linalool,Cinnamic acid glucoside,1.5187,3.9,2.7829,1.6778,0.322,"Ernakulam, Kerala",10.1474,76.0881,141.5,2023,11,GC-MS,27.3,2121.7,5.22,126.9,27.2,223.3,22593397,2023
840,Cinnamomum verum,Cinnamon,Lauraceae,Cinchonine,Catechin,Linalool,Cinnamic acid glucoside,1.5827,4.7852,2.2525,1.3886,0.376,"Ernakulam, Kerala",10.1627,76.3021,111.2,2020,12,HPLC,24.2,1600.4,5.57,134.2,34.1,220.2,22553375,2020
841,Cinnamomum verum,Cinnamon,Lauraceae,Cinchonine,Procyanidin,Linalool,Cinnamic acid glucoside,1.127,4.5181,4.0061,1.1812,0.243,"Ernakulam, Kerala",10.1314,76.2212,184.7,2022,10,HPLC,26.6,2784.1,5.8,134.6,25.4,212.7,22711437,2020
842,Cinnamomum verum,Cinnamon,Lauraceae,Cinchonine,Catechin,Linalool,Cinnamic acid glucoside,1.5321,3.7417,2.8634,1.16,0.311,"Ernakulam, Kerala",10.0029,76.3959,162.3,2023,4,UV-Vis Spectroscopy,27.3,2740.4,5.41,119.1,36.2,246.2,22883425,2023
843,Cinnamomum verum,Cinnamon,Lauraceae,Cinchonine,Catechin,Eugenol,Cinnamic acid glucoside,1.5574,5.3466,2.5082,1.2176,0.343,"Ernakulam, Kerala",9.7758,76.0461,181.8,2021,10,HPLC,26.3,2643.1,5.52,128.6,30.6,211.8,22881738,2020
844,Cinnamomum verum,Cinnamon,Lauraceae,Cinchonine,Epicatechin,Eugenol,Cinnamic acid glucoside,1.7813,5.2833,2.9385,1.2201,0.11,"Ernakulam, Kerala",10.2651,75.8097,113.4,2020,5,HPLC-MS,29.5,3138.2,4.98,131.4,32.2,223.2,22937367,2020
845,Cinnamomum verum,Cinnamon,Lauraceae,Cinchonine,Catechin,Linalool,Cinnamic acid glucoside,1.4705,4.8893,2.9633,1.1651,0.209,"Ernakulam, Kerala",9.7012,76.6667,122.2,2020,5,HPLC,27.5,3523.2,5.19,149.5,32.3,203.6,22917827,2019
846,Cinnamomum verum,Cinnamon,Lauraceae,Cinchonine,Epicatechin,Cinnamaldehyde,Cinnamic acid glucoside,1.5775,4.3838,1.6012,1.3001,0.382,"Ernakulam, Kerala",10.0017,75.9343,191.0,2020,2,HPLC-MS,21.7,1907.5,5.49,140.7,32.5,217.6,22813990,2020
847,Cinnamomum verum,Cinnamon,Lauraceae,Cinchonine,Catechin,Eugenol,Cinnamic acid glucoside,1.265,5.0364,3.1122,0.9133,0.192,"Ernakulam, Kerala",9.8649,76.4769,115.7,2020,5,GC-MS,29.7,2944.2,5.17,134.0,30.6,201.5,22543807,2019
848,Cinnamomum verum,Cinnamon,Lauraceae,Cinchonine,Procyanidin,Linalool,Cinnamic acid glucoside,1.506,4.114,2.1859,1.1047,0.265,"Ernakulam, Kerala",10.0138,76.1396,194.1,2023,2,GC-MS,24.4,1571.0,5.5,150.2,32.8,230.1,23008178,2023
849,Cinnamomum verum,Cinnamon,Lauraceae,Cinchonine,Procyanidin,Cinnamaldehyde,Cinnamic acid glucoside,1.6417,6.0812,3.7152,1.3558,0.206,"Ernakulam, Kerala",10.008,76.5108,242.7,2017,6,HPLC-MS,32.2,3918.5,5.52,113.5,35.9,234.5,22637789,2016
850,Cinnamomum verum,Cinnamon,Lauraceae,Cinchonine,Procyanidin,Eugenol,Cinnamic acid glucoside,1.461,4.1556,2.6686,1.5317,0.248,"Ernakulam, Kerala",9.6828,76.0201,88.6,2015,2,HPLC,21.9,1887.3,5.09,135.6,26.3,212.1,22711343,2013
851,Cinnamomum verum,Cinnamon,Lauraceae,Cinchonine,Catechin,Eugenol,Cinnamic acid glucoside,1.3664,3.6729,2.7367,1.3655,0.109,"Ernakulam, Kerala",9.7999,76.31,137.9,2015,11,GC-MS,27.2,2311.2,5.42,137.6,32.8,193.9,22749910,2013
852,Cinnamomum verum,Cinnamon,Lauraceae,Cinchonine,Catechin,Cinnamaldehyde,Cinnamic acid glucoside,1.9163,4.5713,3.225,1.132,0.485,"Ernakulam, Kerala",9.7059,76.5587,100.8,2019,6,HPLC-MS,33.6,3592.9,5.68,128.8,23.6,234.7,22689852,2018
853,Cinnamomum verum,Cinnamon,Lauraceae,Cinchonine,Epicatechin,Eugenol,Cinnamic acid glucoside,1.335,3.4447,2.3514,1.7284,0.126,"Ernakulam, Kerala",9.7481,76.1467,10.0,2006,12,HPLC-MS,25.8,1585.5,5.9,123.4,24.9,253.4,22950316,2005
854,Cinnamomum verum,Cinnamon,Lauraceae,Cinchonine,Procyanidin,Cinnamaldehyde,Cinnamic acid glucoside,1.4716,5.3426,3.7652,1.3475,0.118,"Ernakulam, Kerala",10.1896,76.3378,145.3,2013,8,HPLC,28.8,3454.7,5.15,128.5,34.7,212.4,22739598,2012
855,Cinnamomum verum,Cinnamon,Lauraceae,Cinchonine,Epicatechin,Cinnamaldehyde,Cinnamic acid glucoside,1.5764,2.921,2.6706,1.467,0.421,"Ernakulam, Kerala",9.8368,75.8809,160.2,2021,2,GC-MS,22.5,1349.5,4.98,131.1,32.2,247.9,22956770,2020
856,Cinnamomum verum,Cinnamon,Lauraceae,Cinchonine,Procyanidin,Eugenol,Cinnamic acid glucoside,1.5475,4.7457,2.0252,1.4789,0.489,"Ernakulam, Kerala",10.1819,76.2977,60.0,2015,11,HPLC,25.9,2026.0,5.74,141.3,31.8,253.4,22837964,2013
857,Cinnamomum verum,Cinnamon,Lauraceae,Cinchonine,Procyanidin,Linalool,Cinnamic acid glucoside,1.7806,6.5319,3.3834,1.0928,0.481,"Ernakulam, Kerala",10.1629,76.2918,103.0,2006,7,UV-Vis Spectroscopy,31.9,3662.8,5.53,124.2,28.7,225.4,23039135,2005
858,Cinnamomum verum,Cinnamon,Lauraceae,Cinchonine,Epicatechin,Cinnamaldehyde,Cinnamic acid glucoside,1.5201,5.4585,2.3481,1.1366,0.425,"Ernakulam, Kerala",10.8012,75.9531,104.3,2006,10,HPLC,28.8,2554.7,5.64,138.4,28.5,233.7,23040094,2006
859,Cinnamomum verum,Cinnamon,Lauraceae,Cinchonine,Procyanidin,Cinnamaldehyde,Cinnamic acid glucoside,1.2376,4.5822,2.6703,1.3081,0.423,"Ernakulam, Kerala",9.8423,76.174,114.1,2023,11,HPLC-MS,22.8,1444.9,5.57,138.1,26.1,227.5,22943930,2023
860,Cinnamomum verum,Cinnamon,Lauraceae,Cinchonine,Catechin,Eugenol,Cinnamic acid glucoside,1.1733,4.4755,2.2957,1.327,0.121,"Pune, Maharashtra",18.1517,73.9369,727.0,2018,12,GC-MS,20.7,1313.9,6.92,90.3,36.0,200.0,30320745,2018
861,Cinnamomum verum,Cinnamon,Lauraceae,Cinchonine,Epicatechin,Cinnamaldehyde,Cinnamic acid glucoside,1.4188,5.0476,3.1629,1.389,0.339,"Pune, Maharashtra",17.8102,73.9009,356.9,2015,6,HPLC-MS,32.0,2322.7,6.57,112.6,22.5,199.6,30239284,2013
862,Cinnamomum verum,Cinnamon,Lauraceae,Cinchonine,Epicatechin,Eugenol,Cinnamic acid glucoside,1.3198,4.1621,2.0949,1.2843,0.276,"Pune, Maharashtra",18.1628,73.7259,538.0,2011,1,HPLC-MS,21.1,1164.7,6.15,103.4,18.5,185.2,30276618,2010
863,Cinnamomum verum,Cinnamon,Lauraceae,Cinchonine,Epicatechin,Linalool,Cinnamic acid glucoside,1.819,4.3971,2.5466,1.3208,0.249,"Pune, Maharashtra",18.8637,73.2456,581.2,2017,12,UV-Vis Spectroscopy,21.5,1111.7,6.45,115.1,16.4,201.3,30034964,2016
864,Cinnamomum verum,Cinnamon,Lauraceae,Cinchonine,Catechin,Cinnamaldehyde,Cinnamic acid glucoside,1.3887,4.599,3.4411,1.2398,0.226,"Pune, Maharashtra",18.1087,73.8331,551.3,2009,5,HPLC,29.5,2097.3,6.79,83.5,20.5,193.1,29959245,2009
865,Cinnamomum verum,Cinnamon,Lauraceae,Cinchonine,Procyanidin,Cinnamaldehyde,Cinnamic acid glucoside,1.682,5.1009,3.0163,1.4689,0.265,"Pune, Maharashtra",18.0658,73.6874,781.3,2008,11,HPLC,22.1,1657.7,6.21,81.2,15.7,207.8,30044777,2006
866,Cinnamomum verum,Cinnamon,Lauraceae,Cinchonine,Procyanidin,Eugenol,Cinnamic acid glucoside,0.6752,5.0227,2.078,1.5651,0.142,"Pune, Maharashtra",18.1612,74.2506,522.3,2012,12,HPLC,19.3,1238.0,6.53,109.4,18.8,212.9,30351431,2011
867,Cinnamomum verum,Cinnamon,Lauraceae,Cinchonine,Procyanidin,Eugenol,Cinnamic acid glucoside,1.2825,5.8104,2.3014,1.1243,0.488,"Pune, Maharashtra",18.6349,73.4783,695.7,2015,10,GC-MS,25.7,1672.4,6.32,104.8,26.7,198.5,30180106,2014
868,Cinnamomum verum,Cinnamon,Lauraceae,Cinchonine,Procyanidin,Eugenol,Cinnamic acid glucoside,1.27,3.5382,2.1591,1.5022,0.401,"Pune, Maharashtra",18.4558,73.7513,640.3,2008,1,HPLC,22.5,773.7,6.13,110.7,20.2,195.2,30287362,2006
869,Cinnamomum verum,Cinnamon,Lauraceae,Cinchonine,Epicatechin,Cinnamaldehyde,Cinnamic acid glucoside,1.8031,4.2252,3.1178,1.391,0.216,"Pune, Maharashtra",18.3072,73.9912,570.7,2013,5,GC-MS,25.5,2114.1,6.83,122.1,24.1,195.0,29967253,2012
870,Cinnamomum verum,Cinnamon,Lauraceae,Cinchonine,Procyanidin,Linalool,Cinnamic acid glucoside,1.5505,4.4061,2.0027,1.3798,0.244,"Pune, Maharashtra",18.2859,74.0264,658.5,2012,1,GC-MS,18.3,1018.5,6.35,106.0,17.6,188.4,30064046,2012
871,Cinnamomum verum,Cinnamon,Lauraceae,Cinchonine,Procyanidin,Linalool,Cinnamic acid glucoside,1.1996,3.1019,2.6833,1.6255,0.249,"Pune, Maharashtra",18.0913,73.5978,484.8,2009,2,HPLC-MS,20.0,1447.5,6.45,103.6,27.9,191.0,29990301,2009
872,Cinnamomum verum,Cinnamon,Lauraceae,Cinchonine,Catechin,Cinnamaldehyde,Cinnamic acid glucoside,1.3482,3.4367,2.4142,1.1017,0.373,"Pune, Maharashtra",18.6101,73.7096,710.5,2009,4,HPLC,26.3,1770.8,6.62,81.7,25.0,177.2,30266772,2007
873,Cinnamomum verum,Cinnamon,Lauraceae,Cinchonine,Catechin,Linalool,Cinnamic acid glucoside,1.295,5.6463,2.6208,1.1691,0.491,"Pune, Maharashtra",18.7684,73.8396,593.9,2007,8,GC-MS,30.1,2119.4,6.45,119.2,18.7,211.4,29936879,2006
874,Cinnamomum verum,Cinnamon,Lauraceae,Cinchonine,Procyanidin,Eugenol,Cinnamic acid glucoside,1.6842,3.9055,3.0536,0.9402,0.38,"Pune, Maharashtra",19.0842,73.2741,470.3,2018,5,HPLC,27.3,1881.8,6.46,99.9,17.6,195.6,29924674,2018
875,Cinnamomum verum,Cinnamon,Lauraceae,Cinchonine,Catechin,Linalool,Cinnamic acid glucoside,1.7453,4.5448,3.0882,1.3395,0.439,"Pune, Maharashtra",18.7149,74.1967,269.2,2013,6,HPLC,30.1,1921.6,6.69,94.5,8.6,170.3,29965533,2013
876,Cinnamomum verum,Cinnamon,Lauraceae,Cinchonine,Catechin,Cinnamaldehyde,Cinnamic acid glucoside,1.4346,4.027,2.5889,0.9552,0.452,"Pune, Maharashtra",18.5292,73.4337,485.2,2018,5,GC-MS,28.4,1994.9,6.53,82.3,15.3,221.7,30340410,2016
877,Cinnamomum verum,Cinnamon,Lauraceae,Cinchonine,Catechin,Linalool,Cinnamic acid glucoside,1.4396,3.3664,2.6507,1.1784,0.398,"Pune, Maharashtra",17.779,73.9831,397.0,2014,3,UV-Vis Spectroscopy,23.8,1341.9,6.27,125.7,29.2,185.2,29962186,2012
878,Cinnamomum verum,Cinnamon,Lauraceae,Cinchonine,Procyanidin,Linalool,Cinnamic acid glucoside,1.3034,4.4268,3.1256,0.9011,0.472,"Pune, Maharashtra",19.6332,74.1146,452.5,2009,5,GC-MS,32.3,1881.1,6.74,91.1,21.4,200.6,30341430,2007
879,Cinnamomum verum,Cinnamon,Lauraceae,Cinchonine,Procyanidin,Linalool,Cinnamic acid glucoside,1.6731,4.7105,2.3432,1.1543,0.455,"Pune, Maharashtra",18.8426,73.6917,349.0,2005,5,UV-Vis Spectroscopy,28.4,2307.6,6.39,89.7,16.2,204.0,30024530,2005
880,Cinnamomum verum,Cinnamon,Lauraceae,Cinchonine,Catechin,Cinnamaldehyde,Cinnamic acid glucoside,1.6387,4.6004,3.2815,1.2732,0.362,"Pune, Maharashtra",18.1272,73.8579,618.8,2005,5,GC-MS,29.1,2084.3,6.24,81.1,13.2,204.6,29894744,2005
881,Cinnamomum verum,Cinnamon,Lauraceae,Cinchonine,Procyanidin,Eugenol,Cinnamic acid glucoside,1.3078,4.8239,2.8633,1.4445,0.399,"Pune, Maharashtra",18.9462,74.1119,577.0,2010,11,HPTLC,22.5,1167.4,6.34,95.7,17.2,185.3,30091684,2009
882,Cinnamomum verum,Cinnamon,Lauraceae,Cinchonine,Epicatechin,Linalool,Cinnamic acid glucoside,1.1191,4.1511,1.9175,1.3184,0.312,"Pune, Maharashtra",18.1492,74.1877,624.3,2017,11,UV-Vis Spectroscopy,22.6,1353.2,6.6,93.8,25.9,172.0,30228915,2016
883,Cinnamomum verum,Cinnamon,Lauraceae,Cinchonine,Procyanidin,Cinnamaldehyde,Cinnamic acid glucoside,1.7414,3.5304,2.6767,1.5228,0.208,"Pune, Maharashtra",18.5914,73.6769,530.0,2021,2,HPLC,21.3,579.8,6.62,95.1,20.0,172.2,30298385,2021
884,Cinnamomum verum,Cinnamon,Lauraceae,Cinchonine,Epicatechin,Cinnamaldehyde,Cinnamic acid glucoside,1.438,4.5657,2.5628,1.6313,0.408,"Pune, Maharashtra",18.5666,73.6082,678.4,2022,11,HPLC,22.5,1436.9,6.76,107.2,16.8,191.1,30328023,2020
885,Gymnema sylvestre,Gymnema,Apocynaceae,Gymnemine,Kaempferol,Gymnemagenin,Gymnemic acid II,1.4948,3.1732,1.2194,5.6606,0.342,"Western Ghats, Karnataka",12.4468,75.1742,801.1,2021,11,UV-Vis Spectroscopy,22.1,1750.0,5.8,162.2,26.7,212.1,32596782,2019
886,Gymnema sylvestre,Gymnema,Apocynaceae,Gymnemine,Quercetin glucoside,Gymnemagenin,Gymnemic acid I,1.9667,3.6322,1.344,4.3345,0.423,"Western Ghats, Karnataka",12.7814,75.4143,708.8,2008,10,HPLC,23.5,2175.1,5.79,118.3,30.9,197.8,32670183,2008
887,Gymnema sylvestre,Gymnema,Apocynaceae,Gymnemine,Kaempferol,Gymnemagenin,Gymnemic acid IV,2.3314,2.7818,1.243,3.5377,0.46,"Western Ghats, Karnataka",12.6222,75.3913,826.0,2006,4,GC-MS,24.0,2111.4,5.66,120.4,20.1,212.7,32867240,2005
888,Gymnema sylvestre,Gymnema,Apocynaceae,Gymnemine,Quercetin glucoside,Gymnemagenin,Gymnemic acid II,1.5818,3.4629,0.7895,5.064,0.401,"Western Ghats, Karnataka",12.9852,75.069,1060.2,2022,1,HPLC,19.5,1865.7,5.19,115.9,26.0,194.4,32764409,2022
889,Gymnema sylvestre,Gymnema,Apocynaceae,Gymnemine,Kaempferol,Gymnemagenin,Gymnemic acid I,2.2262,3.7994,1.1693,4.7144,0.325,"Western Ghats, Karnataka",12.1929,75.8052,751.8,2013,11,HPLC-MS,20.6,1907.6,5.95,138.8,22.6,186.1,32705068,2013
890,Gymnema sylvestre,Gymnema,Apocynaceae,Gymnemine,Quercetin glucoside,Gymnemagenin,Gymnemic acid I,1.6754,4.3682,1.2053,4.2913,0.3,"Western Ghats, Karnataka",12.7362,75.74,1017.5,2023,8,GC-MS,28.3,3454.3,5.41,105.9,22.9,227.4,32386242,2022
891,Gymnema sylvestre,Gymnema,Apocynaceae,Gymnemine,Quercetin glucoside,Gymnemagenin,Gymnemic acid II,2.3541,4.2439,1.5847,3.6155,0.273,"Western Ghats, Karnataka",12.8056,75.7583,825.4,2010,7,UV-Vis Spectroscopy,31.4,3042.3,5.6,119.1,36.4,232.7,32520137,2010
892,Gymnema sylvestre,Gymnema,Apocynaceae,Gymnemine,Kaempferol,Gymnemagenin,Gymnemic acid II,1.4936,4.1202,1.1204,4.5031,0.494,"Western Ghats, Karnataka",12.3925,75.4996,1081.6,2013,10,HPLC,24.1,2354.4,5.14,124.9,22.8,204.0,32581923,2013
893,Gymnema sylvestre,Gymnema,Apocynaceae,Gymnemine,Quercetin glucoside,Gymnemagenin,Gymnemic acid IV,1.6951,2.2776,1.1188,5.0805,0.413,"Western Ghats, Karnataka",12.7891,75.5755,1141.6,2018,2,HPLC-MS,20.3,1777.5,5.49,127.7,18.6,184.4,32621854,2018
894,Gymnema sylvestre,Gymnema,Apocynaceae,Gymnemine,Quercetin glucoside,Gymnemagenin,Gymnemic acid I,2.2024,3.4134,0.9754,4.9283,0.299,"Western Ghats, Karnataka",12.0398,75.0859,788.5,2006,2,HPLC,17.5,1475.9,5.92,127.0,26.9,198.9,32552434,2006
895,Gymnema sylvestre,Gymnema,Apocynaceae,Gymnemine,Kaempferol,Gymnemagenin,Gymnemic acid IV,2.0377,3.5701,1.2767,3.9257,0.4,"Western Ghats, Karnataka",12.2925,75.32,1095.5,2017,5,HPLC-MS,25.1,2735.5,5.33,136.6,30.9,223.6,32510443,2015
896,Gymnema sylvestre,Gymnema,Apocynaceae,Gymnemine,Quercetin glucoside,Gymnemagenin,Gymnemic acid I,2.2751,3.7319,1.2939,4.189,0.132,"Western Ghats, Karnataka",11.7651,75.6384,885.4,2023,7,HPLC,27.8,3300.1,5.3,98.8,32.0,191.3,32567854,2022
897,Gymnema sylvestre,Gymnema,Apocynaceae,Gymnemine,Quercetin glucoside,Gymnemagenin,Gymnemic acid I,1.6978,3.6277,1.4003,3.71,0.222,"Western Ghats, Karnataka",12.4345,75.7584,734.9,2023,9,GC-MS,27.3,2945.0,5.35,110.8,29.7,179.1,32633060,2023
898,Gymnema sylvestre,Gymnema,Apocynaceae,Gymnemine,Quercetin glucoside,Gymnemagenin,Gymnemic acid IV,2.1734,3.2401,1.2186,2.9598,0.429,"Western Ghats, Karnataka",12.5456,75.7146,749.2,2013,5,HPLC,26.9,3389.5,5.52,120.7,28.9,200.8,32635215,2011
899,Gymnema sylvestre,Gymnema,Apocynaceae,Gymnemine,Quercetin glucoside,Gymnemagenin,Gymnemic acid IV,2.1926,3.5161,1.2828,4.3804,0.465,"Western Ghats, Karnataka",12.2919,75.7638,779.8,2007,5,HPLC,24.7,3019.8,5.38,129.5,29.3,187.8,32599492,2007
900,Gymnema sylvestre,Gymnema,Apocynaceae,Gymnemine,Kaempferol,Gymnemagenin,Gymnemic acid IV,1.7986,2.8812,1.007,5.2589,0.244,"Western Ghats, Karnataka",12.9826,74.9628,835.3,2018,11,HPLC-MS,20.8,2007.3,5.4,121.3,32.6,215.3,32387938,2016
901,Gymnema sylvestre,Gymnema,Apocynaceae,Gymnemine,Kaempferol,Gymnemagenin,Gymnemic acid II,2.1985,3.9032,0.9361,4.2586,0.403,"Bhopal, Madhya Pradesh",23.2815,78.1172,452.6,2020,10,GC-MS,25.2,1037.2,6.92,82.2,18.1,190.7,33975005,2020
902,Gymnema sylvestre,Gymnema,Apocynaceae,Gymnemine,Kaempferol,Gymnemagenin,Gymnemic acid I,1.8148,2.3855,0.8172,4.0688,0.341,"Bhopal, Madhya Pradesh",23.8767,78.0165,412.3,2013,2,HPLC,21.3,644.7,6.85,81.4,18.4,174.3,34113427,2011
903,Gymnema sylvestre,Gymnema,Apocynaceae,Gymnemine,Quercetin glucoside,Gymnemagenin,Gymnemic acid IV,1.3778,4.1206,0.7709,4.4414,0.479,"Bhopal, Madhya Pradesh",23.1243,77.88,501.8,2013,11,HPLC,22.4,852.2,6.87,80.2,18.2,206.1,33843298,2012
904,Gymnema sylvestre,Gymnema,Apocynaceae,Gymnemine,Quercetin glucoside,Gymnemagenin,Gymnemic acid IV,1.7095,3.7483,1.2451,4.1763,0.349,"Bhopal, Madhya Pradesh",23.5523,77.7696,429.8,2014,9,GC-MS,26.3,1229.4,7.09,95.0,23.6,144.9,34219432,2012
905,Gymnema sylvestre,Gymnema,Apocynaceae,Gymnemine,Quercetin glucoside,Gymnemagenin,Gymnemic acid II,1.4186,3.2466,1.2877,4.331,0.27,"Bhopal, Madhya Pradesh",23.255,78.3844,458.5,2012,10,HPLC,25.4,949.8,6.84,106.8,13.9,203.8,34101962,2010
906,Gymnema sylvestre,Gymnema,Apocynaceae,Gymnemine,Quercetin glucoside,Gymnemagenin,Gymnemic acid IV,2.1036,3.5863,1.0826,4.686,0.177,"Bhopal, Madhya Pradesh",23.6007,77.4946,296.9,2022,12,UV-Vis Spectroscopy,21.8,740.4,7.17,125.4,15.8,131.5,34032128,2020
907,Gymnema sylvestre,Gymnema,Apocynaceae,Gymnemine,Quercetin glucoside,Gymnemagenin,Gymnemic acid II,2.037,1.8469,1.0194,5.1188,0.125,"Bhopal, Madhya Pradesh",23.2243,77.7058,367.2,2005,1,HPLC,21.0,752.7,6.81,106.0,25.7,208.7,34305849,2005
908,Gymnema sylvestre,Gymnema,Apocynaceae,Gymnemine,Quercetin glucoside,Gymnemagenin,Gymnemic acid II,1.6006,3.2401,0.8638,4.1864,0.471,"Bhopal, Madhya Pradesh",22.6985,78.1478,427.2,2009,1,HPLC,20.7,765.5,7.15,93.2,24.6,166.5,34182696,2009
909,Gymnema sylvestre,Gymnema,Apocynaceae,Gymnemine,Kaempferol,Gymnemagenin,Gymnemic acid II,1.5008,3.0779,1.1146,4.4384,0.288,"Bhopal, Madhya Pradesh",23.5736,78.0789,417.9,2016,1,HPLC-MS,20.5,466.1,7.03,84.3,6.1,179.5,34021605,2015
910,Gymnema sylvestre,Gymnema,Apocynaceae,Gymnemine,Kaempferol,Gymnemagenin,Gymnemic acid II,2.0887,4.1288,0.9513,4.3566,0.171,"Bhopal, Madhya Pradesh",23.3305,78.2213,421.4,2018,9,HPLC,28.4,1265.4,6.8,96.1,24.9,164.9,34320896,2017
911,Gymnema sylvestre,Gymnema,Apocynaceae,Gymnemine,Quercetin glucoside,Gymnemagenin,Gymnemic acid IV,1.9898,3.4872,1.0191,4.2515,0.141,"Bhopal, Madhya Pradesh",23.4262,77.7428,613.4,2009,11,HPLC-MS,21.4,896.7,6.25,105.2,21.6,198.4,34293224,2009
912,Gymnema sylvestre,Gymnema,Apocynaceae,Gymnemine,Quercetin glucoside,Gymnemagenin,Gymnemic acid II,2.0523,2.9094,1.2095,4.5835,0.387,"Bhopal, Madhya Pradesh",23.2557,78.0164,404.9,2014,3,GC-MS,24.4,1095.1,6.46,105.3,13.0,159.1,33822213,2012
913,Gymnema sylvestre,Gymnema,Apocynaceae,Gymnemine,Quercetin glucoside,Gymnemagenin,Gymnemic acid II,2.1904,3.8607,0.8026,4.1676,0.257,"Bhopal, Madhya Pradesh",23.3437,78.1841,364.2,2014,9,GC-MS,26.5,1414.9,6.7,125.2,26.4,179.4,33863781,2013
914,Gymnema sylvestre,Gymnema,Apocynaceae,Gymnemine,Kaempferol,Gymnemagenin,Gymnemic acid II,2.0957,3.4883,1.1623,2.3709,0.256,"Bhopal, Madhya Pradesh",23.7556,78.0746,430.0,2018,5,HPLC,27.5,1023.1,6.87,99.1,15.3,174.9,34021173,2017
915,Gymnema sylvestre,Gymnema,Apocynaceae,Gymnemine,Quercetin glucoside,Gymnemagenin,Gymnemic acid IV,1.8537,4.1081,1.1338,4.2435,0.267,"Bhopal, Madhya Pradesh",23.7625,78.1406,373.9,2016,9,HPLC,27.9,1404.1,6.69,86.7,16.7,171.0,33941578,2015
916,Gymnema sylvestre,Gymnema,Apocynaceae,Gymnemine,Quercetin glucoside,Gymnemagenin,Gymnemic acid I,1.8834,3.2361,1.1725,4.3584,0.131,"Bhopal, Madhya Pradesh",23.3921,78.172,500.5,2006,9,HPLC,26.9,1293.3,6.96,81.2,18.8,176.0,34074016,2005
917,Gymnema sylvestre,Gymnema,Apocynaceae,Gymnemine,Kaempferol,Gymnemagenin,Gymnemic acid II,1.2683,2.1202,0.9662,5.2116,0.318,"Pune, Maharashtra",18.9709,73.3543,677.0,2008,1,HPLC-MS,20.3,818.7,6.4,94.2,21.5,186.6,32736173,2007
918,Gymnema sylvestre,Gymnema,Apocynaceae,Gymnemine,Quercetin glucoside,Gymnemagenin,Gymnemic acid I,1.9174,3.6149,1.2454,4.1047,0.274,"Pune, Maharashtra",19.4689,73.9699,585.0,2010,4,UV-Vis Spectroscopy,23.8,1455.6,6.77,103.5,17.4,165.9,32848489,2010
919,Gymnema sylvestre,Gymnema,Apocynaceae,Gymnemine,Kaempferol,Gymnemagenin,Gymnemic acid IV,1.9068,3.9693,1.2909,4.1897,0.106,"Pune, Maharashtra",18.2226,73.8612,551.3,2011,7,HPLC-MS,31.5,2143.7,7.14,129.6,30.5,210.6,33101470,2010
920,Gymnema sylvestre,Gymnema,Apocynaceae,Gymnemine,Kaempferol,Gymnemagenin,Gymnemic acid IV,1.9133,3.531,1.0646,3.6716,0.218,"Pune, Maharashtra",17.7976,74.1286,701.3,2012,3,HPLC,22.1,1196.9,6.28,70.9,22.7,218.7,33136416,2012
921,Gymnema sylvestre,Gymnema,Apocynaceae,Gymnemine,Quercetin glucoside,Gymnemagenin,Gymnemic acid IV,1.9083,3.6094,1.0451,2.9746,0.183,"Pune, Maharashtra",18.3906,74.1206,388.0,2006,6,HPTLC,28.9,1952.7,7.3,83.9,27.8,197.6,32915299,2005
922,Gymnema sylvestre,Gymnema,Apocynaceae,Gymnemine,Quercetin glucoside,Gymnemagenin,Gymnemic acid IV,1.7038,3.7119,1.1965,5.6413,0.101,"Pune, Maharashtra",18.7146,74.2759,621.9,2023,11,GC-MS,22.5,1422.3,6.66,115.6,27.7,180.9,32888572,2022
923,Gymnema sylvestre,Gymnema,Apocynaceae,Gymnemine,Kaempferol,Gymnemagenin,Gymnemic acid I,1.6291,4.3413,1.0645,4.973,0.343,"Pune, Maharashtra",18.5937,73.3164,567.4,2010,11,HPLC-MS,26.8,1678.6,5.97,105.0,18.0,161.9,33194198,2008
924,Gymnema sylvestre,Gymnema,Apocynaceae,Gymnemine,Kaempferol,Gymnemagenin,Gymnemic acid I,2.0576,4.0485,0.9114,5.5764,0.499,"Pune, Maharashtra",18.0179,73.4653,481.0,2021,11,UV-Vis Spectroscopy,22.8,1458.1,6.62,76.1,16.4,211.6,32958110,2021
925,Gymnema sylvestre,Gymnema,Apocynaceae,Gymnemine,Quercetin glucoside,Gymnemagenin,Gymnemic acid II,1.9267,2.344,1.0832,4.2999,0.396,"Pune, Maharashtra",18.7172,73.8153,674.5,2016,2,GC-MS,21.5,1340.0,6.84,99.3,17.2,194.0,32912639,2014
926,Gymnema sylvestre,Gymnema,Apocynaceae,Gymnemine,Quercetin glucoside,Gymnemagenin,Gymnemic acid IV,1.4167,3.2701,0.9321,4.9684,0.428,"Pune, Maharashtra",17.997,73.4257,504.7,2017,12,UV-Vis Spectroscopy,23.2,830.8,6.5,119.3,20.8,218.6,33130648,2016
927,Gymnema sylvestre,Gymnema,Apocynaceae,Gymnemine,Quercetin glucoside,Gymnemagenin,Gymnemic acid II,1.4257,3.7869,1.3677,4.2321,0.141,"Pune, Maharashtra",18.5375,74.1458,559.0,2013,10,HPLC-MS,24.9,1649.9,6.77,118.6,16.5,196.5,32847569,2012
928,Gymnema sylvestre,Gymnema,Apocynaceae,Gymnemine,Quercetin glucoside,Gymnemagenin,Gymnemic acid IV,1.7108,4.1535,1.0619,4.8228,0.11,"Pune, Maharashtra",17.9306,74.485,548.0,2011,11,UV-Vis Spectroscopy,22.0,1008.4,5.94,95.9,24.1,203.2,32774376,2011
929,Gymnema sylvestre,Gymnema,Apocynaceae,Gymnemine,Kaempferol,Gymnemagenin,Gymnemic acid I,2.1575,4.1539,1.2239,4.5491,0.141,"Pune, Maharashtra",18.5442,73.8558,610.0,2018,8,HPLC,32.7,2307.3,7.26,99.9,23.1,207.9,33146089,2018
930,Gymnema sylvestre,Gymnema,Apocynaceae,Gymnemine,Kaempferol,Gymnemagenin,Gymnemic acid I,2.2246,3.7986,0.9988,4.3943,0.465,"Pune, Maharashtra",18.1268,73.7089,575.1,2008,10,GC-MS,27.3,1561.5,6.95,97.1,16.6,195.1,32896219,2008
931,Gymnema sylvestre,Gymnema,Apocynaceae,Gymnemine,Quercetin glucoside,Gymnemagenin,Gymnemic acid IV,1.7062,4.2879,1.255,4.089,0.163,"Pune, Maharashtra",19.0908,74.0156,792.4,2005,6,GC-MS,30.2,2017.6,6.45,93.5,26.7,155.2,33231508,2005
932,Gymnema sylvestre,Gymnema,Apocynaceae,Gymnemine,Quercetin glucoside,Gymnemagenin,Gymnemic acid I,1.6019,2.377,1.0378,4.0214,0.411,"Pune, Maharashtra",18.5223,73.4909,767.3,2006,1,HPTLC,17.6,525.6,6.8,91.5,23.0,207.6,32820211,2005
933,Gymnema sylvestre,Gymnema,Apocynaceae,Gymnemine,Kaempferol,Gymnemagenin,Gymnemic acid II,1.8614,3.7463,1.0706,4.1306,0.383,"Tirupati, Andhra Pradesh",13.9835,79.026,523.4,2013,10,HPLC-MS,27.5,675.7,6.63,83.5,14.4,189.1,34012646,2013
934,Gymnema sylvestre,Gymnema,Apocynaceae,Gymnemine,Kaempferol,Gymnemagenin,Gymnemic acid II,2.356,4.1634,1.2833,4.4287,0.165,"Tirupati, Andhra Pradesh",13.3416,79.5268,291.3,2021,8,HPLC,33.6,1244.3,7.12,69.4,22.0,195.4,33987188,2019
935,Gymnema sylvestre,Gymnema,Apocynaceae,Gymnemine,Quercetin glucoside,Gymnemagenin,Gymnemic acid I,1.439,3.3563,0.9374,5.8311,0.324,"Tirupati, Andhra Pradesh",13.383,79.438,190.0,2018,12,HPLC-MS,24.0,572.7,6.88,87.0,26.1,183.5,34007726,2016
936,Gymnema sylvestre,Gymnema,Apocynaceae,Gymnemine,Quercetin glucoside,Gymnemagenin,Gymnemic acid IV,1.3707,3.738,0.9177,3.8979,0.486,"Tirupati, Andhra Pradesh",13.3817,78.9558,348.2,2009,9,HPLC,29.6,896.9,6.7,83.9,14.1,192.3,33711124,2009
937,Gymnema sylvestre,Gymnema,Apocynaceae,Gymnemine,Quercetin glucoside,Gymnemagenin,Gymnemic acid IV,1.8407,3.3184,0.9087,5.2574,0.271,"Tirupati, Andhra Pradesh",13.3421,79.0324,276.3,2019,11,GC-MS,22.4,764.2,6.88,75.4,16.9,110.4,33693117,2019
938,Gymnema sylvestre,Gymnema,Apocynaceae,Gymnemine,Quercetin glucoside,Gymnemagenin,Gymnemic acid II,1.6774,3.5549,0.899,3.8885,0.176,"Tirupati, Andhra Pradesh",13.1624,79.5689,402.5,2006,8,HPLC-MS,31.5,1058.1,7.54,60.7,16.3,144.2,34077562,2006
939,Gymnema sylvestre,Gymnema,Apocynaceae,Gymnemine,Kaempferol,Gymnemagenin,Gymnemic acid II,2.521,3.0927,1.0575,3.6945,0.409,"Tirupati, Andhra Pradesh",13.4733,79.1112,369.5,2018,4,UV-Vis Spectroscopy,27.8,801.9,7.33,84.1,22.3,173.4,33920438,2016
940,Gymnema sylvestre,Gymnema,Apocynaceae,Gymnemine,Kaempferol,Gymnemagenin,Gymnemic acid IV,1.7999,2.8545,1.4587,3.6001,0.205,"Tirupati, Andhra Pradesh",14.201,79.5901,446.3,2007,7,HPLC,32.8,1156.9,6.8,81.1,13.1,184.9,33669763,2006
941,Gymnema sylvestre,Gymnema,Apocynaceae,Gymnemine,Kaempferol,Gymnemagenin,Gymnemic acid I,1.7299,3.0632,1.246,4.2041,0.206,"Tirupati, Andhra Pradesh",13.7847,79.3466,171.1,2019,3,HPLC,23.4,645.4,7.17,62.3,30.1,185.1,33617123,2018
942,Gymnema sylvestre,Gymnema,Apocynaceae,Gymnemine,Quercetin glucoside,Gymnemagenin,Gymnemic acid II,1.6627,3.4884,0.9813,4.0481,0.235,"Tirupati, Andhra Pradesh",13.5319,79.4194,307.7,2022,11,UV-Vis Spectroscopy,24.5,602.6,7.15,86.3,18.0,200.2,33989677,2021
943,Gymnema sylvestre,Gymnema,Apocynaceae,Gymnemine,Kaempferol,Gymnemagenin,Gymnemic acid I,2.0638,2.7891,1.3184,4.4605,0.38,"Tirupati, Andhra Pradesh",14.156,79.8472,177.7,2013,3,GC-MS,25.6,698.2,6.79,74.6,20.9,169.6,33717037,2012
944,Gymnema sylvestre,Gymnema,Apocynaceae,Gymnemine,Quercetin glucoside,Gymnemagenin,Gymnemic acid II,2.3542,3.8414,1.1342,4.43,0.105,"Tirupati, Andhra Pradesh",13.4209,79.5305,481.9,2023,5,HPLC,30.3,976.6,7.66,93.6,15.9,157.6,33826770,2021
945,Gymnema sylvestre,Gymnema,Apocynaceae,Gymnemine,Kaempferol,Gymnemagenin,Gymnemic acid I,1.1789,2.9919,1.0729,4.3076,0.366,"Tirupati, Andhra Pradesh",13.2714,79.021,252.2,2017,3,UV-Vis Spectroscopy,24.0,567.8,6.64,61.8,9.2,172.2,33867075,2016
946,Gymnema sylvestre,Gymnema,Apocynaceae,Gymnemine,Quercetin glucoside,Gymnemagenin,Gymnemic acid IV,1.9045,2.9303,1.305,4.0595,0.113,"Tirupati, Andhra Pradesh",13.5776,79.3916,387.4,2014,3,HPLC,26.9,709.1,6.79,87.7,21.9,170.0,33780798,2012
947,Gymnema sylvestre,Gymnema,Apocynaceae,Gymnemine,Quercetin glucoside,Gymnemagenin,Gymnemic acid IV,1.4881,2.4196,0.5828,4.6987,0.323,"Tirupati, Andhra Pradesh",13.2485,79.541,333.6,2009,1,HPLC,22.7,381.8,7.05,68.3,13.5,183.2,33927833,2008
948,Gymnema sylvestre,Gymnema,Apocynaceae,Gymnemine,Quercetin glucoside,Gymnemagenin,Gymnemic acid I,1.5605,3.5255,0.9715,3.4688,0.167,"Tirupati, Andhra Pradesh",13.7871,79.5779,199.8,2017,5,UV-Vis Spectroscopy,29.5,900.0,7.14,71.9,15.7,167.2,34002511,2016
949,Gymnema sylvestre,Gymnema,Apocynaceae,Gymnemine,Kaempferol,Gymnemagenin,Gymnemic acid II,2.4842,3.191,1.3697,3.9126,0.272,"Bhubaneswar, Odisha",20.1282,85.3237,23.9,2023,5,UV-Vis Spectroscopy,29.6,1939.1,5.84,86.6,18.6,193.5,31087980,2022
950,Gymnema sylvestre,Gymnema,Apocynaceae,Gymnemine,Kaempferol,Gymnemagenin,Gymnemic acid IV,1.8239,3.9268,1.0441,4.7077,0.393,"Bhubaneswar, Odisha",20.3111,86.0605,47.4,2007,10,HPTLC,26.4,1599.5,5.86,98.1,11.8,190.1,30945329,2007
951,Gymnema sylvestre,Gymnema,Apocynaceae,Gymnemine,Quercetin glucoside,Gymnemagenin,Gymnemic acid IV,2.0711,3.6202,1.2213,3.7437,0.422,"Bhubaneswar, Odisha",20.733,85.8638,41.4,2007,10,HPTLC,23.9,1402.5,5.83,83.3,17.6,143.4,31251712,2005
952,Gymnema sylvestre,Gymnema,Apocynaceae,Gymnemine,Kaempferol,Gymnemagenin,Gymnemic acid II,1.9929,4.4355,1.3468,4.3817,0.373,"Bhubaneswar, Odisha",19.9626,85.5104,15.5,2020,7,HPLC,31.3,1889.3,5.79,137.7,23.9,179.3,31256586,2018
953,Gymnema sylvestre,Gymnema,Apocynaceae,Gymnemine,Kaempferol,Gymnemagenin,Gymnemic acid IV,1.8521,3.2195,0.8066,3.8033,0.118,"Bhubaneswar, Odisha",20.7271,86.1563,87.8,2009,2,GC-MS,23.1,1091.5,6.0,86.6,18.3,177.0,31095733,2008
954,Gymnema sylvestre,Gymnema,Apocynaceae,Gymnemine,Kaempferol,Gymnemagenin,Gymnemic acid IV,1.9887,3.205,1.0919,4.3573,0.108,"Bhubaneswar, Odisha",19.8744,85.4191,59.6,2021,1,HPLC-MS,21.3,652.0,6.15,97.2,18.7,197.5,30916622,2020
955,Gymnema sylvestre,Gymnema,Apocynaceae,Gymnemine,Quercetin glucoside,Gymnemagenin,Gymnemic acid I,2.0164,2.6222,0.7751,4.3887,0.407,"Bhubaneswar, Odisha",19.829,85.6269,68.4,2021,1,GC-MS,20.4,815.2,5.7,81.2,20.5,174.4,30783695,2021
956,Gymnema sylvestre,Gymnema,Apocynaceae,Gymnemine,Quercetin glucoside,Gymnemagenin,Gymnemic acid I,2.0992,3.6859,1.0778,5.3753,0.464,"Bhubaneswar, Odisha",20.3831,85.8301,26.3,2014,10,HPLC,25.3,1524.5,5.9,90.7,21.7,206.8,30775729,2012
957,Gymnema sylvestre,Gymnema,Apocynaceae,Gymnemine,Kaempferol,Gymnemagenin,Gymnemic acid IV,1.7912,3.8538,1.364,4.051,0.137,"Bhubaneswar, Odisha",20.4426,86.0371,54.1,2021,9,HPLC,30.5,1759.0,5.42,90.2,12.9,172.2,30880911,2019
958,Gymnema sylvestre,Gymnema,Apocynaceae,Gymnemine,Quercetin glucoside,Gymnemagenin,Gymnemic acid I,2.2404,4.242,1.4087,3.7991,0.173,"Bhubaneswar, Odisha",20.4635,86.1483,10.0,2009,7,HPLC-MS,32.6,1796.4,5.96,83.8,20.3,197.2,30889224,2008
959,Gymnema sylvestre,Gymnema,Apocynaceae,Gymnemine,Kaempferol,Gymnemagenin,Gymnemic acid IV,2.2628,3.409,1.1458,3.8612,0.291,"Bhubaneswar, Odisha",20.1214,85.8417,97.7,2020,4,HPLC-MS,29.2,1394.5,6.19,94.5,27.3,173.6,30834123,2019
960,Gymnema sylvestre,Gymnema,Apocynaceae,Gymnemine,Quercetin glucoside,Gymnemagenin,Gymnemic acid II,1.573,2.7397,0.8423,4.8786,0.164,"Bhubaneswar, Odisha",20.6078,85.8708,102.6,2009,1,HPLC,21.7,752.8,6.02,108.2,25.6,203.2,31020968,2007
961,Gymnema sylvestre,Gymnema,Apocynaceae,Gymnemine,Kaempferol,Gymnemagenin,Gymnemic acid IV,2.3103,2.6802,1.1797,4.7129,0.321,"Bhubaneswar, Odisha",20.2817,85.8469,10.0,2018,4,UV-Vis Spectroscopy,25.5,1145.8,6.63,122.7,18.8,148.5,31095121,2018
962,Gymnema sylvestre,Gymnema,Apocynaceae,Gymnemine,Quercetin glucoside,Gymnemagenin,Gymnemic acid II,1.9599,2.2992,0.9382,4.7896,0.304,"Bhubaneswar, Odisha",20.1021,85.919,26.7,2021,3,HPLC,22.1,1189.5,6.14,97.9,16.6,169.5,30781690,2021
963,Gymnema sylvestre,Gymnema,Apocynaceae,Gymnemine,Quercetin glucoside,Gymnemagenin,Gymnemic acid I,1.5175,2.656,0.7742,4.9079,0.187,"Bhubaneswar, Odisha",20.4332,85.4832,62.0,2020,1,HPLC,20.2,685.2,5.44,105.2,17.2,212.5,30854525,2020
964,Gymnema sylvestre,Gymnema,Apocynaceae,Gymnemine,Kaempferol,Gymnemagenin,Gymnemic acid I,2.1199,2.8239,0.9334,4.6194,0.274,"Bhubaneswar, Odisha",20.0317,84.9402,10.0,2007,12,HPTLC,21.0,899.1,5.92,74.0,23.9,168.6,30804641,2007
965,Gymnema sylvestre,Gymnema,Apocynaceae,Gymnemine,Kaempferol,Gymnemagenin,Gymnemic acid IV,1.9867,3.6274,1.4116,4.1553,0.351,"Ranchi, Jharkhand",23.6461,84.8731,690.5,2010,8,GC-MS,31.9,1498.2,6.69,87.4,17.9,171.5,29219366,2010
966,Gymnema sylvestre,Gymnema,Apocynaceae,Gymnemine,Quercetin glucoside,Gymnemagenin,Gymnemic acid I,1.9969,4.0293,0.8773,3.9448,0.105,"Ranchi, Jharkhand",23.3465,85.1819,610.6,2018,5,HPLC-MS,27.2,1330.9,6.16,94.0,9.1,185.9,29389078,2017
967,Gymnema sylvestre,Gymnema,Apocynaceae,Gymnemine,Kaempferol,Gymnemagenin,Gymnemic acid IV,2.5091,4.6501,1.0596,4.0892,0.113,"Ranchi, Jharkhand",23.4569,85.3345,549.5,2010,9,GC-MS,27.6,1490.8,6.13,93.1,28.4,198.1,29471008,2010
968,Gymnema sylvestre,Gymnema,Apocynaceae,Gymnemine,Kaempferol,Gymnemagenin,Gymnemic acid II,1.6728,2.35,1.0155,3.9998,0.101,"Ranchi, Jharkhand",23.176,85.3912,682.3,2005,3,HPLC,20.4,1191.3,6.5,86.9,18.0,167.9,29384249,2005
969,Gymnema sylvestre,Gymnema,Apocynaceae,Gymnemine,Quercetin glucoside,Gymnemagenin,Gymnemic acid I,1.7805,3.8291,1.5914,3.8907,0.218,"Ranchi, Jharkhand",23.178,85.677,637.7,2023,7,HPTLC,29.5,1847.8,6.44,78.5,14.3,157.8,29556478,2022
970,Gymnema sylvestre,Gymnema,Apocynaceae,Gymnemine,Quercetin glucoside,Gymnemagenin,Gymnemic acid II,2.169,3.2393,1.1858,3.7935,0.361,"Ranchi, Jharkhand",22.6175,85.4863,680.3,2017,4,HPLC,24.3,1178.4,6.02,88.5,20.4,171.0,29468558,2017
971,Gymnema sylvestre,Gymnema,Apocynaceae,Gymnemine,Kaempferol,Gymnemagenin,Gymnemic acid II,2.0376,2.7694,0.8196,4.647,0.16,"Ranchi, Jharkhand",23.4543,86.0596,652.9,2018,2,HPLC-MS,21.9,657.4,6.21,72.0,19.4,210.7,29646128,2016
972,Gymnema sylvestre,Gymnema,Apocynaceae,Gymnemine,Quercetin glucoside,Gymnemagenin,Gymnemic acid IV,1.8367,3.6893,0.9807,4.8027,0.437,"Ranchi, Jharkhand",23.1839,86.0752,739.4,2016,11,HPTLC,22.2,792.6,6.59,100.1,18.8,183.5,29275800,2016
973,Gymnema sylvestre,Gymnema,Apocynaceae,Gymnemine,Quercetin glucoside,Gymnemagenin,Gymnemic acid I,2.2228,3.3014,1.1052,4.1126,0.277,"Ranchi, Jharkhand",22.4038,85.4797,626.5,2015,8,HPLC,27.0,1536.2,6.05,91.8,12.1,180.5,29564106,2013
974,Gymnema sylvestre,Gymnema,Apocynaceae,Gymnemine,Quercetin glucoside,Gymnemagenin,Gymnemic acid I,2.0718,4.3099,1.3156,3.2286,0.427,"Ranchi, Jharkhand",23.1627,85.4376,619.4,2019,7,HPLC-MS,29.8,1704.5,6.03,82.3,23.5,173.3,29355424,2018
975,Gymnema sylvestre,Gymnema,Apocynaceae,Gymnemine,Quercetin glucoside,Gymnemagenin,Gymnemic acid IV,2.0783,3.5465,1.2594,4.4043,0.406,"Ranchi, Jharkhand",23.1475,85.6892,656.5,2012,9,GC-MS,28.6,1328.8,6.15,109.4,15.7,146.5,29455331,2010
976,Gymnema sylvestre,Gymnema,Apocynaceae,Gymnemine,Kaempferol,Gymnemagenin,Gymnemic acid I,2.4143,4.153,0.9615,4.3201,0.455,"Ranchi, Jharkhand",22.9826,85.746,757.3,2022,9,HPLC,25.8,1649.0,6.07,68.1,33.9,167.6,29219652,2020
977,Gymnema sylvestre,Gymnema,Apocynaceae,Gymnemine,Quercetin glucoside,Gymnemagenin,Gymnemic acid IV,1.9351,3.6335,0.6514,4.4511,0.113,"Ranchi, Jharkhand",23.121,85.6055,697.7,2016,10,HPTLC,24.3,1001.6,6.82,58.9,11.5,189.1,29650200,2016
978,Gymnema sylvestre,Gymnema,Apocynaceae,Gymnemine,Quercetin glucoside,Gymnemagenin,Gymnemic acid II,1.248,4.0934,1.2096,4.4428,0.29,"Ranchi, Jharkhand",23.5153,85.9038,588.1,2022,10,HPLC,30.0,998.5,6.33,106.0,16.5,211.8,29326801,2022
979,Gymnema sylvestre,Gymnema,Apocynaceae,Gymnemine,Quercetin glucoside,Gymnemagenin,Gymnemic acid I,1.7792,2.6606,0.755,4.261,0.468,"Ranchi, Jharkhand",23.3824,85.3337,628.1,2006,3,UV-Vis Spectroscopy,24.0,866.3,6.71,79.7,22.2,171.9,29355770,2005
980,Gymnema sylvestre,Gymnema,Apocynaceae,Gymnemine,Kaempferol,Gymnemagenin,Gymnemic acid II,2.077,4.3149,1.4192,4.0854,0.134,"Ranchi, Jharkhand",23.5873,85.8902,532.7,2021,7,GC-MS,29.9,1684.6,6.17,97.8,18.0,182.3,29515550,2019
981,Moringa oleifera,Moringa,Moringaceae,Moringine,Quercetin,Stigmasterol,Niazimicin,0.5199,7.9072,0.5475,1.9745,0.424,"Jodhpur, Rajasthan",26.5997,73.7961,281.6,2016,9,HPTLC,30.2,413.3,7.72,55.4,16.8,166.4,32602221,2015
982,Moringa oleifera,Moringa,Moringaceae,Moringinine,Quercetin,Stigmasterol,Niazirin,0.5,6.6425,0.5753,1.9186,0.259,"Jodhpur, Rajasthan",26.6104,73.6174,300.9,2015,3,UV-Vis Spectroscopy,28.7,301.4,7.87,46.8,14.5,164.9,32563853,2013
983,Moringa oleifera,Moringa,Moringaceae,Moringinine,Kaempferol,Stigmasterol,Niazimicin,0.4404,5.7174,0.5528,2.1217,0.387,"Jodhpur, Rajasthan",25.9518,73.1337,249.9,2006,2,UV-Vis Spectroscopy,22.1,261.7,7.68,60.2,19.2,133.4,32570497,2006
984,Moringa oleifera,Moringa,Moringaceae,Moringinine,Kaempferol,beta-Sitosterol,Niazirin,0.4545,6.4328,0.647,1.7125,0.122,"Jodhpur, Rajasthan",26.0275,73.661,474.1,2011,10,HPTLC,26.7,419.2,7.99,47.1,7.8,152.1,32309690,2010
985,Moringa oleifera,Moringa,Moringaceae,Moringine,Myricetin,beta-Sitosterol,Niazimicin,0.3248,6.0226,0.5656,1.8695,0.363,"Jodhpur, Rajasthan",26.6853,73.8667,321.2,2005,1,HPLC-MS,22.8,133.6,7.92,66.7,16.8,125.1,32624979,2005
986,Moringa oleifera,Moringa,Moringaceae,Moringine,Isorhamnetin,beta-Sitosterol,Niazirin,0.5881,10.6726,0.5193,1.9153,0.471,"Jodhpur, Rajasthan",26.3264,73.4203,282.1,2021,9,HPLC,30.0,425.8,8.14,71.9,14.2,137.3,32689711,2021
987,Moringa oleifera,Moringa,Moringaceae,Moringinine,Kaempferol,beta-Sitosterol,Niazimicin,0.5194,8.2063,0.6422,1.629,0.384,"Jodhpur, Rajasthan",26.6919,74.0089,286.5,2019,6,HPLC-MS,30.8,515.8,8.11,65.1,3.8,145.8,32426522,2018
988,Moringa oleifera,Moringa,Moringaceae,Moringinine,Quercetin,Stigmasterol,Niazirin,0.3833,6.3147,0.7234,2.2416,0.476,"Jodhpur, Rajasthan",26.6479,73.8723,374.0,2015,1,UV-Vis Spectroscopy,25.3,254.4,7.84,75.5,16.3,142.1,32293409,2014
989,Moringa oleifera,Moringa,Moringaceae,Moringine,Kaempferol,Stigmasterol,Niazimicin,0.6239,6.5704,0.6615,1.9384,0.299,"Jodhpur, Rajasthan",27.1598,73.759,220.1,2013,4,UV-Vis Spectroscopy,28.9,321.4,8.51,35.4,22.3,149.1,32479053,2011
990,Moringa oleifera,Moringa,Moringaceae,Moringinine,Quercetin,beta-Sitosterol,Niazirin,0.4812,6.2465,0.7267,1.9163,0.194,"Jodhpur, Rajasthan",26.6341,73.6453,300.7,2022,1,HPLC,22.3,248.1,7.98,77.5,11.3,178.8,32750480,2020
991,Moringa oleifera,Moringa,Moringaceae,Moringine,Kaempferol,Stigmasterol,Niazimicin,0.3098,4.5509,0.5358,1.8078,0.258,"Jodhpur, Rajasthan",26.3522,74.0052,264.8,2005,12,UV-Vis Spectroscopy,24.6,277.9,8.42,76.7,11.5,133.9,32480721,2005
992,Moringa oleifera,Moringa,Moringaceae,Moringine,Kaempferol,beta-Sitosterol,Niazirin,0.5379,9.8638,0.6871,1.9807,0.293,"Jodhpur, Rajasthan",25.8919,74.1182,310.3,2015,10,HPLC-MS,27.5,342.9,8.23,42.6,14.1,137.2,32449759,2013
993,Moringa oleifera,Moringa,Moringaceae,Moringine,Kaempferol,Stigmasterol,Niazimicin,0.5276,8.0396,0.6228,2.2202,0.177,"Jodhpur, Rajasthan",25.9129,73.4507,337.1,2022,12,HPLC,24.2,300.2,7.68,69.2,18.0,145.8,32436796,2021
994,Moringa oleifera,Moringa,Moringaceae,Moringinine,Kaempferol,beta-Sitosterol,Niazimicin,0.5899,7.8436,0.8076,1.7332,0.433,"Jodhpur, Rajasthan",26.3924,73.4921,348.0,2015,6,GC-MS,33.6,471.9,7.95,69.4,13.4,141.1,32617128,2015
995,Moringa oleifera,Moringa,Moringaceae,Moringine,Quercetin,beta-Sitosterol,Niazirin,0.4087,10.0305,0.7154,1.617,0.194,"Bhopal, Madhya Pradesh",23.3274,77.9043,343.3,2013,8,HPLC-MS,28.8,1502.1,6.64,89.9,32.2,186.3,28876147,2011
996,Moringa oleifera,Moringa,Moringaceae,Moringinine,Quercetin,Stigmasterol,Niazirin,0.517,6.5281,0.5923,2.0673,0.172,"Bhopal, Madhya Pradesh",24.1656,78.1631,382.5,2020,2,HPLC-MS,19.4,847.1,6.24,74.6,22.1,190.9,28759346,2019
997,Moringa oleifera,Moringa,Moringaceae,Moringinine,Isorhamnetin,beta-Sitosterol,Niazimicin,0.5293,7.0027,0.771,1.5941,0.36,"Bhopal, Madhya Pradesh",23.5616,78.1619,435.5,2017,5,HPLC-MS,27.4,1360.5,6.91,104.6,22.0,158.8,28557729,2015
998,Moringa oleifera,Moringa,Moringaceae,Moringine,Myricetin,beta-Sitosterol,Niazirin,0.4607,8.0027,0.6272,1.8316,0.397,"Bhopal, Madhya Pradesh",23.983,78.0374,469.3,2011,3,HPLC,22.7,897.6,6.43,99.4,23.3,186.8,28949629,2011
999,Moringa oleifera,Moringa,Moringaceae,Moringinine,Isorhamnetin,beta-Sitosterol,Niazirin,0.4274,7.2386,0.7402,1.8829,0.437,"Bhopal, Madhya Pradesh",23.3008,78.4408,421.0,2021,3,HPLC,21.3,686.2,7.18,102.1,16.0,189.3,28799549,2020
1000,Moringa oleifera,Moringa,Moringaceae,Moringine,Myricetin,beta-Sitosterol,Niazimicin,0.5817,9.9851,0.6836,2.1608,0.301,"Bhopal, Madhya Pradesh",23.3762,78.2893,266.3,2022,7,UV-Vis Spectroscopy,28.7,1705.0,6.95,92.9,18.8,150.4,28644743,2022
1001,Moringa oleifera,Moringa,Moringaceae,Moringinine,Quercetin,beta-Sitosterol,Niazimicin,0.6539,10.1504,0.8373,1.5185,0.427,"Bhopal, Madhya Pradesh",23.6759,78.2253,453.1,2016,6,GC-MS,29.1,1565.1,6.78,89.4,26.0,150.1,28600412,2014
1002,Moringa oleifera,Moringa,Moringaceae,Moringine,Myricetin,beta-Sitosterol,Niazimicin,0.5029,6.5933,0.5744,2.1166,0.462,"Bhopal, Madhya Pradesh",22.9135,78.0566,487.3,2020,2,HPLC,20.8,708.9,7.37,98.5,15.5,145.6,28690487,2020
1003,Moringa oleifera,Moringa,Moringaceae,Moringine,Quercetin,Stigmasterol,Niazirin,0.4958,7.3407,0.6131,2.0792,0.352,"Bhopal, Madhya Pradesh",23.6725,78.2434,550.7,2009,1,HPLC-MS,22.8,763.0,6.58,94.4,20.3,153.4,28813421,2007
1004,Moringa oleifera,Moringa,Moringaceae,Moringine,Myricetin,beta-Sitosterol,Niazirin,0.5439,8.7762,0.689,1.6451,0.111,"Bhopal, Madhya Pradesh",23.4813,77.7441,571.1,2012,6,HPLC-MS,32.7,1495.0,7.16,76.8,19.1,191.0,28931468,2012
1005,Moringa oleifera,Moringa,Moringaceae,Moringinine,Kaempferol,Stigmasterol,Niazimicin,0.4774,8.5448,0.6612,2.0084,0.169,"Bhopal, Madhya Pradesh",23.2735,78.569,446.7,2012,4,HPTLC,23.9,1025.5,6.86,82.1,14.9,177.7,28530679,2011
1006,Moringa oleifera,Moringa,Moringaceae,Moringine,Isorhamnetin,beta-Sitosterol,Niazirin,0.4925,6.5989,0.5633,1.9546,0.282,"Bhopal, Madhya Pradesh",23.6351,78.0604,445.1,2007,1,GC-MS,20.8,449.1,6.72,59.4,13.3,162.5,28826686,2006
1007,Moringa oleifera,Moringa,Moringaceae,Moringinine,Myricetin,Stigmasterol,Niazimicin,0.4473,8.3979,0.6729,2.2747,0.301,"Bhopal, Madhya Pradesh",23.3632,77.8781,569.2,2005,11,HPLC,22.3,911.0,6.88,95.3,21.4,194.6,28881400,2005
1008,Moringa oleifera,Moringa,Moringaceae,Moringinine,Quercetin,Stigmasterol,Niazirin,0.4035,9.7962,0.8289,1.9389,0.155,"Bhopal, Madhya Pradesh",22.8752,78.1758,579.6,2011,8,HPLC-MS,29.1,1459.1,6.68,87.1,26.9,144.7,28779884,2009
1009,Moringa oleifera,Moringa,Moringaceae,Moringine,Myricetin,beta-Sitosterol,Niazirin,0.6171,9.6274,0.6528,1.9299,0.46,"Pune, Maharashtra",18.137,73.8156,449.7,2017,10,HPLC-MS,25.7,1376.2,6.56,91.8,23.5,221.6,32992428,2017
1010,Moringa oleifera,Moringa,Moringaceae,Moringinine,Isorhamnetin,Stigmasterol,Niazimicin,0.5635,11.5334,0.8488,1.518,0.109,"Pune, Maharashtra",18.0683,73.8574,484.7,2014,8,GC-MS,31.3,2220.0,6.6,75.3,30.4,185.6,32649274,2014
1011,Moringa oleifera,Moringa,Moringaceae,Moringinine,Myricetin,Stigmasterol,Niazirin,0.3858,6.5163,0.7405,2.3912,0.439,"Pune, Maharashtra",18.9627,73.8483,713.8,2014,12,HPLC-MS,20.1,806.7,6.42,99.3,26.2,165.1,32738717,2013
1012,Moringa oleifera,Moringa,Moringaceae,Moringine,Myricetin,beta-Sitosterol,Niazimicin,0.4132,7.2732,0.4936,2.059,0.457,"Pune, Maharashtra",18.2494,73.8182,689.4,2012,12,HPLC,21.3,1363.7,6.57,113.1,25.1,203.4,33006801,2012
1013,Moringa oleifera,Moringa,Moringaceae,Moringinine,Kaempferol,beta-Sitosterol,Niazirin,0.4079,7.545,0.5331,2.0714,0.176,"Pune, Maharashtra",19.1338,73.4834,596.7,2022,12,HPLC-MS,20.9,1019.0,5.96,102.7,22.1,202.5,32806051,2022
1014,Moringa oleifera,Moringa,Moringaceae,Moringine,Kaempferol,beta-Sitosterol,Niazirin,0.6176,7.3118,0.4329,2.4432,0.158,"Pune, Maharashtra",18.4077,73.6409,628.5,2023,1,HPLC-MS,22.7,1062.1,6.4,106.2,20.2,208.2,32747513,2021
1015,Moringa oleifera,Moringa,Moringaceae,Moringine,Kaempferol,beta-Sitosterol,Niazirin,0.4727,8.7316,0.663,2.3749,0.39,"Pune, Maharashtra",18.2562,74.4852,549.9,2013,12,HPLC-MS,20.2,1115.7,6.21,105.1,29.5,197.0,33128877,2013
1016,Moringa oleifera,Moringa,Moringaceae,Moringine,Myricetin,beta-Sitosterol,Niazirin,0.5244,6.9894,0.5951,1.9363,0.17,"Pune, Maharashtra",18.7775,73.897,797.5,2023,1,UV-Vis Spectroscopy,21.0,1107.2,6.49,87.7,17.0,216.0,32741790,2023
1017,Moringa oleifera,Moringa,Moringaceae,Moringine,Myricetin,Stigmasterol,Niazimicin,0.4131,8.8725,0.5394,2.1474,0.298,"Pune, Maharashtra",18.6459,73.6637,717.4,2019,12,GC-MS,25.0,1066.5,6.28,113.5,18.8,233.9,32957307,2019
1018,Moringa oleifera,Moringa,Moringaceae,Moringine,Kaempferol,beta-Sitosterol,Niazimicin,0.578,7.6625,0.7757,1.9829,0.439,"Pune, Maharashtra",18.3766,73.8397,811.6,2016,10,HPLC-MS,26.2,1708.2,6.41,102.7,13.5,182.2,32933921,2014
1019,Moringa oleifera,Moringa,Moringaceae,Moringine,Isorhamnetin,beta-Sitosterol,Niazimicin,0.5214,8.7892,0.5681,2.28,0.47,"Pune, Maharashtra",18.7162,73.1645,467.9,2016,11,HPLC,25.4,1403.7,6.38,96.4,21.1,210.8,32740627,2014
1020,Moringa oleifera,Moringa,Moringaceae,Moringinine,Quercetin,beta-Sitosterol,Niazirin,0.7088,7.0108,0.7055,1.6423,0.437,"Pune, Maharashtra",18.1725,73.6223,442.9,2013,5,HPLC-MS,26.2,1880.5,6.86,102.0,16.7,196.1,32775196,2012
1021,Moringa oleifera,Moringa,Moringaceae,Moringine,Quercetin,Stigmasterol,Niazirin,0.5124,6.7889,0.5622,1.6166,0.487,"Pune, Maharashtra",18.2314,73.6401,613.9,2013,3,GC-MS,23.8,1079.2,7.06,107.7,22.0,219.5,32710861,2011
1022,Moringa oleifera,Moringa,Moringaceae,Moringine,Myricetin,Stigmasterol,Niazirin,0.5549,9.3447,0.5674,1.9524,0.237,"Pune, Maharashtra",18.5339,73.7406,644.0,2020,11,GC-MS,25.4,1450.8,6.39,92.4,19.2,174.0,33094933,2020
1023,Moringa oleifera,Moringa,Moringaceae,Moringine,Isorhamnetin,Stigmasterol,Niazirin,0.4187,6.9887,0.6541,1.7695,0.313,"Ahmedabad, Gujarat",22.5641,72.234,84.4,2005,11,HPLC-MS,25.7,379.4,7.59,83.7,17.2,145.1,23392615,2005
1024,Moringa oleifera,Moringa,Moringaceae,Moringinine,Kaempferol,Stigmasterol,Niazimicin,0.6268,5.9871,0.7296,1.4832,0.357,"Ahmedabad, Gujarat",23.1927,72.507,90.9,2010,5,HPLC,30.2,598.9,7.6,80.8,15.8,122.8,23312700,2010
1025,Moringa oleifera,Moringa,Moringaceae,Moringinine,Myricetin,beta-Sitosterol,Niazirin,0.4599,7.4981,0.5173,1.8467,0.359,"Ahmedabad, Gujarat",22.7787,72.3397,53.8,2009,2,UV-Vis Spectroscopy,21.3,385.1,7.4,71.4,23.2,152.8,23343055,2009
1026,Moringa oleifera,Moringa,Moringaceae,Moringine,Isorhamnetin,beta-Sitosterol,Niazirin,0.5679,8.1462,0.778,1.5749,0.257,"Ahmedabad, Gujarat",22.9818,72.8776,117.7,2022,5,GC-MS,32.0,642.3,7.27,53.6,18.7,151.8,23539884,2020
1027,Moringa oleifera,Moringa,Moringaceae,Moringine,Isorhamnetin,beta-Sitosterol,Niazimicin,0.2757,6.8644,0.5722,1.3741,0.226,"Ahmedabad, Gujarat",23.295,72.6037,60.5,2013,1,HPLC-MS,23.6,347.2,7.48,86.0,20.5,191.4,23461408,2013
1028,Moringa oleifera,Moringa,Moringaceae,Moringinine,Kaempferol,Stigmasterol,Niazimicin,0.5443,8.8154,0.6231,1.9802,0.165,"Ahmedabad, Gujarat",23.3852,72.7918,94.6,2017,6,GC-MS,31.6,779.0,7.89,77.2,22.6,142.4,23338822,2017
1029,Moringa oleifera,Moringa,Moringaceae,Moringinine,Kaempferol,beta-Sitosterol,Niazirin,0.3957,7.5358,0.5168,2.2087,0.189,"Ahmedabad, Gujarat",23.3145,72.7065,134.0,2011,11,GC-MS,24.0,379.4,7.27,53.5,15.5,186.2,23406121,2011
1030,Moringa oleifera,Moringa,Moringaceae,Moringinine,Kaempferol,Stigmasterol,Niazimicin,0.5704,9.0359,0.6658,2.2061,0.19,"Ahmedabad, Gujarat",22.9882,72.5939,96.3,2023,7,GC-MS,31.3,741.2,6.98,79.9,6.3,159.9,23435821,2021
1031,Moringa oleifera,Moringa,Moringaceae,Moringinine,Isorhamnetin,Stigmasterol,Niazirin,0.5654,8.7812,0.8317,1.7848,0.172,"Ahmedabad, Gujarat",22.9673,72.8109,58.0,2022,6,HPLC-MS,30.2,603.8,7.49,62.8,23.1,195.1,23673016,2022
1032,Moringa oleifera,Moringa,Moringaceae,Moringinine,Isorhamnetin,Stigmasterol,Niazimicin,0.4226,5.5296,0.5384,1.7821,0.454,"Ahmedabad, Gujarat",22.214,72.8687,48.2,2013,2,UV-Vis Spectroscopy,22.1,337.9,7.51,99.9,21.3,153.0,23380973,2011
1033,Moringa oleifera,Moringa,Moringaceae,Moringine,Isorhamnetin,Stigmasterol,Niazirin,0.537,6.8326,0.5284,1.9232,0.168,"Ahmedabad, Gujarat",23.1583,72.0682,79.5,2007,4,HPLC,29.2,583.9,7.56,74.5,10.2,165.3,23397768,2005
1034,Moringa oleifera,Moringa,Moringaceae,Moringinine,Quercetin,Stigmasterol,Niazimicin,0.5909,6.568,0.6763,1.8898,0.222,"Ahmedabad, Gujarat",22.6287,73.2124,121.4,2013,3,HPLC,23.1,447.6,8.05,75.4,23.2,127.8,23407933,2013
1035,Moringa oleifera,Moringa,Moringaceae,Moringinine,Isorhamnetin,beta-Sitosterol,Niazirin,0.5773,7.3219,0.5742,1.9006,0.151,"Ahmedabad, Gujarat",23.5546,72.5506,84.1,2017,4,HPLC-MS,25.8,541.2,7.23,69.7,23.0,124.9,23445982,2016
1036,Moringa oleifera,Moringa,Moringaceae,Moringinine,Kaempferol,Stigmasterol,Niazirin,0.551,6.7073,0.7157,1.5577,0.207,"Ahmedabad, Gujarat",23.0798,72.5272,120.2,2017,6,GC-MS,32.0,596.3,8.09,49.4,22.5,174.8,23602135,2016
1037,Moringa oleifera,Moringa,Moringaceae,Moringine,Quercetin,Stigmasterol,Niazirin,0.563,8.1978,0.4999,1.9331,0.496,"Tirupati, Andhra Pradesh",12.9538,79.3494,256.3,2016,9,HPLC,30.0,1079.9,7.06,84.4,17.3,138.1,20951613,2016
1038,Moringa oleifera,Moringa,Moringaceae,Moringinine,Kaempferol,Stigmasterol,Niazimicin,0.5327,6.4967,0.6838,1.2277,0.313,"Tirupati, Andhra Pradesh",13.2842,79.3829,274.4,2019,5,GC-MS,28.1,966.0,6.77,90.4,22.8,180.2,20992214,2019
1039,Moringa oleifera,Moringa,Moringaceae,Moringine,Isorhamnetin,beta-Sitosterol,Niazimicin,0.5878,6.921,0.686,1.3418,0.422,"Tirupati, Andhra Pradesh",13.6217,79.7997,370.5,2005,4,UV-Vis Spectroscopy,26.3,899.4,6.59,75.0,14.4,204.4,21246461,2005
1040,Moringa oleifera,Moringa,Moringaceae,Moringine,Myricetin,beta-Sitosterol,Niazirin,0.518,10.3168,0.6724,1.7754,0.122,"Tirupati, Andhra Pradesh",14.0427,79.1071,306.8,2017,8,GC-MS,32.0,1207.6,7.28,59.9,18.5,196.8,20819898,2017
1041,Moringa oleifera,Moringa,Moringaceae,Moringine,Quercetin,beta-Sitosterol,Niazimicin,0.495,8.1189,0.7351,2.1468,0.132,"Tirupati, Andhra Pradesh",13.9647,79.0839,243.4,2010,10,HPLC,29.1,873.4,7.02,81.2,13.5,162.0,20866698,2010
1042,Moringa oleifera,Moringa,Moringaceae,Moringinine,Quercetin,beta-Sitosterol,Niazimicin,0.4188,6.9564,0.4265,1.7662,0.414,"Tirupati, Andhra Pradesh",13.5832,79.8344,272.1,2014,12,HPLC,24.5,572.9,7.15,70.3,16.8,203.2,20900141,2014
1043,Moringa oleifera,Moringa,Moringaceae,Moringinine,Quercetin,Stigmasterol,Niazimicin,0.573,8.3465,0.8235,2.1824,0.384,"Tirupati, Andhra Pradesh",13.6428,79.4792,357.6,2010,11,GC-MS,28.2,703.8,6.92,73.4,26.2,153.3,21250366,2009
1044,Moringa oleifera,Moringa,Moringaceae,Moringine,Myricetin,Stigmasterol,Niazimicin,0.5683,8.4311,0.8245,1.5998,0.28,"Tirupati, Andhra Pradesh",14.238,79.5124,282.3,2015,9,HPTLC,32.2,847.0,7.77,99.5,16.1,181.2,20949994,2013
1045,Moringa oleifera,Moringa,Moringaceae,Moringine,Myricetin,Stigmasterol,Niazirin,0.5464,7.9809,0.4596,2.1489,0.492,"Tirupati, Andhra Pradesh",13.4595,79.6465,192.4,2023,12,UV-Vis Spectroscopy,23.1,560.7,7.64,73.9,12.0,163.4,21147525,2021
1046,Moringa oleifera,Moringa,Moringaceae,Moringinine,Kaempferol,Stigmasterol,Niazirin,0.479,5.2219,0.5775,1.5635,0.42,"Tirupati, Andhra Pradesh",13.7199,79.613,292.4,2007,2,GC-MS,22.8,414.3,7.08,106.5,17.1,201.4,21074174,2006
1047,Moringa oleifera,Moringa,Moringaceae,Moringinine,Myricetin,Stigmasterol,Niazimicin,0.5451,7.6574,0.581,1.9547,0.178,"Tirupati, Andhra Pradesh",13.0531,79.5229,148.5,2008,10,HPLC,27.9,808.5,6.96,53.6,14.4,147.9,21245613,2008
1048,Moringa oleifera,Moringa,Moringaceae,Moringinine,Quercetin,beta-Sitosterol,Niazirin,0.3752,7.9459,0.5509,1.9791,0.247,"Tirupati, Andhra Pradesh",13.5754,79.512,274.3,2011,1,HPLC-MS,22.8,582.5,6.96,88.1,20.0,144.1,21176053,2010
1049,Moringa oleifera,Moringa,Moringaceae,Moringinine,Quercetin,beta-Sitosterol,Niazirin,0.5679,7.7319,0.5915,1.8807,0.417,"Tirupati, Andhra Pradesh",13.6101,79.5146,228.2,2021,5,UV-Vis Spectroscopy,29.6,968.8,6.88,74.4,20.6,133.6,21125245,2019
1050,Moringa oleifera,Moringa,Moringaceae,Moringinine,Quercetin,Stigmasterol,Niazimicin,0.5694,6.3508,0.5753,1.797,0.329,"Tirupati, Andhra Pradesh",14.378,78.6724,369.6,2019,12,HPLC,24.0,589.0,7.06,68.1,21.8,168.0,21231308,2017
1051,Moringa oleifera,Moringa,Moringaceae,Moringinine,Quercetin,Stigmasterol,Niazimicin,0.4906,10.9192,0.7223,2.1038,0.476,"Bhubaneswar, Odisha",20.6792,85.8673,73.8,2023,9,HPLC-MS,27.4,1616.0,5.81,96.2,20.0,161.0,31733063,2023
1052,Moringa oleifera,Moringa,Moringaceae,Moringinine,Kaempferol,beta-Sitosterol,Niazimicin,0.4396,9.3543,0.6652,1.7629,0.223,"Bhubaneswar, Odisha",20.392,85.9086,35.7,2021,9,GC-MS,26.0,1558.5,6.02,93.6,22.6,186.6,32082839,2019
1053,Moringa oleifera,Moringa,Moringaceae,Moringinine,Isorhamnetin,Stigmasterol,Niazirin,0.5339,8.5424,0.9074,2.2198,0.312,"Bhubaneswar, Odisha",20.2462,85.5062,70.4,2007,7,GC-MS,30.3,1984.7,6.32,121.4,11.9,166.3,31872609,2007
1054,Moringa oleifera,Moringa,Moringaceae,Moringinine,Kaempferol,beta-Sitosterol,Niazimicin,0.5141,7.3952,0.7841,1.8689,0.179,"Bhubaneswar, Odisha",20.2122,85.4789,104.7,2015,5,HPTLC,28.2,1609.5,5.89,93.1,17.1,167.3,31962594,2013
1055,Moringa oleifera,Moringa,Moringaceae,Moringinine,Myricetin,beta-Sitosterol,Niazirin,0.5016,9.0726,0.6805,2.1076,0.177,"Bhubaneswar, Odisha",20.6082,85.3199,117.2,2023,11,GC-MS,21.8,1275.3,6.06,110.4,17.7,191.6,32130541,2023
1056,Moringa oleifera,Moringa,Moringaceae,Moringine,Kaempferol,Stigmasterol,Niazirin,0.5513,8.0311,0.5535,1.7179,0.303,"Bhubaneswar, Odisha",20.8053,85.6406,94.2,2009,3,HPLC,24.4,1278.5,5.73,76.5,25.0,152.1,32223776,2007
1057,Moringa oleifera,Moringa,Moringaceae,Moringine,Myricetin,Stigmasterol,Niazimicin,0.497,7.2642,0.6045,2.397,0.284,"Bhubaneswar, Odisha",20.0829,85.9778,37.2,2017,1,HPLC,21.7,966.1,6.18,111.6,17.6,190.9,32093267,2015
1058,Moringa oleifera,Moringa,Moringaceae,Moringinine,Kaempferol,beta-Sitosterol,Niazimicin,0.4052,7.5642,0.6019,1.838,0.369,"Bhubaneswar, Odisha",20.5261,85.7845,39.3,2023,3,HPLC-MS,21.9,1283.4,6.48,86.3,17.0,197.5,31755254,2021
1059,Moringa oleifera,Moringa,Moringaceae,Moringine,Myricetin,Stigmasterol,Niazirin,0.4586,5.8968,0.389,1.8309,0.236,"Bhubaneswar, Odisha",20.3417,85.574,84.3,2007,3,UV-Vis Spectroscopy,21.8,1009.1,6.35,111.6,22.6,188.0,31843792,2005
1060,Moringa oleifera,Moringa,Moringaceae,Moringinine,Kaempferol,Stigmasterol,Niazirin,0.6446,9.2332,0.7179,1.8581,0.376,"Bhubaneswar, Odisha",20.356,86.0783,102.1,2005,7,HPLC-MS,29.0,1833.9,5.66,108.2,28.1,169.2,32126970,2005
1061,Moringa oleifera,Moringa,Moringaceae,Moringinine,Quercetin,beta-Sitosterol,Niazimicin,0.5477,13.561,0.6914,1.8456,0.405,"Bhubaneswar, Odisha",19.8738,85.7639,56.7,2021,8,HPLC,29.7,1857.8,5.93,88.1,18.3,184.1,31894118,2019
1062,Moringa oleifera,Moringa,Moringaceae,Moringine,Myricetin,beta-Sitosterol,Niazirin,0.561,7.9318,0.73,2.1127,0.454,"Bhubaneswar, Odisha",20.6784,85.6481,76.2,2011,5,GC-MS,28.4,1609.0,5.44,113.2,16.1,166.0,31883200,2009
1063,Moringa oleifera,Moringa,Moringaceae,Moringinine,Isorhamnetin,Stigmasterol,Niazimicin,0.6052,8.3025,0.6646,1.4035,0.496,"Bhubaneswar, Odisha",20.262,86.2421,48.6,2008,5,HPLC-MS,25.6,1440.7,6.13,88.1,31.2,157.9,31923804,2008
1064,Moringa oleifera,Moringa,Moringaceae,Moringinine,Isorhamnetin,beta-Sitosterol,Niazimicin,0.4751,8.4172,0.7737,1.6302,0.264,"Bhubaneswar, Odisha",20.2797,85.2537,59.5,2014,9,GC-MS,27.7,1760.5,6.0,95.8,27.4,168.7,32170724,2014
1065,Moringa oleifera,Moringa,Moringaceae,Moringine,Myricetin,Stigmasterol,Niazimicin,0.5099,8.318,0.6331,1.8276,0.409,"Ranchi, Jharkhand",22.7684,84.9894,698.2,2006,4,HPLC,23.1,1068.1,6.19,111.6,14.0,139.6,27419221,2005
1066,Moringa oleifera,Moringa,Moringaceae,Moringinine,Quercetin,Stigmasterol,Niazirin,0.4501,5.4722,0.5606,2.0099,0.483,"Ranchi, Jharkhand",23.2655,85.1002,604.3,2010,1,HPLC,21.4,672.4,5.79,108.6,23.1,178.9,27639072,2009
1067,Moringa oleifera,Moringa,Moringaceae,Moringine,Myricetin,Stigmasterol,Niazirin,0.5703,5.8737,0.4661,2.0239,0.36,"Ranchi, Jharkhand",22.7812,85.0399,650.4,2010,1,HPLC,20.1,825.6,6.67,109.9,16.3,179.2,27555213,2009
1068,Moringa oleifera,Moringa,Moringaceae,Moringine,Myricetin,Stigmasterol,Niazirin,0.6277,8.8733,0.7867,1.7901,0.492,"Ranchi, Jharkhand",23.6641,85.2067,667.4,2014,8,GC-MS,28.7,1495.9,6.2,96.4,16.4,177.3,27408749,2014
1069,Moringa oleifera,Moringa,Moringaceae,Moringine,Myricetin,beta-Sitosterol,Niazimicin,0.6912,9.2532,0.7864,1.6145,0.212,"Ranchi, Jharkhand",23.1046,85.6581,583.5,2020,4,UV-Vis Spectroscopy,26.0,1043.5,6.31,96.1,19.0,206.6,27408758,2019
1070,Moringa oleifera,Moringa,Moringaceae,Moringine,Myricetin,Stigmasterol,Niazirin,0.6225,6.3316,0.6367,2.286,0.293,"Ranchi, Jharkhand",22.9098,85.279,556.6,2018,3,UV-Vis Spectroscopy,22.0,1019.3,5.75,95.5,16.1,152.4,27518273,2016
1071,Moringa oleifera,Moringa,Moringaceae,Moringinine,Isorhamnetin,beta-Sitosterol,Niazirin,0.4425,8.089,0.5641,2.4113,0.297,"Ranchi, Jharkhand",23.3008,85.4237,594.0,2007,12,HPLC,20.8,728.4,6.28,87.3,23.9,197.1,27649023,2005
1072,Moringa oleifera,Moringa,Moringaceae,Moringine,Isorhamnetin,Stigmasterol,Niazirin,0.3998,8.3594,0.9135,1.6343,0.445,"Ranchi, Jharkhand",23.5632,85.164,735.6,2009,5,HPLC-MS,26.2,1416.9,6.25,90.8,20.4,184.9,27556448,2007
1073,Moringa oleifera,Moringa,Moringaceae,Moringinine,Isorhamnetin,beta-Sitosterol,Niazirin,0.6022,11.3077,0.6919,1.693,0.493,"Ranchi, Jharkhand",22.7032,85.4099,590.4,2013,8,HPLC-MS,32.4,1622.8,6.13,93.2,25.0,212.5,27512507,2011
1074,Moringa oleifera,Moringa,Moringaceae,Moringinine,Quercetin,Stigmasterol,Niazirin,0.447,6.6085,0.4549,2.0972,0.444,"Ranchi, Jharkhand",23.3642,85.2701,778.2,2014,12,HPLC-MS,20.9,853.7,6.48,100.8,19.1,178.9,27528671,2013
1075,Moringa oleifera,Moringa,Moringaceae,Moringine,Kaempferol,beta-Sitosterol,Niazimicin,0.484,8.7251,0.6444,1.8535,0.255,"Ranchi, Jharkhand",22.9723,85.3175,742.1,2008,10,GC-MS,26.7,1100.5,5.82,82.8,17.7,186.9,27649292,2006
1076,Moringa oleifera,Moringa,Moringaceae,Moringinine,Isorhamnetin,beta-Sitosterol,Niazirin,0.6194,10.0067,0.6974,1.8771,0.464,"Ranchi, Jharkhand",23.9756,86.0074,818.6,2022,10,UV-Vis Spectroscopy,27.0,1041.0,6.35,89.0,24.1,173.3,27622205,2020
1077,Moringa oleifera,Moringa,Moringaceae,Moringine,Kaempferol,Stigmasterol,Niazimicin,0.5352,6.5567,0.6265,2.2,0.234,"Ranchi, Jharkhand",23.4368,85.3225,564.2,2006,4,HPLC,25.5,1002.6,6.18,106.8,17.9,153.3,27556373,2005
1078,Moringa oleifera,Moringa,Moringaceae,Moringinine,Isorhamnetin,Stigmasterol,Niazimicin,0.5153,7.8752,0.5299,2.1968,0.343,"Ranchi, Jharkhand",23.7717,84.7376,705.5,2018,10,HPLC,26.9,1079.2,5.77,100.7,17.5,230.3,27571861,2017
1079,Trigonella foenum-graecum,Fenugreek,Fabaceae,Gentianine,Isovitexin,Diosgenin,4-Hydroxyisoleucine glucoside,1.0565,2.9651,0.9691,2.9849,0.479,"Jodhpur, Rajasthan",26.564,73.5749,405.8,2014,3,GC-MS,24.7,299.6,7.8,33.3,22.4,144.3,26335288,2014
1080,Trigonella foenum-graecum,Fenugreek,Fabaceae,Gentianine,Isovitexin,Diosgenin,Protodioscin,1.4008,3.505,1.1582,3.0589,0.392,"Jodhpur, Rajasthan",26.3655,73.1802,421.5,2021,8,HPLC,33.3,526.6,7.5,76.3,7.6,141.9,26626225,2019
1081,Trigonella foenum-graecum,Fenugreek,Fabaceae,Trigonelline,Isovitexin,Diosgenin,Protodioscin,1.4472,3.046,1.1508,2.8645,0.111,"Jodhpur, Rajasthan",26.3588,73.6624,321.5,2017,6,GC-MS,32.5,542.0,8.08,54.3,14.4,157.2,26248802,2017
1082,Trigonella foenum-graecum,Fenugreek,Fabaceae,Gentianine,Isovitexin,Diosgenin,Protodioscin,1.557,3.4989,0.9018,2.5356,0.314,"Jodhpur, Rajasthan",26.3805,73.8397,275.6,2021,6,UV-Vis Spectroscopy,33.8,545.7,7.91,53.8,9.3,146.1,26157895,2021
1083,Trigonella foenum-graecum,Fenugreek,Fabaceae,Trigonelline,Vitexin,Diosgenin,Protodioscin,1.6155,4.1758,1.0891,2.6075,0.435,"Jodhpur, Rajasthan",26.3,73.7623,563.0,2023,8,HPLC,32.9,502.4,7.97,67.5,19.1,159.7,26245820,2021
1084,Trigonella foenum-graecum,Fenugreek,Fabaceae,Trigonelline,Orientin,Diosgenin,4-Hydroxyisoleucine glucoside,1.3934,2.9621,0.9876,3.2115,0.46,"Jodhpur, Rajasthan",26.7082,73.3399,407.7,2010,11,GC-MS,26.6,299.6,8.36,53.3,21.3,146.2,26416778,2010
1085,Trigonella foenum-graecum,Fenugreek,Fabaceae,Trigonelline,Vitexin,Diosgenin,4-Hydroxyisoleucine glucoside,1.2214,2.8269,1.0793,2.6996,0.105,"Jodhpur, Rajasthan",26.6038,73.5463,412.4,2006,8,UV-Vis Spectroscopy,30.7,504.5,7.8,47.9,22.3,183.9,26551542,2005
1086,Trigonella foenum-graecum,Fenugreek,Fabaceae,Trigonelline,Isovitexin,Diosgenin,Protodioscin,1.1397,2.8387,0.6626,2.9984,0.15,"Jodhpur, Rajasthan",26.5504,73.593,400.9,2013,12,HPLC-MS,21.7,253.1,7.81,62.5,20.8,160.1,26399784,2012
1087,Trigonella foenum-graecum,Fenugreek,Fabaceae,Trigonelline,Isovitexin,Diosgenin,4-Hydroxyisoleucine glucoside,1.3164,3.4584,1.1929,3.0848,0.442,"Jodhpur, Rajasthan",26.5716,73.8129,457.0,2006,8,GC-MS,30.5,439.5,8.35,50.1,19.6,145.4,26401911,2005
1088,Trigonella foenum-graecum,Fenugreek,Fabaceae,Trigonelline,Vitexin,Diosgenin,4-Hydroxyisoleucine glucoside,1.264,3.5944,0.9893,2.7773,0.408,"Jodhpur, Rajasthan",26.8207,74.1181,316.4,2011,4,GC-MS,25.1,390.3,7.97,45.0,18.8,178.4,26177256,2009
1089,Trigonella foenum-graecum,Fenugreek,Fabaceae,Trigonelline,Isovitexin,Diosgenin,4-Hydroxyisoleucine glucoside,1.4481,2.5717,0.7883,2.2846,0.232,"Jodhpur, Rajasthan",26.0963,73.7855,305.6,2010,5,HPLC,30.5,438.4,8.2,46.2,14.7,156.0,26628770,2008
1090,Trigonella foenum-graecum,Fenugreek,Fabaceae,Gentianine,Isovitexin,Diosgenin,Protodioscin,1.4315,2.5375,0.8546,3.3945,0.147,"Jodhpur, Rajasthan",26.5288,73.5016,305.6,2019,12,UV-Vis Spectroscopy,23.3,258.9,7.69,73.0,15.4,138.3,26277432,2017
1091,Trigonella foenum-graecum,Fenugreek,Fabaceae,Trigonelline,Orientin,Diosgenin,4-Hydroxyisoleucine glucoside,0.9441,2.4579,0.6898,3.2627,0.271,"Jodhpur, Rajasthan",26.3366,73.5571,328.0,2012,1,HPLC-MS,22.0,136.1,7.85,57.9,10.1,136.3,26461219,2011
1092,Trigonella foenum-graecum,Fenugreek,Fabaceae,Trigonelline,Vitexin,Diosgenin,Protodioscin,1.2801,2.5959,0.6182,3.351,0.488,"Jodhpur, Rajasthan",26.8736,73.6971,331.4,2016,3,HPLC,28.1,310.3,7.73,73.5,9.7,127.7,26233939,2015
1093,Trigonella foenum-graecum,Fenugreek,Fabaceae,Gentianine,Isovitexin,Diosgenin,Protodioscin,1.3965,3.671,1.0781,2.9487,0.408,"Jodhpur, Rajasthan",26.8762,73.2589,340.2,2020,8,HPTLC,32.6,466.1,7.83,64.9,9.3,124.7,26456146,2020
1094,Trigonella foenum-graecum,Fenugreek,Fabaceae,Gentianine,Orientin,Diosgenin,Protodioscin,1.4176,3.6692,1.0895,2.8092,0.178,"Jodhpur, Rajasthan",26.2059,73.6472,287.6,2016,6,HPLC-MS,34.4,484.5,8.21,61.1,16.3,155.1,26199709,2014
1095,Trigonella foenum-graecum,Fenugreek,Fabaceae,Trigonelline,Vitexin,Diosgenin,4-Hydroxyisoleucine glucoside,1.323,2.8192,0.9778,2.9368,0.395,"Jodhpur, Rajasthan",26.3543,72.9314,381.0,2020,3,HPLC,26.3,316.4,8.05,47.8,24.8,174.7,26385814,2018
1096,Trigonella foenum-graecum,Fenugreek,Fabaceae,Trigonelline,Isovitexin,Diosgenin,4-Hydroxyisoleucine glucoside,1.2842,3.7369,1.2767,2.6292,0.15,"Jodhpur, Rajasthan",26.9681,73.5199,460.3,2021,5,HPLC-MS,31.0,423.5,7.78,59.1,7.4,181.1,26304534,2020
1097,Trigonella foenum-graecum,Fenugreek,Fabaceae,Trigonelline,Isovitexin,Diosgenin,Protodioscin,1.4329,3.5526,1.0626,2.215,0.383,"Jodhpur, Rajasthan",27.3791,74.0537,353.9,2021,5,GC-MS,30.7,411.8,7.89,69.6,20.4,140.7,26200488,2021
1098,Trigonella foenum-graecum,Fenugreek,Fabaceae,Gentianine,Orientin,Diosgenin,Protodioscin,0.9064,3.3197,0.7882,3.0477,0.182,"Jodhpur, Rajasthan",26.7243,73.36,319.3,2007,1,HPLC,22.0,170.0,7.81,40.6,18.4,157.9,26171719,2006
1099,Trigonella foenum-graecum,Fenugreek,Fabaceae,Gentianine,Vitexin,Diosgenin,Protodioscin,1.372,2.7511,0.739,3.2019,0.493,"Bhopal, Madhya Pradesh",23.3865,78.1161,478.1,2018,1,HPLC,20.8,576.9,6.55,68.4,9.9,167.8,35029645,2016
1100,Trigonella foenum-graecum,Fenugreek,Fabaceae,Gentianine,Orientin,Diosgenin,Protodioscin,0.9096,4.3193,0.6575,2.9153,0.468,"Bhopal, Madhya Pradesh",24.0192,78.2547,479.7,2014,10,HPLC-MS,25.3,1246.5,6.57,74.4,11.3,205.1,34881185,2012
1101,Trigonella foenum-graecum,Fenugreek,Fabaceae,Trigonelline,Vitexin,Diosgenin,Protodioscin,1.0889,3.4017,0.9252,2.6685,0.241,"Bhopal, Madhya Pradesh",23.4819,77.8469,590.9,2009,3,GC-MS,21.9,996.2,6.84,98.9,25.0,187.8,35103843,2008
1102,Trigonella foenum-graecum,Fenugreek,Fabaceae,Gentianine,Orientin,Diosgenin,Protodioscin,1.234,2.785,1.0294,3.2107,0.249,"Bhopal, Madhya Pradesh",23.2571,78.8358,523.6,2013,3,HPTLC,22.9,793.0,7.16,85.1,17.9,165.6,34983203,2012
1103,Trigonella foenum-graecum,Fenugreek,Fabaceae,Trigonelline,Isovitexin,Diosgenin,4-Hydroxyisoleucine glucoside,1.1214,3.6885,1.145,2.4322,0.179,"Bhopal, Madhya Pradesh",23.4609,78.0049,382.7,2014,9,HPLC,28.4,1369.1,6.64,114.1,15.3,182.9,34726316,2014
1104,Trigonella foenum-graecum,Fenugreek,Fabaceae,Gentianine,Isovitexin,Diosgenin,4-Hydroxyisoleucine glucoside,1.4447,4.5586,1.1919,2.7404,0.314,"Bhopal, Madhya Pradesh",23.1899,77.1851,368.3,2013,7,GC-MS,27.6,1551.1,6.54,93.4,19.7,218.9,34868969,2013
1105,Trigonella foenum-graecum,Fenugreek,Fabaceae,Gentianine,Isovitexin,Diosgenin,Protodioscin,1.1807,3.9595,0.7432,3.7266,0.276,"Bhopal, Madhya Pradesh",23.2669,78.0813,516.1,2018,10,HPLC,25.7,1144.5,6.92,95.7,20.2,187.7,34879640,2016
1106,Trigonella foenum-graecum,Fenugreek,Fabaceae,Trigonelline,Vitexin,Diosgenin,4-Hydroxyisoleucine glucoside,1.2861,5.4896,1.4382,2.8987,0.289,"Bhopal, Madhya Pradesh",23.172,78.2012,486.7,2015,9,HPLC,29.9,1179.4,6.58,79.8,12.6,161.3,34921760,2014
1107,Trigonella foenum-graecum,Fenugreek,Fabaceae,Trigonelline,Vitexin,Diosgenin,4-Hydroxyisoleucine glucoside,1.2204,3.9861,0.8962,3.1628,0.235,"Bhopal, Madhya Pradesh",23.9748,78.2185,480.7,2014,10,GC-MS,24.3,890.2,6.86,88.4,18.3,187.1,34835338,2014
1108,Trigonella foenum-graecum,Fenugreek,Fabaceae,Gentianine,Orientin,Diosgenin,Protodioscin,1.1991,2.739,0.5939,3.1265,0.232,"Bhopal, Madhya Pradesh",23.6589,78.6179,464.1,2009,12,HPLC,20.8,656.9,6.82,102.0,20.9,184.5,34825494,2009
1109,Trigonella foenum-graecum,Fenugreek,Fabaceae,Trigonelline,Isovitexin,Diosgenin,Protodioscin,0.7841,3.6322,0.7029,3.0729,0.289,"Bhopal, Madhya Pradesh",23.2867,78.2837,533.8,2006,12,GC-MS,19.7,673.3,7.01,89.2,23.0,182.9,34756157,2006
1110,Trigonella foenum-graecum,Fenugreek,Fabaceae,Gentianine,Vitexin,Diosgenin,4-Hydroxyisoleucine glucoside,1.1239,3.4639,0.7167,3.0203,0.248,"Bhopal, Madhya Pradesh",23.4068,78.0396,302.5,2012,1,UV-Vis Spectroscopy,22.4,598.3,6.93,70.1,16.2,150.1,35010055,2010
1111,Trigonella foenum-graecum,Fenugreek,Fabaceae,Trigonelline,Vitexin,Diosgenin,4-Hydroxyisoleucine glucoside,1.2813,3.0829,0.872,3.7959,0.358,"Bhopal, Madhya Pradesh",23.8877,77.5812,525.5,2014,1,HPTLC,21.2,627.4,6.88,83.1,20.6,168.2,35025395,2012
1112,Trigonella foenum-graecum,Fenugreek,Fabaceae,Trigonelline,Vitexin,Diosgenin,Protodioscin,1.0106,4.238,1.2731,2.5713,0.449,"Bhopal, Madhya Pradesh",23.4944,78.3367,517.6,2019,6,GC-MS,30.5,1505.2,6.16,85.8,17.4,182.9,34871865,2019
1113,Trigonella foenum-graecum,Fenugreek,Fabaceae,Trigonelline,Orientin,Diosgenin,Protodioscin,1.2725,2.8986,0.9168,3.4367,0.161,"Bhopal, Madhya Pradesh",23.3736,78.2023,382.5,2018,12,GC-MS,21.3,741.4,6.67,74.8,23.6,174.8,34719324,2016
1114,Trigonella foenum-graecum,Fenugreek,Fabaceae,Gentianine,Vitexin,Diosgenin,Protodioscin,1.3388,4.1651,1.0989,2.6236,0.204,"Bhopal, Madhya Pradesh",22.9071,78.0121,409.3,2015,7,GC-MS,32.8,1476.0,7.01,79.3,19.5,163.6,34842931,2015
1115,Trigonella foenum-graecum,Fenugreek,Fabaceae,Trigonelline,Orientin,Diosgenin,Protodioscin,1.5258,3.9088,0.9499,2.7107,0.208,"Bhopal, Madhya Pradesh",23.4654,77.834,516.7,2012,3,HPLC-MS,22.9,1078.8,6.73,88.5,26.1,178.2,34741434,2010
1116,Trigonella foenum-graecum,Fenugreek,Fabaceae,Trigonelline,Orientin,Diosgenin,Protodioscin,1.3609,2.6462,0.9833,2.7754,0.103,"Bhopal, Madhya Pradesh",23.9002,78.1953,449.0,2014,4,HPLC-MS,25.0,1062.9,6.97,96.8,3.3,167.1,34812191,2013
1117,Trigonella foenum-graecum,Fenugreek,Fabaceae,Trigonelline,Vitexin,Diosgenin,4-Hydroxyisoleucine glucoside,1.4066,3.5728,0.8285,3.1289,0.27,"Bhopal, Madhya Pradesh",23.7157,77.5994,544.5,2011,2,HPTLC,21.8,811.2,6.8,88.4,21.6,187.6,34915743,2009
1118,Trigonella foenum-graecum,Fenugreek,Fabaceae,Gentianine,Vitexin,Diosgenin,4-Hydroxyisoleucine glucoside,1.5093,3.2105,1.0467,2.4632,0.375,"Bhopal, Madhya Pradesh",23.9736,78.0003,501.9,2010,7,HPLC,28.6,1598.7,7.26,80.2,15.8,176.3,34674905,2010
1119,Trigonella foenum-graecum,Fenugreek,Fabaceae,Trigonelline,Orientin,Diosgenin,4-Hydroxyisoleucine glucoside,1.2011,2.4515,0.8507,3.3554,0.359,"Ahmedabad, Gujarat",23.068,72.5616,102.2,2012,12,HPLC,23.6,405.8,8.23,57.7,13.5,193.7,21871213,2012
1120,Trigonella foenum-graecum,Fenugreek,Fabaceae,Trigonelline,Isovitexin,Diosgenin,4-Hydroxyisoleucine glucoside,1.2563,2.5593,0.6561,2.9451,0.431,"Ahmedabad, Gujarat",22.7028,72.7627,48.3,2006,3,HPLC,23.9,460.3,7.56,70.8,12.9,177.4,21784636,2006
1121,Trigonella foenum-graecum,Fenugreek,Fabaceae,Trigonelline,Isovitexin,Diosgenin,4-Hydroxyisoleucine glucoside,0.9406,3.4158,0.8622,3.885,0.468,"Ahmedabad, Gujarat",23.1719,72.5592,107.0,2014,12,HPLC,23.9,407.8,8.08,81.2,17.5,174.3,22052634,2012
1122,Trigonella foenum-graecum,Fenugreek,Fabaceae,Trigonelline,Orientin,Diosgenin,4-Hydroxyisoleucine glucoside,1.4257,3.7027,0.8589,3.0271,0.483,"Ahmedabad, Gujarat",22.902,72.2147,65.6,2015,11,HPLC-MS,23.8,416.4,7.27,70.3,16.4,130.5,22102248,2015
1123,Trigonella foenum-graecum,Fenugreek,Fabaceae,Gentianine,Vitexin,Diosgenin,4-Hydroxyisoleucine glucoside,1.2082,3.6905,0.9692,2.9205,0.252,"Ahmedabad, Gujarat",22.9594,72.8738,44.9,2015,7,GC-MS,33.0,816.3,8.15,89.2,22.7,149.2,21911849,2013
1124,Trigonella foenum-graecum,Fenugreek,Fabaceae,Trigonelline,Isovitexin,Diosgenin,4-Hydroxyisoleucine glucoside,1.2724,3.3544,1.0113,3.4885,0.256,"Ahmedabad, Gujarat",23.0546,72.7454,10.0,2019,12,GC-MS,22.4,274.7,7.18,88.8,21.2,176.0,22043393,2018
1125,Trigonella foenum-graecum,Fenugreek,Fabaceae,Trigonelline,Orientin,Diosgenin,Protodioscin,1.1815,3.9355,1.1491,2.4608,0.268,"Ahmedabad, Gujarat",23.0544,72.7487,136.5,2018,5,HPLC-MS,30.5,704.1,7.42,66.5,12.2,125.5,21803108,2017
1126,Trigonella foenum-graecum,Fenugreek,Fabaceae,Trigonelline,Vitexin,Diosgenin,4-Hydroxyisoleucine glucoside,1.3978,3.7452,1.0466,3.1277,0.47,"Ahmedabad, Gujarat",23.0545,73.264,60.2,2021,6,GC-MS,33.0,804.9,7.13,62.6,17.3,176.3,21767041,2020
1127,Trigonella foenum-graecum,Fenugreek,Fabaceae,Trigonelline,Isovitexin,Diosgenin,4-Hydroxyisoleucine glucoside,1.0358,3.6882,0.9255,2.6711,0.25,"Ahmedabad, Gujarat",22.8827,72.7727,99.2,2012,9,GC-MS,27.8,721.6,7.04,65.8,17.6,106.6,21823056,2011
1128,Trigonella foenum-graecum,Fenugreek,Fabaceae,Gentianine,Isovitexin,Diosgenin,4-Hydroxyisoleucine glucoside,1.2811,3.3316,1.2814,2.4842,0.357,"Ahmedabad, Gujarat",22.6802,72.6834,46.2,2007,7,GC-MS,33.2,846.5,7.87,44.5,20.3,149.4,22037710,2005
1129,Trigonella foenum-graecum,Fenugreek,Fabaceae,Trigonelline,Orientin,Diosgenin,4-Hydroxyisoleucine glucoside,1.6233,3.7806,0.8327,2.5227,0.284,"Ahmedabad, Gujarat",22.4576,72.7865,10.0,2006,4,HPLC,28.9,461.9,7.82,68.1,19.0,187.5,22047848,2006
1130,Trigonella foenum-graecum,Fenugreek,Fabaceae,Gentianine,Vitexin,Diosgenin,Protodioscin,1.5661,3.9921,1.0845,2.6666,0.398,"Ahmedabad, Gujarat",22.8984,73.1384,19.4,2012,5,UV-Vis Spectroscopy,29.2,708.3,7.52,60.5,11.4,177.3,22082521,2011
1131,Trigonella foenum-graecum,Fenugreek,Fabaceae,Gentianine,Vitexin,Diosgenin,Protodioscin,1.1068,3.987,1.0613,2.2969,0.185,"Ahmedabad, Gujarat",22.9164,72.9953,104.9,2010,7,HPLC,29.6,818.6,7.57,60.9,3.7,147.9,22142315,2010
1132,Trigonella foenum-graecum,Fenugreek,Fabaceae,Trigonelline,Vitexin,Diosgenin,4-Hydroxyisoleucine glucoside,1.4706,4.7679,1.0093,2.6557,0.45,"Ahmedabad, Gujarat",23.3664,72.1223,122.1,2008,8,GC-MS,33.0,812.9,7.5,97.3,29.3,166.5,21911265,2006
1133,Trigonella foenum-graecum,Fenugreek,Fabaceae,Trigonelline,Vitexin,Diosgenin,4-Hydroxyisoleucine glucoside,1.3596,4.2904,1.0001,3.1837,0.341,"Ahmedabad, Gujarat",22.5316,72.4011,10.0,2020,9,UV-Vis Spectroscopy,27.7,728.4,7.1,91.8,14.0,131.5,21959500,2019
1134,Trigonella foenum-graecum,Fenugreek,Fabaceae,Trigonelline,Vitexin,Diosgenin,Protodioscin,1.2502,3.2947,1.1258,2.6349,0.366,"Ahmedabad, Gujarat",23.2674,72.2555,80.5,2012,5,HPLC,29.2,642.3,7.6,60.7,21.7,165.3,21708680,2010
1135,Trigonella foenum-graecum,Fenugreek,Fabaceae,Trigonelline,Orientin,Diosgenin,4-Hydroxyisoleucine glucoside,1.2451,3.3455,0.8657,3.7426,0.416,"Ahmedabad, Gujarat",23.1271,72.3126,64.1,2022,11,GC-MS,24.3,428.8,7.64,51.3,21.5,145.5,21848944,2022
1136,Trigonella foenum-graecum,Fenugreek,Fabaceae,Trigonelline,Orientin,Diosgenin,Protodioscin,1.4921,3.5192,0.7922,2.5733,0.476,"Ahmedabad, Gujarat",22.9724,72.3235,80.7,2016,5,HPLC-MS,30.1,639.5,6.49,74.0,12.6,134.5,22136404,2014
1137,Trigonella foenum-graecum,Fenugreek,Fabaceae,Gentianine,Isovitexin,Diosgenin,4-Hydroxyisoleucine glucoside,1.3061,3.6238,1.1717,1.8632,0.213,"Ahmedabad, Gujarat",23.0688,72.5344,10.0,2014,7,UV-Vis Spectroscopy,30.3,828.0,7.61,70.1,19.0,146.2,22116749,2012
1138,Trigonella foenum-graecum,Fenugreek,Fabaceae,Trigonelline,Vitexin,Diosgenin,Protodioscin,1.1417,3.9883,1.1017,2.598,0.177,"Ahmedabad, Gujarat",22.4435,72.4679,72.1,2019,8,HPLC,30.1,681.2,7.42,83.3,26.6,154.6,21759158,2017
1139,Trigonella foenum-graecum,Fenugreek,Fabaceae,Gentianine,Orientin,Diosgenin,Protodioscin,1.4399,2.8574,0.8583,2.6083,0.225,"Chandigarh, Punjab",30.8362,77.3478,391.5,2012,5,HPLC-MS,27.4,767.2,7.92,94.5,10.5,153.9,27591060,2011
1140,Trigonella foenum-graecum,Fenugreek,Fabaceae,Gentianine,Orientin,Diosgenin,4-Hydroxyisoleucine glucoside,1.1424,4.044,0.8368,2.9063,0.344,"Chandigarh, Punjab",30.4096,76.6063,289.6,2020,5,HPLC-MS,24.9,771.6,7.27,78.7,23.3,168.5,27891097,2018
1141,Trigonella foenum-graecum,Fenugreek,Fabaceae,Trigonelline,Orientin,Diosgenin,4-Hydroxyisoleucine glucoside,0.9167,2.9668,0.6002,2.8448,0.431,"Chandigarh, Punjab",30.9112,76.9419,320.9,2006,12,UV-Vis Spectroscopy,19.6,403.8,7.43,75.0,26.2,150.4,27955941,2005
1142,Trigonella foenum-graecum,Fenugreek,Fabaceae,Trigonelline,Vitexin,Diosgenin,Protodioscin,1.5122,2.4192,1.0396,2.8888,0.445,"Chandigarh, Punjab",30.3688,76.5818,307.0,2020,2,UV-Vis Spectroscopy,17.3,343.4,7.55,83.6,25.0,150.4,27562800,2020
1143,Trigonella foenum-graecum,Fenugreek,Fabaceae,Gentianine,Orientin,Diosgenin,4-Hydroxyisoleucine glucoside,0.9633,3.074,0.7258,3.2093,0.248,"Chandigarh, Punjab",30.6385,76.5969,349.4,2011,1,HPLC,19.0,220.7,7.49,70.1,28.4,200.6,27798086,2010
1144,Trigonella foenum-graecum,Fenugreek,Fabaceae,Trigonelline,Isovitexin,Diosgenin,Protodioscin,1.2346,3.6491,1.0757,3.2678,0.105,"Chandigarh, Punjab",31.1513,76.571,355.2,2011,5,HPLC-MS,27.0,806.0,7.4,94.5,25.5,165.8,27672371,2011
1145,Trigonella foenum-graecum,Fenugreek,Fabaceae,Gentianine,Vitexin,Diosgenin,4-Hydroxyisoleucine glucoside,0.9226,3.0054,0.985,3.0707,0.428,"Chandigarh, Punjab",30.9241,77.4214,355.6,2021,1,HPLC-MS,17.8,341.0,7.33,94.1,32.9,165.1,27670775,2020
1146,Trigonella foenum-graecum,Fenugreek,Fabaceae,Gentianine,Isovitexin,Diosgenin,Protodioscin,1.502,3.8252,0.8937,3.1675,0.344,"Chandigarh, Punjab",30.5041,76.6841,333.9,2016,12,HPLC,20.5,408.6,7.45,77.1,20.6,198.8,27612804,2014
1147,Trigonella foenum-graecum,Fenugreek,Fabaceae,Gentianine,Isovitexin,Diosgenin,Protodioscin,1.1476,3.3425,0.9845,3.0787,0.356,"Chandigarh, Punjab",30.9968,77.1538,316.3,2010,11,HPLC,20.4,432.9,7.16,82.4,17.0,208.5,27809441,2008
1148,Trigonella foenum-graecum,Fenugreek,Fabaceae,Gentianine,Vitexin,Diosgenin,Protodioscin,1.3465,3.7265,1.1002,2.8995,0.434,"Chandigarh, Punjab",30.4714,76.8353,309.5,2019,8,HPLC-MS,29.1,830.0,7.94,74.6,13.6,181.9,27836363,2018
1149,Trigonella foenum-graecum,Fenugreek,Fabaceae,Trigonelline,Orientin,Diosgenin,4-Hydroxyisoleucine glucoside,1.3101,2.4937,0.8974,3.7452,0.227,"Chandigarh, Punjab",30.563,76.7447,311.5,2023,3,HPTLC,22.1,567.0,7.62,99.9,20.1,169.1,27645603,2021
1150,Trigonella foenum-graecum,Fenugreek,Fabaceae,Gentianine,Vitexin,Diosgenin,Protodioscin,1.1221,3.8574,0.8247,3.5977,0.372,"Chandigarh, Punjab",30.3186,76.5334,257.5,2021,11,HPLC-MS,22.2,550.8,6.96,73.2,22.4,172.1,27818083,2021
1151,Trigonella foenum-graecum,Fenugreek,Fabaceae,Gentianine,Vitexin,Diosgenin,4-Hydroxyisoleucine glucoside,1.1618,3.8199,1.0591,4.2246,0.181,"Chandigarh, Punjab",30.5673,76.8115,346.2,2022,10,GC-MS,21.8,645.0,7.81,106.5,20.3,168.0,27582117,2021
1152,Trigonella foenum-graecum,Fenugreek,Fabaceae,Trigonelline,Orientin,Diosgenin,4-Hydroxyisoleucine glucoside,1.2019,4.1768,1.0309,2.8371,0.212,"Chandigarh, Punjab",30.2954,76.0894,312.4,2020,10,HPLC-MS,25.7,601.1,7.55,71.4,16.5,189.5,27560760,2020
1153,Trigonella foenum-graecum,Fenugreek,Fabaceae,Gentianine,Isovitexin,Diosgenin,4-Hydroxyisoleucine glucoside,1.1517,2.4428,1.0808,3.1276,0.465,"Chandigarh, Punjab",30.3844,76.5855,303.2,2007,3,HPLC,22.2,597.3,7.46,72.6,14.1,159.6,27580190,2007
1154,Trigonella foenum-graecum,Fenugreek,Fabaceae,Gentianine,Orientin,Diosgenin,Protodioscin,1.2557,3.4957,0.9455,3.0323,0.276,"Chandigarh, Punjab",31.3876,77.0943,290.6,2014,10,HPLC-MS,23.3,748.4,7.51,84.8,22.3,161.4,27529348,2014
1155,Trigonella foenum-graecum,Fenugreek,Fabaceae,Trigonelline,Orientin,Diosgenin,4-Hydroxyisoleucine glucoside,1.3274,3.4194,1.0725,3.6186,0.477,"Chandigarh, Punjab",30.7117,76.8524,340.1,2015,9,HPLC-MS,26.8,764.7,7.85,63.6,17.4,163.1,27558659,2013
1156,Trigonella foenum-graecum,Fenugreek,Fabaceae,Trigonelline,Vitexin,Diosgenin,Protodioscin,1.3841,3.1294,0.8583,2.836,0.243,"Chandigarh, Punjab",30.4461,76.3635,294.0,2010,11,GC-MS,21.5,588.4,7.69,60.0,25.7,144.4,27787683,2009
1157,Trigonella foenum-graecum,Fenugreek,Fabaceae,Trigonelline,Orientin,Diosgenin,4-Hydroxyisoleucine glucoside,1.1581,2.8907,0.8518,2.8371,0.474,"Chandigarh, Punjab",30.1024,77.191,382.3,2023,1,HPLC-MS,19.7,464.6,7.37,80.3,20.6,219.4,27970793,2022
1158,Trigonella foenum-graecum,Fenugreek,Fabaceae,Gentianine,Orientin,Diosgenin,Protodioscin,1.5324,4.0302,1.0081,2.9466,0.289,"Chandigarh, Punjab",30.6057,76.5433,274.9,2009,7,HPLC,26.5,1014.6,7.11,84.8,28.1,205.7,27568064,2007
1159,Trigonella foenum-graecum,Fenugreek,Fabaceae,Trigonelline,Orientin,Diosgenin,Protodioscin,1.6176,4.3688,1.0876,3.0864,0.209,"Shimla, Himachal Pradesh",30.7425,76.9098,2139.1,2023,9,HPLC,17.1,1291.6,5.92,95.5,19.3,142.5,32138719,2021
1160,Trigonella foenum-graecum,Fenugreek,Fabaceae,Gentianine,Orientin,Diosgenin,Protodioscin,1.5643,4.7426,1.0647,3.2828,0.432,"Shimla, Himachal Pradesh",31.357,76.713,2327.5,2017,10,UV-Vis Spectroscopy,17.3,1031.2,6.06,96.7,14.5,174.1,32139107,2016
1161,Trigonella foenum-graecum,Fenugreek,Fabaceae,Gentianine,Orientin,Diosgenin,4-Hydroxyisoleucine glucoside,1.3868,3.4896,1.1054,3.2164,0.139,"Shimla, Himachal Pradesh",30.8862,77.309,2451.1,2007,4,HPLC,11.1,941.0,6.28,82.5,10.2,168.1,31896594,2007
1162,Trigonella foenum-graecum,Fenugreek,Fabaceae,Trigonelline,Orientin,Diosgenin,4-Hydroxyisoleucine glucoside,1.286,3.7124,1.1797,3.5619,0.127,"Shimla, Himachal Pradesh",31.2936,77.2635,2408.3,2021,10,GC-MS,15.7,1093.6,5.86,103.8,15.8,167.1,31840274,2021
1163,Trigonella foenum-graecum,Fenugreek,Fabaceae,Trigonelline,Orientin,Diosgenin,4-Hydroxyisoleucine glucoside,1.4068,2.7015,0.9503,3.4633,0.26,"Shimla, Himachal Pradesh",31.7779,77.0376,1939.2,2009,2,HPTLC,12.0,875.5,5.45,129.4,26.9,175.6,32204813,2009
1164,Trigonella foenum-graecum,Fenugreek,Fabaceae,Trigonelline,Vitexin,Diosgenin,4-Hydroxyisoleucine glucoside,1.6482,3.6257,1.1032,2.9949,0.197,"Shimla, Himachal Pradesh",31.4633,76.9587,2367.1,2008,6,HPLC-MS,17.5,1199.8,5.51,87.9,16.5,179.4,32067349,2008
1165,Trigonella foenum-graecum,Fenugreek,Fabaceae,Trigonelline,Vitexin,Diosgenin,4-Hydroxyisoleucine glucoside,1.3755,2.33,1.0855,3.2681,0.213,"Shimla, Himachal Pradesh",30.8297,76.6987,2531.1,2009,3,HPLC,10.1,803.9,5.9,85.5,19.7,168.9,32126741,2007
1166,Trigonella foenum-graecum,Fenugreek,Fabaceae,Trigonelline,Vitexin,Diosgenin,4-Hydroxyisoleucine glucoside,1.4914,3.6487,1.3858,2.7562,0.172,"Shimla, Himachal Pradesh",31.2372,77.0999,2522.9,2017,5,HPLC,17.1,1523.7,5.82,110.4,13.5,160.2,31945445,2017
1167,Trigonella foenum-graecum,Fenugreek,Fabaceae,Trigonelline,Isovitexin,Diosgenin,Protodioscin,1.2905,4.3533,1.0013,2.9467,0.23,"Shimla, Himachal Pradesh",31.5134,77.7724,2677.7,2007,10,HPLC-MS,12.0,1056.0,5.9,85.4,8.6,197.5,31983415,2006
1168,Trigonella foenum-graecum,Fenugreek,Fabaceae,Trigonelline,Isovitexin,Diosgenin,Protodioscin,1.3087,2.8522,1.0211,2.8995,0.143,"Shimla, Himachal Pradesh",31.2702,76.7706,2134.1,2016,2,HPLC-MS,10.2,610.5,5.43,95.6,19.6,154.4,32207152,2016
1169,Trigonella foenum-graecum,Fenugreek,Fabaceae,Gentianine,Vitexin,Diosgenin,Protodioscin,0.9126,3.4306,1.1757,3.2858,0.142,"Shimla, Himachal Pradesh",31.5732,77.0184,1873.1,2012,11,HPLC,12.5,1101.9,6.27,93.2,21.0,186.4,31742301,2011
1170,Trigonella foenum-graecum,Fenugreek,Fabaceae,Trigonelline,Orientin,Diosgenin,Protodioscin,1.563,3.9405,1.1615,3.1878,0.474,"Shimla, Himachal Pradesh",31.2514,77.1885,2174.5,2020,10,HPLC,12.8,931.6,5.77,84.3,17.2,147.8,32097798,2019
1171,Trigonella foenum-graecum,Fenugreek,Fabaceae,Trigonelline,Vitexin,Diosgenin,4-Hydroxyisoleucine glucoside,1.3108,4.3866,1.0927,2.7346,0.368,"Shimla, Himachal Pradesh",31.3229,76.9237,2251.3,2012,9,HPTLC,15.6,1444.1,5.7,81.2,20.6,138.2,32089814,2012
1172,Trigonella foenum-graecum,Fenugreek,Fabaceae,Gentianine,Vitexin,Diosgenin,Protodioscin,1.1655,3.798,1.3028,2.3853,0.469,"Shimla, Himachal Pradesh",31.1673,77.1845,1900.5,2006,8,HPLC,19.1,1479.9,6.12,88.2,11.9,145.2,31982119,2005
1173,Trigonella foenum-graecum,Fenugreek,Fabaceae,Gentianine,Isovitexin,Diosgenin,4-Hydroxyisoleucine glucoside,1.2154,3.1974,1.0143,3.0462,0.367,"Shimla, Himachal Pradesh",31.6233,77.1621,2122.9,2022,1,HPLC-MS,8.4,530.0,5.31,97.7,27.4,151.2,31827031,2021
1174,Trigonella foenum-graecum,Fenugreek,Fabaceae,Gentianine,Vitexin,Diosgenin,Protodioscin,1.2732,4.7067,0.9875,3.3706,0.111,"Shimla, Himachal Pradesh",31.0096,77.2983,1902.0,2012,9,HPLC-MS,18.3,1153.2,6.52,107.9,24.3,196.4,32143158,2011
1175,Trigonella foenum-graecum,Fenugreek,Fabaceae,Gentianine,Isovitexin,Diosgenin,Protodioscin,1.4553,2.93,0.8445,3.6357,0.445,"Shimla, Himachal Pradesh",31.4291,77.667,2444.6,2023,2,HPLC-MS,9.9,688.0,5.68,94.5,15.0,180.4,31864254,2023
1176,Trigonella foenum-graecum,Fenugreek,Fabaceae,Trigonelline,Orientin,Diosgenin,4-Hydroxyisoleucine glucoside,1.3237,3.3408,0.8704,3.3479,0.423,"Shimla, Himachal Pradesh",30.8517,76.7142,2284.4,2013,2,GC-MS,11.1,886.2,5.95,78.9,22.3,171.3,31900346,2011
1177,Trigonella foenum-graecum,Fenugreek,Fabaceae,Gentianine,Isovitexin,Diosgenin,4-Hydroxyisoleucine glucoside,0.6771,2.4412,0.982,3.9319,0.143,"Shimla, Himachal Pradesh",30.9742,77.5864,2773.6,2011,12,GC-MS,9.7,945.0,6.67,107.7,8.2,150.0,31934052,2009
1178,Trigonella foenum-graecum,Fenugreek,Fabaceae,Trigonelline,Isovitexin,Diosgenin,Protodioscin,1.1484,4.3529,1.2522,2.4614,0.212,"Shimla, Himachal Pradesh",31.4185,77.1376,2242.1,2007,9,HPLC-MS,16.4,1114.1,6.24,93.2,20.8,161.4,32034838,2007
1179,Tribulus terrestris,Gokshura,Zygophyllaceae,Harmine,Quercetin-3-glucoside,Hecogenin,Terrestrosin,1.2272,2.2335,0.745,2.5323,0.244,"Jodhpur, Rajasthan",26.6361,73.7696,368.8,2013,5,GC-MS,30.4,475.3,8.1,47.2,19.3,146.6,20892865,2011
1180,Tribulus terrestris,Gokshura,Zygophyllaceae,Harmine,Kaempferol,Hecogenin,Terrestrosin,1.3445,2.0783,0.7775,3.2518,0.222,"Jodhpur, Rajasthan",26.3393,73.4287,635.5,2010,4,GC-MS,27.5,334.9,8.11,64.6,19.8,131.5,20801637,2009
1181,Tribulus terrestris,Gokshura,Zygophyllaceae,Harmine,Kaempferol,Hecogenin,Protodioscin,1.744,2.0177,0.6096,3.3677,0.327,"Jodhpur, Rajasthan",26.5395,73.8119,486.1,2008,1,HPTLC,24.3,282.0,7.87,59.0,12.3,127.5,20902981,2006
1182,Tribulus terrestris,Gokshura,Zygophyllaceae,Harmine,Quercetin-3-glucoside,Hecogenin,Terrestrosin,1.4389,2.903,0.8362,2.7828,0.312,"Jodhpur, Rajasthan",26.1502,73.7752,255.2,2010,7,HPLC,31.9,428.2,8.1,75.8,7.0,142.5,20860701,2008
1183,Tribulus terrestris,Gokshura,Zygophyllaceae,Harmine,Quercetin-3-glucoside,Hecogenin,Protodioscin,1.5521,2.2747,1.0274,3.0472,0.488,"Jodhpur, Rajasthan",26.8512,73.541,395.5,2012,7,UV-Vis Spectroscopy,34.4,458.6,8.39,64.5,20.4,135.6,20868293,2012
1184,Tribulus terrestris,Gokshura,Zygophyllaceae,Harmaline,Kaempferol,Hecogenin,Protodioscin,1.9201,1.8453,0.7642,4.1465,0.137,"Jodhpur, Rajasthan",26.1375,73.2055,531.7,2021,2,HPLC,23.3,234.3,7.77,76.6,16.0,151.3,20828554,2021
1185,Tribulus terrestris,Gokshura,Zygophyllaceae,Harmine,Kaempferol,Hecogenin,Protodioscin,2.1552,2.7202,0.9371,3.3897,0.475,"Jodhpur, Rajasthan",26.9137,72.8058,257.1,2018,8,UV-Vis Spectroscopy,31.2,545.7,8.18,52.3,21.7,118.2,21032260,2018
1186,Tribulus terrestris,Gokshura,Zygophyllaceae,Harmaline,Kaempferol,Hecogenin,Protodioscin,2.1046,2.7807,0.8271,2.5936,0.227,"Jodhpur, Rajasthan",25.9034,73.2043,382.9,2023,6,HPLC-MS,32.7,471.8,8.11,56.1,18.6,140.6,20843605,2022
1187,Tribulus terrestris,Gokshura,Zygophyllaceae,Harmine,Kaempferol,Hecogenin,Terrestrosin,1.3506,2.2887,1.0471,2.8585,0.44,"Jodhpur, Rajasthan",26.4746,72.9413,339.6,2013,7,GC-MS,31.0,505.8,8.32,65.1,15.2,166.8,20781557,2012
1188,Tribulus terrestris,Gokshura,Zygophyllaceae,Harmine,Kaempferol,Hecogenin,Protodioscin,1.6747,1.4031,0.7072,3.4475,0.165,"Jodhpur, Rajasthan",26.1426,73.3952,252.4,2014,1,HPTLC,23.4,178.0,7.71,50.9,13.1,131.4,20923262,2013
1189,Tribulus terrestris,Gokshura,Zygophyllaceae,Harmine,Quercetin-3-glucoside,Hecogenin,Protodioscin,1.2723,2.9593,0.6776,2.814,0.196,"Jodhpur, Rajasthan",26.9441,73.3918,298.0,2015,10,HPLC,29.1,338.3,7.94,37.3,14.1,185.7,20972224,2014
1190,Tribulus terrestris,Gokshura,Zygophyllaceae,Harmine,Quercetin-3-glucoside,Hecogenin,Protodioscin,1.8493,2.3047,0.814,3.7083,0.27,"Jodhpur, Rajasthan",26.8414,73.6655,417.5,2011,2,HPLC,25.5,256.4,7.63,54.5,21.0,156.5,20666080,2011
1191,Tribulus terrestris,Gokshura,Zygophyllaceae,Harmaline,Quercetin-3-glucoside,Hecogenin,Terrestrosin,1.4243,2.3513,0.7506,3.1051,0.334,"Jodhpur, Rajasthan",26.456,73.8311,205.7,2013,2,HPLC,23.6,257.2,8.04,71.5,13.9,171.7,20709410,2011
1192,Tribulus terrestris,Gokshura,Zygophyllaceae,Harmine,Quercetin-3-glucoside,Hecogenin,Protodioscin,1.6328,2.026,0.7852,2.8603,0.218,"Jodhpur, Rajasthan",27.0984,73.1786,228.3,2023,12,GC-MS,23.5,191.9,8.05,71.2,15.3,174.6,20681218,2021
1193,Tribulus terrestris,Gokshura,Zygophyllaceae,Harmaline,Quercetin-3-glucoside,Hecogenin,Terrestrosin,1.2095,2.1884,0.5242,4.0856,0.162,"Jodhpur, Rajasthan",26.1653,73.5074,261.7,2006,1,HPLC-MS,22.4,157.4,7.8,77.4,10.5,160.8,20796412,2005
1194,Tribulus terrestris,Gokshura,Zygophyllaceae,Harmaline,Quercetin-3-glucoside,Hecogenin,Terrestrosin,1.3357,2.8075,0.8648,3.2127,0.171,"Jodhpur, Rajasthan",26.3368,73.2949,364.9,2019,8,GC-MS,33.2,567.1,7.8,51.4,15.0,177.6,20767737,2018
1195,Tribulus terrestris,Gokshura,Zygophyllaceae,Harmaline,Kaempferol,Hecogenin,Terrestrosin,1.9383,2.716,0.7488,3.2002,0.397,"Bhopal, Madhya Pradesh",23.8506,78.5564,467.0,2021,4,HPTLC,21.8,1117.8,6.4,102.1,26.6,200.8,27737758,2019
1196,Tribulus terrestris,Gokshura,Zygophyllaceae,Harmine,Kaempferol,Hecogenin,Protodioscin,1.6797,2.8217,0.7204,2.9298,0.161,"Bhopal, Madhya Pradesh",23.3738,78.044,393.0,2015,5,HPLC,26.4,1467.9,6.73,65.4,18.1,191.5,27946447,2014
1197,Tribulus terrestris,Gokshura,Zygophyllaceae,Harmaline,Quercetin-3-glucoside,Hecogenin,Terrestrosin,1.4877,2.8097,0.5633,3.5839,0.162,"Bhopal, Madhya Pradesh",23.7001,78.3962,547.3,2020,12,HPLC,21.7,702.0,7.12,79.0,25.2,201.1,27549506,2018
1198,Tribulus terrestris,Gokshura,Zygophyllaceae,Harmine,Quercetin-3-glucoside,Hecogenin,Protodioscin,1.6854,2.2472,0.5928,2.652,0.275,"Bhopal, Madhya Pradesh",23.2068,78.1851,529.2,2017,5,HPLC,29.5,1233.8,6.86,99.9,19.3,168.7,27688836,2016
1199,Tribulus terrestris,Gokshura,Zygophyllaceae,Harmaline,Kaempferol,Hecogenin,Protodioscin,1.4538,3.5278,0.7449,2.9077,0.156,"Bhopal, Madhya Pradesh",23.4911,77.6591,515.3,2014,6,HPLC,30.5,1430.9,5.93,76.6,23.4,210.7,27836518,2012
1200,Tribulus terrestris,Gokshura,Zygophyllaceae,Harmine,Quercetin-3-glucoside,Hecogenin,Protodioscin,1.3829,2.9779,0.6949,3.4451,0.455,"Bhopal, Madhya Pradesh",22.9557,78.4514,474.3,2014,11,HPLC,23.2,908.9,6.64,94.1,5.9,196.7,27887941,2013
1201,Tribulus terrestris,Gokshura,Zygophyllaceae,Harmaline,Quercetin-3-glucoside,Hecogenin,Terrestrosin,1.6936,3.3607,0.6852,3.2603,0.386,"Bhopal, Madhya Pradesh",23.3824,77.9189,553.3,2015,10,HPTLC,25.0,1116.6,6.75,94.9,16.7,196.1,27531991,2013
1202,Tribulus terrestris,Gokshura,Zygophyllaceae,Harmine,Quercetin-3-glucoside,Hecogenin,Terrestrosin,0.9133,2.0275,0.5397,3.5784,0.367,"Bhopal, Madhya Pradesh",23.1222,77.7908,419.0,2017,1,GC-MS,21.8,688.9,6.55,81.8,21.1,189.3,27771505,2015
1203,Tribulus terrestris,Gokshura,Zygophyllaceae,Harmaline,Kaempferol,Hecogenin,Terrestrosin,1.7942,2.8524,0.9782,3.7076,0.166,"Bhopal, Madhya Pradesh",23.2643,78.0055,432.9,2021,9,HPLC,27.4,1228.8,7.13,87.8,18.3,202.5,27744246,2020
1204,Tribulus terrestris,Gokshura,Zygophyllaceae,Harmine,Quercetin-3-glucoside,Hecogenin,Protodioscin,1.504,1.8942,0.707,3.3222,0.4,"Bhopal, Madhya Pradesh",23.863,77.6038,423.9,2016,2,GC-MS,21.2,745.6,6.67,87.3,16.7,182.3,27912139,2015
1205,Tribulus terrestris,Gokshura,Zygophyllaceae,Harmine,Quercetin-3-glucoside,Hecogenin,Protodioscin,1.3519,2.2709,0.6087,3.7156,0.128,"Bhopal, Madhya Pradesh",23.5533,78.2399,399.5,2010,11,GC-MS,21.5,721.5,6.69,82.5,23.0,171.3,27663453,2009
1206,Tribulus terrestris,Gokshura,Zygophyllaceae,Harmaline,Kaempferol,Hecogenin,Terrestrosin,1.9564,2.6526,0.6666,3.5547,0.37,"Bhopal, Madhya Pradesh",23.3856,77.9906,418.8,2018,11,HPLC,22.9,830.7,6.41,104.4,22.7,180.4,27786325,2017
1207,Tribulus terrestris,Gokshura,Zygophyllaceae,Harmine,Quercetin-3-glucoside,Hecogenin,Terrestrosin,1.7123,2.9271,0.8201,2.5256,0.15,"Bhopal, Madhya Pradesh",23.633,78.211,448.6,2011,6,HPLC,31.2,1519.9,6.5,107.1,18.1,178.0,27980033,2011
1208,Tribulus terrestris,Gokshura,Zygophyllaceae,Harmine,Kaempferol,Hecogenin,Terrestrosin,1.094,2.2255,0.7679,3.2804,0.258,"Bhopal, Madhya Pradesh",22.9835,77.8342,421.1,2007,3,HPLC-MS,23.0,958.0,6.86,97.6,21.0,203.7,27677457,2005
1209,Tribulus terrestris,Gokshura,Zygophyllaceae,Harmaline,Kaempferol,Hecogenin,Protodioscin,1.9526,2.9236,0.773,2.7965,0.362,"Bhopal, Madhya Pradesh",23.5178,78.4123,463.4,2005,6,GC-MS,28.2,1498.6,6.56,78.5,24.8,201.4,27675221,2005
1210,Tribulus terrestris,Gokshura,Zygophyllaceae,Harmaline,Quercetin-3-glucoside,Hecogenin,Terrestrosin,2.087,2.6814,0.8627,2.7514,0.158,"Bhopal, Madhya Pradesh",23.6834,77.8535,601.6,2020,5,HPLC,25.6,1428.7,6.78,107.5,26.4,159.4,27758421,2020
1211,Tribulus terrestris,Gokshura,Zygophyllaceae,Harmaline,Quercetin-3-glucoside,Hecogenin,Terrestrosin,1.5602,2.5797,0.6226,3.322,0.399,"Ahmedabad, Gujarat",23.4329,72.5784,10.0,2020,5,HPLC-MS,29.9,660.3,7.71,59.0,24.2,148.1,33479524,2020
1212,Tribulus terrestris,Gokshura,Zygophyllaceae,Harmaline,Quercetin-3-glucoside,Hecogenin,Terrestrosin,1.2,2.4384,0.7273,3.4789,0.459,"Ahmedabad, Gujarat",23.2722,72.7778,130.4,2015,1,GC-MS,23.4,345.3,7.28,65.2,15.9,183.3,33416378,2013
1213,Tribulus terrestris,Gokshura,Zygophyllaceae,Harmaline,Quercetin-3-glucoside,Hecogenin,Terrestrosin,1.3829,2.5584,0.7295,3.5109,0.232,"Ahmedabad, Gujarat",22.7479,72.9715,39.8,2012,9,HPLC,28.0,701.2,7.63,57.5,27.2,163.5,33479521,2010
1214,Tribulus terrestris,Gokshura,Zygophyllaceae,Harmine,Kaempferol,Hecogenin,Terrestrosin,1.5903,2.4351,0.6346,3.8523,0.435,"Ahmedabad, Gujarat",23.0409,72.8457,40.4,2006,12,HPLC,21.3,386.9,7.83,65.3,26.0,167.6,33359472,2006
1215,Tribulus terrestris,Gokshura,Zygophyllaceae,Harmaline,Kaempferol,Hecogenin,Terrestrosin,1.5605,2.6481,0.7025,3.5657,0.403,"Ahmedabad, Gujarat",22.7179,72.6688,37.2,2020,10,GC-MS,24.1,610.1,7.69,66.8,15.3,141.9,33551998,2019
1216,Tribulus terrestris,Gokshura,Zygophyllaceae,Harmaline,Quercetin-3-glucoside,Hecogenin,Terrestrosin,1.5845,2.5832,0.7445,3.1308,0.428,"Ahmedabad, Gujarat",23.1651,72.6641,52.2,2020,10,GC-MS,27.8,490.0,7.54,76.7,15.0,165.6,33233054,2020
1217,Tribulus terrestris,Gokshura,Zygophyllaceae,Harmine,Kaempferol,Hecogenin,Protodioscin,1.4774,2.1841,0.7061,2.9357,0.312,"Ahmedabad, Gujarat",23.1464,72.2869,10.0,2009,4,HPLC,27.5,568.7,7.57,70.4,15.4,177.7,33370603,2007
1218,Tribulus terrestris,Gokshura,Zygophyllaceae,Harmaline,Kaempferol,Hecogenin,Protodioscin,1.7615,1.9043,0.8394,2.4801,0.39,"Ahmedabad, Gujarat",22.9019,72.7058,170.9,2009,6,HPTLC,30.2,690.6,7.55,67.5,9.2,139.5,33327515,2007
1219,Tribulus terrestris,Gokshura,Zygophyllaceae,Harmine,Kaempferol,Hecogenin,Terrestrosin,1.21,2.0923,0.7044,3.0594,0.124,"Ahmedabad, Gujarat",22.8372,72.8175,69.4,2020,2,HPLC,20.4,353.8,7.24,81.1,16.9,172.2,33402397,2019
1220,Tribulus terrestris,Gokshura,Zygophyllaceae,Harmaline,Kaempferol,Hecogenin,Protodioscin,1.8051,3.0625,0.6809,3.2394,0.408,"Ahmedabad, Gujarat",23.5952,72.377,134.1,2023,6,HPLC-MS,33.3,795.9,7.16,74.0,19.1,130.6,33584370,2023
1221,Tribulus terrestris,Gokshura,Zygophyllaceae,Harmaline,Kaempferol,Hecogenin,Terrestrosin,1.4455,2.0422,0.7248,4.0641,0.36,"Ahmedabad, Gujarat",23.0872,72.4489,10.0,2010,1,HPLC-MS,23.7,390.4,7.61,53.0,14.5,206.7,33209789,2010
1222,Tribulus terrestris,Gokshura,Zygophyllaceae,Harmaline,Kaempferol,Hecogenin,Protodioscin,1.7486,2.3506,0.8134,3.7874,0.483,"Ahmedabad, Gujarat",22.8623,72.3856,55.8,2010,9,UV-Vis Spectroscopy,29.2,675.7,7.78,76.7,19.7,163.8,33560103,2009
1223,Tribulus terrestris,Gokshura,Zygophyllaceae,Harmine,Quercetin-3-glucoside,Hecogenin,Terrestrosin,1.7019,2.4769,0.9189,3.4401,0.359,"Ahmedabad, Gujarat",23.2908,71.7734,40.3,2007,6,GC-MS,28.4,705.7,7.41,77.9,23.0,179.1,33145563,2006
1224,Tribulus terrestris,Gokshura,Zygophyllaceae,Harmine,Kaempferol,Hecogenin,Terrestrosin,1.5949,1.9849,0.8223,2.9569,0.25,"Ahmedabad, Gujarat",22.8116,72.5413,30.4,2021,5,HPLC,31.0,610.2,7.23,70.6,22.1,163.3,33252838,2020
1225,Tribulus terrestris,Gokshura,Zygophyllaceae,Harmine,Kaempferol,Hecogenin,Protodioscin,1.4157,1.6486,0.5694,3.527,0.349,"Ahmedabad, Gujarat",22.7576,72.9039,33.2,2015,1,HPLC,21.2,332.8,8.01,68.7,14.2,154.6,33572990,2013
1226,Tribulus terrestris,Gokshura,Zygophyllaceae,Harmine,Kaempferol,Hecogenin,Protodioscin,1.2448,3.161,0.6593,3.7927,0.304,"Ahmedabad, Gujarat",23.2065,72.5875,52.7,2017,9,GC-MS,30.2,557.1,7.18,83.5,12.5,186.0,33524013,2015
1227,Tribulus terrestris,Gokshura,Zygophyllaceae,Harmaline,Kaempferol,Hecogenin,Terrestrosin,1.4053,3.0837,0.6943,2.922,0.294,"Tirupati, Andhra Pradesh",13.5482,79.6053,200.1,2019,9,HPLC,29.3,896.7,7.31,75.7,19.6,149.9,32363036,2019
1228,Tribulus terrestris,Gokshura,Zygophyllaceae,Harmine,Quercetin-3-glucoside,Hecogenin,Terrestrosin,1.7601,2.5315,0.7189,3.4845,0.336,"Tirupati, Andhra Pradesh",13.7273,79.5759,207.7,2014,6,UV-Vis Spectroscopy,34.3,1241.6,6.88,68.8,13.7,175.0,32523897,2014
1229,Tribulus terrestris,Gokshura,Zygophyllaceae,Harmaline,Quercetin-3-glucoside,Hecogenin,Terrestrosin,1.0047,2.3081,0.6559,3.1574,0.298,"Tirupati, Andhra Pradesh",13.4872,79.4818,365.7,2007,2,HPLC-MS,20.5,512.5,7.11,88.2,24.5,180.5,32640426,2005
1230,Tribulus terrestris,Gokshura,Zygophyllaceae,Harmine,Kaempferol,Hecogenin,Protodioscin,1.7737,2.3332,0.9177,3.0215,0.254,"Tirupati, Andhra Pradesh",13.4896,79.2935,166.9,2023,7,HPTLC,29.7,1048.3,7.37,84.9,28.0,169.4,32773976,2023
1231,Tribulus terrestris,Gokshura,Zygophyllaceae,Harmine,Quercetin-3-glucoside,Hecogenin,Terrestrosin,1.4372,2.5474,0.6628,3.8289,0.47,"Tirupati, Andhra Pradesh",13.7087,79.2852,214.9,2010,12,HPLC-MS,23.9,664.2,6.91,82.2,22.8,201.3,32431322,2009
1232,Tribulus terrestris,Gokshura,Zygophyllaceae,Harmine,Kaempferol,Hecogenin,Protodioscin,1.8022,2.7196,0.765,3.3982,0.344,"Tirupati, Andhra Pradesh",13.7637,79.2697,333.5,2009,10,HPLC,27.2,674.6,6.66,65.9,16.4,153.1,32371969,2009
1233,Tribulus terrestris,Gokshura,Zygophyllaceae,Harmine,Kaempferol,Hecogenin,Protodioscin,1.59,2.5904,0.8131,3.0467,0.373,"Tirupati, Andhra Pradesh",13.4692,79.6707,270.1,2005,3,HPLC-MS,25.1,743.6,6.96,82.1,20.7,174.2,32630421,2005
1234,Tribulus terrestris,Gokshura,Zygophyllaceae,Harmaline,Quercetin-3-glucoside,Hecogenin,Protodioscin,2.1151,2.937,0.8796,3.136,0.181,"Tirupati, Andhra Pradesh",13.5142,79.4806,266.9,2015,8,GC-MS,34.4,1028.6,7.13,70.0,24.1,190.2,32298650,2014
1235,Tribulus terrestris,Gokshura,Zygophyllaceae,Harmine,Kaempferol,Hecogenin,Protodioscin,1.6865,3.0811,0.8667,2.8023,0.383,"Tirupati, Andhra Pradesh",13.605,79.4359,285.4,2006,8,HPLC-MS,32.1,1045.4,7.09,78.1,14.2,172.6,32537951,2006
1236,Tribulus terrestris,Gokshura,Zygophyllaceae,Harmine,Quercetin-3-glucoside,Hecogenin,Terrestrosin,1.6452,2.7229,0.8727,2.5395,0.492,"Tirupati, Andhra Pradesh",13.4463,79.0191,204.1,2012,6,GC-MS,31.4,1098.9,7.46,85.0,11.8,133.4,32638969,2010
1237,Tribulus terrestris,Gokshura,Zygophyllaceae,Harmaline,Quercetin-3-glucoside,Hecogenin,Terrestrosin,1.2888,2.5703,0.6884,3.2949,0.343,"Tirupati, Andhra Pradesh",13.4777,78.983,364.4,2018,11,UV-Vis Spectroscopy,25.2,528.0,6.96,93.8,19.3,188.8,32610281,2017
1238,Tribulus terrestris,Gokshura,Zygophyllaceae,Harmaline,Kaempferol,Hecogenin,Terrestrosin,1.4217,2.6931,0.8123,3.1565,0.111,"Tirupati, Andhra Pradesh",13.4357,79.4292,327.9,2010,5,UV-Vis Spectroscopy,32.3,993.1,6.99,67.4,25.1,151.2,32301472,2008
1239,Tribulus terrestris,Gokshura,Zygophyllaceae,Harmaline,Quercetin-3-glucoside,Hecogenin,Protodioscin,1.537,2.3153,0.6949,3.4111,0.171,"Tirupati, Andhra Pradesh",13.1982,79.3634,127.3,2016,12,UV-Vis Spectroscopy,26.1,462.7,7.25,97.9,23.1,163.7,32415414,2014
1240,Tribulus terrestris,Gokshura,Zygophyllaceae,Harmine,Quercetin-3-glucoside,Hecogenin,Protodioscin,1.9822,3.0168,0.9478,2.7298,0.362,"Tirupati, Andhra Pradesh",14.0218,80.0778,450.0,2013,7,UV-Vis Spectroscopy,33.7,1044.1,7.23,85.1,23.1,182.9,32748249,2012
1241,Tribulus terrestris,Gokshura,Zygophyllaceae,Harmine,Kaempferol,Hecogenin,Protodioscin,1.0176,2.5637,0.7662,3.94,0.421,"Tirupati, Andhra Pradesh",13.2954,79.7917,54.1,2023,11,GC-MS,24.5,607.2,6.66,94.7,24.3,162.4,32379685,2021
1242,Tribulus terrestris,Gokshura,Zygophyllaceae,Harmine,Quercetin-3-glucoside,Hecogenin,Protodioscin,1.5214,3.4381,0.9555,3.3217,0.206,"Tirupati, Andhra Pradesh",13.5617,79.1666,186.1,2006,7,HPLC-MS,32.6,1169.2,6.74,98.6,25.5,202.4,32628759,2005
1243,Tribulus terrestris,Gokshura,Zygophyllaceae,Harmaline,Quercetin-3-glucoside,Hecogenin,Protodioscin,1.6339,2.7684,0.8351,3.0276,0.392,"Chandigarh, Punjab",30.691,77.0561,317.5,2021,6,HPLC-MS,30.6,820.7,7.32,83.2,30.2,165.2,24442525,2019
1244,Tribulus terrestris,Gokshura,Zygophyllaceae,Harmaline,Quercetin-3-glucoside,Hecogenin,Terrestrosin,1.9212,3.1624,0.9163,2.959,0.467,"Chandigarh, Punjab",31.3352,76.9876,295.6,2008,5,GC-MS,28.1,758.8,7.74,90.1,28.1,155.4,24525107,2008
1245,Tribulus terrestris,Gokshura,Zygophyllaceae,Harmaline,Quercetin-3-glucoside,Hecogenin,Terrestrosin,1.932,2.7235,1.0244,2.8073,0.259,"Chandigarh, Punjab",30.6555,76.4677,314.0,2022,8,HPLC,29.7,879.5,7.78,45.6,16.7,214.1,24332107,2022
1246,Tribulus terrestris,Gokshura,Zygophyllaceae,Harmaline,Kaempferol,Hecogenin,Terrestrosin,1.4084,1.7335,0.504,3.0563,0.458,"Chandigarh, Punjab",30.8629,76.8471,314.0,2014,1,HPLC-MS,17.8,510.3,7.64,94.3,25.6,143.7,24137899,2014
1247,Tribulus terrestris,Gokshura,Zygophyllaceae,Harmine,Quercetin-3-glucoside,Hecogenin,Protodioscin,1.4622,2.2245,0.6692,3.5645,0.421,"Chandigarh, Punjab",30.7497,76.8978,259.9,2011,1,GC-MS,17.3,533.1,7.46,74.8,26.3,163.8,24285104,2009
1248,Tribulus terrestris,Gokshura,Zygophyllaceae,Harmine,Kaempferol,Hecogenin,Protodioscin,1.7261,2.278,0.8569,2.4833,0.306,"Chandigarh, Punjab",30.7824,76.4896,272.1,2005,4,HPTLC,22.5,568.8,7.17,75.6,19.5,171.0,24272749,2005
1249,Tribulus terrestris,Gokshura,Zygophyllaceae,Harmine,Kaempferol,Hecogenin,Terrestrosin,1.5939,1.9269,0.6752,2.9646,0.283,"Chandigarh, Punjab",30.4761,76.8378,332.2,2008,3,HPLC-MS,21.5,374.2,7.55,113.2,28.4,197.3,24158018,2007
1250,Tribulus terrestris,Gokshura,Zygophyllaceae,Harmine,Kaempferol,Hecogenin,Protodioscin,1.8854,2.2122,0.7204,3.0823,0.104,"Chandigarh, Punjab",30.9759,77.0306,369.6,2008,10,HPLC,23.5,572.3,7.5,78.3,22.5,145.3,24310147,2007
1251,Tribulus terrestris,Gokshura,Zygophyllaceae,Harmaline,Quercetin-3-glucoside,Hecogenin,Protodioscin,1.6781,2.7315,0.9419,2.913,0.46,"Chandigarh, Punjab",30.8623,76.6598,313.0,2014,7,UV-Vis Spectroscopy,31.0,885.2,7.46,88.9,10.5,175.7,24415712,2014
1252,Tribulus terrestris,Gokshura,Zygophyllaceae,Harmaline,Kaempferol,Hecogenin,Terrestrosin,1.9157,2.4963,0.7981,3.1651,0.261,"Chandigarh, Punjab",30.8881,76.9515,237.8,2007,7,HPLC-MS,28.2,895.5,7.46,87.3,18.4,199.9,24289292,2005
1253,Tribulus terrestris,Gokshura,Zygophyllaceae,Harmaline,Quercetin-3-glucoside,Hecogenin,Protodioscin,1.3992,2.7046,0.7,3.3721,0.158,"Chandigarh, Punjab",30.2819,77.0823,261.7,2013,2,UV-Vis Spectroscopy,22.0,624.0,7.36,73.4,20.3,144.7,24338121,2011
1254,Tribulus terrestris,Gokshura,Zygophyllaceae,Harmaline,Quercetin-3-glucoside,Hecogenin,Terrestrosin,2.0337,2.9285,0.9289,2.6219,0.395,"Chandigarh, Punjab",30.9245,77.1596,264.3,2005,5,HPLC,24.8,705.9,7.39,84.1,27.0,188.8,24528186,2005
1255,Tribulus terrestris,Gokshura,Zygophyllaceae,Harmaline,Quercetin-3-glucoside,Hecogenin,Protodioscin,1.7101,2.7907,0.6443,4.0924,0.42,"Chandigarh, Punjab",30.9252,76.9045,309.4,2015,10,HPLC,21.7,601.9,7.28,86.3,21.4,175.1,24228075,2015
1256,Tribulus terrestris,Gokshura,Zygophyllaceae,Harmaline,Quercetin-3-glucoside,Hecogenin,Terrestrosin,1.1818,2.9499,0.9273,3.55,0.303,"Chandigarh, Punjab",30.7491,77.2731,301.2,2020,9,GC-MS,27.7,648.7,7.33,93.2,13.7,142.3,24150852,2018
1257,Tribulus terrestris,Gokshura,Zygophyllaceae,Harmaline,Kaempferol,Hecogenin,Terrestrosin,1.565,1.8632,0.4701,3.2246,0.236,"Chandigarh, Punjab",30.5133,76.7689,230.7,2013,3,HPTLC,20.9,458.1,7.16,68.7,16.8,181.5,24369972,2012
1258,Tribulus terrestris,Gokshura,Zygophyllaceae,Harmine,Kaempferol,Hecogenin,Protodioscin,1.6311,2.2322,0.9276,2.8595,0.211,"Chandigarh, Punjab",30.8708,76.5582,280.5,2020,6,HPLC,27.8,914.2,7.55,85.2,31.4,138.3,24458874,2018
1259,Tribulus terrestris,Gokshura,Zygophyllaceae,Harmine,Quercetin-3-glucoside,Hecogenin,Protodioscin,1.4069,1.9121,0.6702,3.9518,0.486,"Ranchi, Jharkhand",23.0887,85.576,676.8,2020,12,UV-Vis Spectroscopy,22.0,768.1,5.94,65.7,21.1,135.3,34589359,2018
1260,Tribulus terrestris,Gokshura,Zygophyllaceae,Harmaline,Kaempferol,Hecogenin,Terrestrosin,1.3094,3.2378,1.0915,2.3515,0.112,"Ranchi, Jharkhand",23.7443,85.3015,579.0,2006,7,HPLC-MS,31.1,1558.8,5.88,72.2,28.0,212.0,34576863,2005
1261,Tribulus terrestris,Gokshura,Zygophyllaceae,Harmaline,Quercetin-3-glucoside,Hecogenin,Protodioscin,1.7521,1.771,0.6545,4.2111,0.152,"Ranchi, Jharkhand",22.8637,85.6365,516.8,2020,2,GC-MS,18.4,742.4,5.77,88.3,15.1,196.4,34344860,2019
1262,Tribulus terrestris,Gokshura,Zygophyllaceae,Harmine,Kaempferol,Hecogenin,Terrestrosin,1.6292,3.591,1.0011,3.2846,0.19,"Ranchi, Jharkhand",23.1987,84.9625,565.3,2015,8,UV-Vis Spectroscopy,32.1,1439.6,6.55,61.9,19.2,166.2,34452105,2015
1263,Tribulus terrestris,Gokshura,Zygophyllaceae,Harmaline,Quercetin-3-glucoside,Hecogenin,Protodioscin,1.0586,3.0711,0.8662,3.2439,0.167,"Ranchi, Jharkhand",23.2802,85.2408,648.4,2010,10,GC-MS,27.2,1088.2,5.97,87.9,11.9,180.9,34286708,2009
1264,Tribulus terrestris,Gokshura,Zygophyllaceae,Harmine,Quercetin-3-glucoside,Hecogenin,Terrestrosin,1.425,3.6656,0.8713,2.9691,0.424,"Ranchi, Jharkhand",23.2841,85.7139,622.6,2016,9,HPLC,26.3,1368.4,6.16,81.2,20.3,128.0,34634145,2016
1265,Tribulus terrestris,Gokshura,Zygophyllaceae,Harmine,Kaempferol,Hecogenin,Terrestrosin,1.2455,2.6102,0.5256,3.2813,0.276,"Ranchi, Jharkhand",23.4104,85.716,626.3,2014,2,HPLC-MS,20.2,780.7,7.08,83.1,20.4,188.9,34312410,2013
1266,Tribulus terrestris,Gokshura,Zygophyllaceae,Harmaline,Quercetin-3-glucoside,Hecogenin,Terrestrosin,1.7483,2.6739,0.6231,3.1219,0.461,"Ranchi, Jharkhand",23.0771,85.242,520.2,2007,12,HPTLC,21.5,729.8,6.74,74.3,23.4,153.6,34489050,2007
1267,Tribulus terrestris,Gokshura,Zygophyllaceae,Harmaline,Quercetin-3-glucoside,Hecogenin,Terrestrosin,1.472,2.1726,0.5429,2.938,0.21,"Ranchi, Jharkhand",23.4708,85.0573,705.5,2009,2,HPLC-MS,18.8,709.2,6.38,103.5,23.4,177.4,34368613,2007
1268,Tribulus terrestris,Gokshura,Zygophyllaceae,Harmaline,Kaempferol,Hecogenin,Protodioscin,1.7631,2.5357,0.7275,4.1307,0.154,"Ranchi, Jharkhand",22.6335,85.2579,677.2,2010,11,UV-Vis Spectroscopy,21.3,1119.2,6.43,84.1,24.7,177.3,34333818,2010
1269,Tribulus terrestris,Gokshura,Zygophyllaceae,Harmaline,Kaempferol,Hecogenin,Terrestrosin,1.4639,2.5749,0.8825,4.0713,0.177,"Ranchi, Jharkhand",23.4997,85.532,734.7,2012,1,HPLC,19.4,886.1,5.99,102.1,18.7,209.5,34230491,2012
1270,Tribulus terrestris,Gokshura,Zygophyllaceae,Harmine,Quercetin-3-glucoside,Hecogenin,Protodioscin,1.251,2.5083,0.6537,3.5614,0.331,"Ranchi, Jharkhand",23.6131,85.9013,836.6,2011,1,HPLC,20.0,895.0,5.95,68.1,16.0,181.0,34385213,2010
1271,Tribulus terrestris,Gokshura,Zygophyllaceae,Harmine,Quercetin-3-glucoside,Hecogenin,Terrestrosin,1.3121,3.0027,0.7121,3.2317,0.476,"Ranchi, Jharkhand",23.7093,85.0277,648.3,2020,10,HPLC-MS,25.1,996.4,6.14,75.6,16.7,171.9,34703490,2020
1272,Tribulus terrestris,Gokshura,Zygophyllaceae,Harmaline,Kaempferol,Hecogenin,Protodioscin,1.8205,3.1299,0.909,2.8949,0.387,"Ranchi, Jharkhand",23.5763,85.3793,713.3,2011,7,GC-MS,31.8,1613.9,6.04,90.8,13.5,182.8,34403286,2009
1273,Tribulus terrestris,Gokshura,Zygophyllaceae,Harmaline,Quercetin-3-glucoside,Hecogenin,Terrestrosin,1.1617,2.4911,0.6809,3.6607,0.165,"Ranchi, Jharkhand",22.9333,84.9382,707.9,2023,11,HPLC-MS,23.6,960.1,5.97,88.5,18.3,203.9,34607760,2023
1274,Tribulus terrestris,Gokshura,Zygophyllaceae,Harmaline,Quercetin-3-glucoside,Hecogenin,Protodioscin,1.575,3.2282,0.8946,2.9315,0.454,"Ranchi, Jharkhand",23.3398,85.3761,575.1,2007,7,HPLC-MS,28.0,1632.7,5.8,96.1,3.0,154.6,34492684,2006
1275,Centella asiatica,Gotu Kola,Apiaceae,Hydrocotyline,Kaempferol,Madecassic acid,Asiaticoside,0.2806,6.0232,2.0035,2.3217,0.243,"Western Ghats, Karnataka",12.6866,74.9573,931.1,2021,8,HPTLC,27.2,3318.8,5.78,112.2,28.6,172.4,20851044,2021
1276,Centella asiatica,Gotu Kola,Apiaceae,Hydrocotyline,Castilliferol,Asiatic acid,Madecassoside,0.2848,6.616,2.4669,2.0954,0.157,"Western Ghats, Karnataka",13.0753,75.8068,1218.5,2017,8,HPLC,27.8,2951.5,4.98,136.5,19.5,207.1,20682299,2016
1277,Centella asiatica,Gotu Kola,Apiaceae,Hydrocotyline,Quercetin,Asiatic acid,Centelloside,0.2421,4.654,1.68,3.0659,0.431,"Western Ghats, Karnataka",12.6461,75.7022,1123.1,2015,2,GC-MS,17.6,1663.7,5.56,131.4,19.1,206.4,20459893,2014
1278,Centella asiatica,Gotu Kola,Apiaceae,Hydrocotyline,Kaempferol,Madecassic acid,Madecassoside,0.414,4.1926,2.2332,2.6591,0.45,"Western Ghats, Karnataka",12.607,75.4027,1350.3,2019,5,GC-MS,30.1,2971.4,5.76,123.1,24.2,198.1,20640203,2017
1279,Centella asiatica,Gotu Kola,Apiaceae,Hydrocotyline,Quercetin,Asiatic acid,Madecassoside,0.3091,4.5393,1.227,3.2971,0.11,"Western Ghats, Karnataka",12.9214,75.9994,1028.7,2019,12,UV-Vis Spectroscopy,18.7,1805.3,4.7,138.6,21.4,195.2,20448257,2018
1280,Centella asiatica,Gotu Kola,Apiaceae,Hydrocotyline,Quercetin,Madecassic acid,Centelloside,0.3284,6.354,1.982,2.1532,0.42,"Western Ghats, Karnataka",12.8907,75.9653,1100.3,2009,7,HPLC,29.6,3455.3,5.38,114.9,30.4,212.8,20430894,2008
1281,Centella asiatica,Gotu Kola,Apiaceae,Hydrocotyline,Castilliferol,Asiatic acid,Asiaticoside,0.2384,6.4001,1.9986,2.7492,0.45,"Western Ghats, Karnataka",12.742,75.7238,506.4,2022,7,HPLC,29.0,3711.6,5.11,111.2,39.1,213.4,20578606,2021
1282,Centella asiatica,Gotu Kola,Apiaceae,Hydrocotyline,Kaempferol,Asiatic acid,Centelloside,0.3487,4.5127,1.632,3.4164,0.362,"Western Ghats, Karnataka",12.9909,75.83,1046.5,2023,1,GC-MS,17.3,1545.0,5.76,108.5,22.3,224.5,20800242,2021
1283,Centella asiatica,Gotu Kola,Apiaceae,Hydrocotyline,Castilliferol,Madecassic acid,Asiaticoside,0.3247,5.0367,1.6686,3.0862,0.18,"Western Ghats, Karnataka",12.8747,75.713,870.1,2020,3,HPLC,22.4,2226.3,5.96,119.1,29.5,194.0,20734847,2018
1284,Centella asiatica,Gotu Kola,Apiaceae,Hydrocotyline,Kaempferol,Madecassic acid,Madecassoside,0.3755,4.9195,1.6363,2.5157,0.404,"Western Ghats, Karnataka",12.8713,75.4291,826.7,2007,11,HPTLC,24.4,1876.5,6.14,118.6,23.7,198.5,20796487,2007
1285,Centella asiatica,Gotu Kola,Apiaceae,Hydrocotyline,Quercetin,Asiatic acid,Madecassoside,0.3224,5.263,2.001,3.3245,0.49,"Western Ghats, Karnataka",12.1607,75.2648,1128.2,2020,12,HPLC-MS,21.0,1616.5,5.73,109.4,15.6,182.5,20766841,2020
1286,Centella asiatica,Gotu Kola,Apiaceae,Hydrocotyline,Kaempferol,Madecassic acid,Madecassoside,0.3221,5.2121,1.3311,3.606,0.24,"Western Ghats, Karnataka",13.1636,75.4806,835.9,2019,2,HPLC-MS,21.3,1045.7,5.27,113.5,19.9,183.5,20553746,2017
1287,Centella asiatica,Gotu Kola,Apiaceae,Hydrocotyline,Quercetin,Madecassic acid,Centelloside,0.2639,5.8941,1.8796,3.233,0.46,"Western Ghats, Karnataka",12.53,75.7097,1043.5,2019,10,GC-MS,24.9,2190.6,5.5,101.1,31.2,197.1,20472011,2017
1288,Centella asiatica,Gotu Kola,Apiaceae,Hydrocotyline,Quercetin,Madecassic acid,Madecassoside,0.3714,6.5976,2.2573,2.8305,0.444,"Western Ghats, Karnataka",12.5426,75.3598,763.6,2013,7,HPLC,28.6,2886.2,5.39,126.3,26.5,161.0,20484549,2013
1289,Centella asiatica,Gotu Kola,Apiaceae,Hydrocotyline,Kaempferol,Madecassic acid,Madecassoside,0.3195,6.3717,1.6,2.5718,0.492,"Western Ghats, Karnataka",12.4628,75.3349,1055.6,2005,7,GC-MS,27.5,3260.4,5.91,105.8,19.1,221.6,20680360,2005
1290,Centella asiatica,Gotu Kola,Apiaceae,Hydrocotyline,Castilliferol,Asiatic acid,Madecassoside,0.3873,5.4657,1.5243,3.2327,0.252,"Western Ghats, Karnataka",12.4041,75.6308,1137.8,2010,11,HPLC-MS,20.8,1486.1,5.76,124.0,29.8,209.2,20873264,2008
1291,Centella asiatica,Gotu Kola,Apiaceae,Hydrocotyline,Castilliferol,Asiatic acid,Asiaticoside,0.3334,4.8642,1.0568,2.5503,0.206,"Western Ghats, Karnataka",12.0423,75.1173,940.0,2015,12,HPLC-MS,18.7,957.5,5.35,127.6,25.4,215.5,20435079,2013
1292,Centella asiatica,Gotu Kola,Apiaceae,Hydrocotyline,Castilliferol,Asiatic acid,Asiaticoside,0.3351,4.6592,1.587,2.7923,0.473,"Western Ghats, Karnataka",12.398,75.8392,846.9,2007,12,GC-MS,18.1,1493.9,5.32,119.1,32.2,201.7,20681235,2007
1293,Centella asiatica,Gotu Kola,Apiaceae,Hydrocotyline,Kaempferol,Madecassic acid,Centelloside,0.2647,4.4835,1.1927,2.8161,0.219,"Western Ghats, Karnataka",12.3317,75.1869,524.7,2013,12,HPLC-MS,20.3,1447.5,5.7,98.0,23.9,231.6,20786831,2012
1294,Centella asiatica,Gotu Kola,Apiaceae,Hydrocotyline,Quercetin,Madecassic acid,Centelloside,0.4565,4.5921,1.6702,2.5036,0.16,"Western Ghats, Karnataka",12.9705,75.744,1038.2,2023,4,GC-MS,23.4,2561.4,5.31,120.0,20.8,172.0,20786159,2021
1295,Centella asiatica,Gotu Kola,Apiaceae,Hydrocotyline,Quercetin,Asiatic acid,Asiaticoside,0.2573,4.7641,1.423,3.0452,0.475,"Ernakulam, Kerala",10.1735,76.7508,42.9,2018,1,GC-MS,23.5,1415.6,6.03,129.2,33.9,219.6,24201797,2017
1296,Centella asiatica,Gotu Kola,Apiaceae,Hydrocotyline,Kaempferol,Asiatic acid,Asiaticoside,0.241,4.759,1.6508,3.3789,0.126,"Ernakulam, Kerala",10.3654,76.5497,52.0,2013,1,HPLC,24.2,1624.2,4.66,127.6,30.2,215.3,24209179,2011
1297,Centella asiatica,Gotu Kola,Apiaceae,Hydrocotyline,Kaempferol,Asiatic acid,Centelloside,0.2938,6.3685,1.6333,2.4435,0.453,"Ernakulam, Kerala",9.7428,76.3284,38.8,2005,9,HPLC-MS,28.9,3464.0,6.09,132.0,26.9,221.0,24360149,2005
1298,Centella asiatica,Gotu Kola,Apiaceae,Hydrocotyline,Quercetin,Asiatic acid,Madecassoside,0.3626,5.63,1.8528,2.4107,0.494,"Ernakulam, Kerala",9.6003,76.3978,125.9,2023,8,HPLC-MS,31.3,3502.7,5.57,135.0,28.3,221.8,24226103,2023
1299,Centella asiatica,Gotu Kola,Apiaceae,Hydrocotyline,Kaempferol,Madecassic acid,Madecassoside,0.3643,4.6185,1.3909,3.2724,0.332,"Ernakulam, Kerala",9.8802,76.7805,47.1,2015,3,UV-Vis Spectroscopy,23.9,1828.0,5.35,142.0,28.2,203.2,24169177,2014
1300,Centella asiatica,Gotu Kola,Apiaceae,Hydrocotyline,Castilliferol,Madecassic acid,Madecassoside,0.3082,4.4067,1.4873,2.8062,0.152,"Ernakulam, Kerala",10.3433,76.3513,95.4,2011,11,UV-Vis Spectroscopy,25.3,1662.0,5.47,123.3,31.3,211.7,24358637,2010
1301,Centella asiatica,Gotu Kola,Apiaceae,Hydrocotyline,Castilliferol,Madecassic acid,Madecassoside,0.2907,5.9122,1.7327,2.215,0.464,"Ernakulam, Kerala",10.12,76.5627,136.4,2009,6,UV-Vis Spectroscopy,31.6,3083.4,5.48,133.8,38.9,197.8,24545134,2007
1302,Centella asiatica,Gotu Kola,Apiaceae,Hydrocotyline,Castilliferol,Madecassic acid,Centelloside,0.3696,6.4491,1.7725,2.842,0.463,"Ernakulam, Kerala",9.9619,75.9048,114.5,2018,11,GC-MS,21.8,2206.0,5.48,129.9,27.1,215.9,24484001,2018
1303,Centella asiatica,Gotu Kola,Apiaceae,Hydrocotyline,Kaempferol,Asiatic acid,Asiaticoside,0.2245,5.5263,1.2693,2.6865,0.27,"Ernakulam, Kerala",10.0724,75.8325,173.1,2016,2,HPLC-MS,22.8,1884.7,5.67,132.4,25.3,200.2,24126896,2015
1304,Centella asiatica,Gotu Kola,Apiaceae,Hydrocotyline,Castilliferol,Madecassic acid,Madecassoside,0.2919,6.103,2.3403,2.7939,0.101,"Ernakulam, Kerala",10.3404,75.8239,152.4,2005,7,HPLC-MS,33.4,4000.0,5.18,147.0,26.5,226.7,24310554,2005
1305,Centella asiatica,Gotu Kola,Apiaceae,Hydrocotyline,Quercetin,Asiatic acid,Madecassoside,0.3622,6.2011,2.2157,2.7493,0.232,"Ernakulam, Kerala",9.9776,75.6532,139.6,2006,6,HPLC,31.9,3964.6,5.21,120.7,26.5,258.6,24293400,2005
1306,Centella asiatica,Gotu Kola,Apiaceae,Hydrocotyline,Castilliferol,Asiatic acid,Centelloside,0.395,6.5308,2.3893,2.6261,0.297,"Ernakulam, Kerala",9.9284,76.2885,71.3,2014,7,HPLC-MS,32.7,3758.3,5.48,116.0,29.5,253.6,24531913,2014
1307,Centella asiatica,Gotu Kola,Apiaceae,Hydrocotyline,Kaempferol,Asiatic acid,Asiaticoside,0.4157,6.1511,2.1299,2.6052,0.458,"Ernakulam, Kerala",9.6473,76.271,175.0,2013,6,HPLC-MS,29.5,3748.5,5.4,115.5,29.6,208.9,24068978,2011
1308,Centella asiatica,Gotu Kola,Apiaceae,Hydrocotyline,Quercetin,Asiatic acid,Asiaticoside,0.3387,6.7702,2.1392,2.6884,0.371,"Ernakulam, Kerala",10.1911,75.889,74.7,2013,7,HPLC,32.3,3460.9,5.59,125.9,32.5,192.3,24508760,2013
1309,Centella asiatica,Gotu Kola,Apiaceae,Hydrocotyline,Quercetin,Madecassic acid,Asiaticoside,0.3797,6.6858,2.0823,2.993,0.246,"Ernakulam, Kerala",10.2552,76.0909,105.4,2023,6,HPLC,30.0,4000.0,5.83,154.9,28.1,222.0,24094146,2023
1310,Centella asiatica,Gotu Kola,Apiaceae,Hydrocotyline,Kaempferol,Asiatic acid,Madecassoside,0.2446,5.3619,1.503,3.5814,0.402,"Ernakulam, Kerala",9.4896,76.504,129.7,2010,4,GC-MS,29.1,3068.5,5.17,134.3,28.9,219.6,24443095,2009
1311,Centella asiatica,Gotu Kola,Apiaceae,Hydrocotyline,Quercetin,Asiatic acid,Asiaticoside,0.2553,7.1097,1.5252,2.5849,0.329,"Ernakulam, Kerala",10.5391,76.2251,178.0,2018,10,HPLC,26.8,2691.3,5.73,154.1,32.1,245.2,24100769,2018
1312,Centella asiatica,Gotu Kola,Apiaceae,Hydrocotyline,Kaempferol,Madecassic acid,Madecassoside,0.3039,6.3825,2.2257,2.0304,0.44,"Ernakulam, Kerala",9.8515,75.7304,181.7,2009,7,HPTLC,31.0,4000.0,5.86,138.0,32.6,267.2,24294606,2008
1313,Centella asiatica,Gotu Kola,Apiaceae,Hydrocotyline,Castilliferol,Asiatic acid,Centelloside,0.3415,6.7242,2.2289,2.6859,0.432,"Ernakulam, Kerala",9.7544,75.9704,153.7,2016,7,GC-MS,32.0,3954.7,5.46,135.7,27.4,196.7,24324459,2015
1314,Centella asiatica,Gotu Kola,Apiaceae,Hydrocotyline,Castilliferol,Asiatic acid,Centelloside,0.3163,4.7241,1.3653,3.0692,0.3,"Ernakulam, Kerala",10.3667,76.0444,56.9,2013,11,GC-MS,25.1,1873.1,5.77,113.8,27.1,239.3,24527919,2011
1315,Centella asiatica,Gotu Kola,Apiaceae,Hydrocotyline,Castilliferol,Asiatic acid,Asiaticoside,0.3596,5.6925,1.8621,2.5932,0.386,"Jorhat, Assam",27.2029,94.1211,91.8,2013,5,UV-Vis Spectroscopy,25.2,2583.8,4.99,135.5,25.7,197.2,22920158,2011
1316,Centella asiatica,Gotu Kola,Apiaceae,Hydrocotyline,Castilliferol,Madecassic acid,Asiaticoside,0.3739,4.925,1.7851,2.783,0.204,"Jorhat, Assam",26.4422,94.0967,102.4,2005,10,GC-MS,22.1,2116.9,4.76,117.0,33.1,236.8,23352494,2005
1317,Centella asiatica,Gotu Kola,Apiaceae,Hydrocotyline,Castilliferol,Madecassic acid,Centelloside,0.3102,5.2648,1.5394,3.2748,0.423,"Jorhat, Assam",26.5692,94.1769,46.6,2023,12,GC-MS,17.4,1373.4,5.23,103.9,31.9,208.6,22951202,2021
1318,Centella asiatica,Gotu Kola,Apiaceae,Hydrocotyline,Quercetin,Madecassic acid,Centelloside,0.3384,4.9119,1.7984,2.4007,0.283,"Jorhat, Assam",27.3235,93.8802,126.4,2006,6,GC-MS,29.6,3123.9,5.2,132.3,35.6,197.2,23379390,2005
1319,Centella asiatica,Gotu Kola,Apiaceae,Hydrocotyline,Kaempferol,Asiatic acid,Centelloside,0.312,4.6309,1.4626,2.8626,0.253,"Jorhat, Assam",26.9002,93.9512,18.4,2020,11,HPLC-MS,21.3,1692.4,4.47,110.8,32.1,205.9,23385278,2020
1320,Centella asiatica,Gotu Kola,Apiaceae,Hydrocotyline,Kaempferol,Madecassic acid,Centelloside,0.293,4.1886,1.2315,2.4416,0.464,"Jorhat, Assam",26.5125,93.7984,68.6,2011,1,HPLC-MS,16.2,1407.8,5.11,84.5,29.8,188.7,23344905,2011
1321,Centella asiatica,Gotu Kola,Apiaceae,Hydrocotyline,Quercetin,Madecassic acid,Asiaticoside,0.2581,5.3372,1.3654,3.2192,0.228,"Jorhat, Assam",26.7167,94.1598,129.1,2016,11,GC-MS,17.7,1538.3,4.73,115.0,26.4,190.6,23263687,2014
1322,Centella asiatica,Gotu Kola,Apiaceae,Hydrocotyline,Castilliferol,Asiatic acid,Asiaticoside,0.3282,6.2775,1.8613,2.1717,0.242,"Jorhat, Assam",26.7019,94.1281,97.5,2017,6,HPLC,28.9,2597.6,5.08,105.1,20.1,226.1,22988109,2016
1323,Centella asiatica,Gotu Kola,Apiaceae,Hydrocotyline,Castilliferol,Madecassic acid,Madecassoside,0.4267,4.3951,1.915,2.1414,0.267,"Jorhat, Assam",26.4918,94.0404,171.7,2012,6,HPLC,27.2,2593.0,4.62,129.8,29.0,206.1,23253461,2010
1324,Centella asiatica,Gotu Kola,Apiaceae,Hydrocotyline,Castilliferol,Madecassic acid,Centelloside,0.3294,6.1344,1.5763,2.6241,0.457,"Jorhat, Assam",26.9063,94.0541,47.4,2019,6,HPLC,26.2,2517.7,5.16,97.8,34.2,229.8,23003776,2017
1325,Centella asiatica,Gotu Kola,Apiaceae,Hydrocotyline,Kaempferol,Asiatic acid,Madecassoside,0.3245,6.9668,2.2667,2.6457,0.158,"Jorhat, Assam",26.5295,94.3649,119.6,2021,8,HPLC,27.0,3199.2,5.05,83.2,20.6,239.6,23029519,2019
1326,Centella asiatica,Gotu Kola,Apiaceae,Hydrocotyline,Quercetin,Madecassic acid,Asiaticoside,0.2869,7.6421,1.2716,3.2898,0.141,"Jorhat, Assam",26.2667,93.979,97.9,2023,11,HPLC,19.2,1458.5,5.13,71.6,31.8,189.8,22947427,2022
1327,Centella asiatica,Gotu Kola,Apiaceae,Hydrocotyline,Quercetin,Madecassic acid,Centelloside,0.2266,4.5817,1.3096,2.6124,0.346,"Jorhat, Assam",26.6371,93.7767,75.9,2009,2,HPLC,19.7,1066.6,4.53,114.4,21.2,223.4,23002070,2009
1328,Centella asiatica,Gotu Kola,Apiaceae,Hydrocotyline,Quercetin,Asiatic acid,Asiaticoside,0.4266,6.0349,1.9249,2.1552,0.375,"Jorhat, Assam",26.8925,94.1334,162.8,2023,5,UV-Vis Spectroscopy,22.6,2505.7,4.93,101.2,33.7,221.8,23362741,2021
1329,Centella asiatica,Gotu Kola,Apiaceae,Hydrocotyline,Kaempferol,Madecassic acid,Centelloside,0.2554,4.7615,1.6058,2.6129,0.155,"Jorhat, Assam",26.5745,93.6647,58.8,2011,10,GC-MS,25.2,1678.4,5.29,109.0,28.0,246.4,23342681,2010
1330,Centella asiatica,Gotu Kola,Apiaceae,Hydrocotyline,Quercetin,Asiatic acid,Asiaticoside,0.2997,4.7625,1.7,2.9945,0.489,"Jorhat, Assam",27.0767,93.9192,77.3,2015,11,GC-MS,20.4,1477.1,5.01,99.8,19.1,185.1,22981789,2014
1331,Centella asiatica,Gotu Kola,Apiaceae,Hydrocotyline,Kaempferol,Asiatic acid,Centelloside,0.3225,6.053,1.4816,2.2279,0.377,"Jorhat, Assam",27.1485,94.3042,64.7,2009,6,HPLC-MS,27.5,2632.3,4.8,112.4,25.3,231.3,23193734,2008
1332,Centella asiatica,Gotu Kola,Apiaceae,Hydrocotyline,Kaempferol,Madecassic acid,Centelloside,0.2004,2.8158,1.3833,3.6126,0.14,"Jorhat, Assam",26.3003,94.1813,209.1,2019,2,HPLC,18.9,1583.0,5.35,113.2,25.5,223.1,23047728,2018
1333,Centella asiatica,Gotu Kola,Apiaceae,Hydrocotyline,Castilliferol,Madecassic acid,Asiaticoside,0.3158,3.6535,1.4218,2.9123,0.456,"Jorhat, Assam",27.2499,94.5435,100.9,2023,2,UV-Vis Spectroscopy,21.0,1032.3,4.76,121.1,12.6,230.9,22977907,2023
1334,Centella asiatica,Gotu Kola,Apiaceae,Hydrocotyline,Castilliferol,Madecassic acid,Madecassoside,0.3008,3.7755,1.3832,2.6942,0.12,"Jorhat, Assam",27.1804,94.2348,104.6,2023,2,GC-MS,18.7,1517.2,4.75,88.8,20.1,231.4,23103447,2023
1335,Centella asiatica,Gotu Kola,Apiaceae,Hydrocotyline,Castilliferol,Madecassic acid,Madecassoside,0.3551,5.0277,1.9029,1.9387,0.441,"Bhubaneswar, Odisha",20.0491,86.0554,10.0,2014,7,HPLC,30.8,2043.1,6.01,97.9,15.2,191.0,26856480,2014
1336,Centella asiatica,Gotu Kola,Apiaceae,Hydrocotyline,Kaempferol,Asiatic acid,Madecassoside,0.3876,4.9416,2.2309,2.0392,0.275,"Bhubaneswar, Odisha",20.0263,85.6445,10.0,2008,5,GC-MS,28.3,1497.2,6.34,104.6,18.3,136.0,27145150,2007
1337,Centella asiatica,Gotu Kola,Apiaceae,Hydrocotyline,Kaempferol,Asiatic acid,Madecassoside,0.28,7.1344,1.5554,3.0555,0.455,"Bhubaneswar, Odisha",20.1601,85.9978,10.4,2008,7,HPLC,30.9,1818.3,6.62,91.2,15.0,198.8,27126971,2006
1338,Centella asiatica,Gotu Kola,Apiaceae,Hydrocotyline,Castilliferol,Asiatic acid,Asiaticoside,0.3388,5.6807,2.2291,2.5427,0.325,"Bhubaneswar, Odisha",20.5281,85.3076,43.2,2011,5,HPTLC,27.0,2095.7,6.0,92.4,33.2,194.1,26902023,2010
1339,Centella asiatica,Gotu Kola,Apiaceae,Hydrocotyline,Quercetin,Asiatic acid,Centelloside,0.2382,5.256,1.7319,2.6838,0.339,"Bhubaneswar, Odisha",20.3909,86.1023,10.0,2010,11,HPLC,26.5,1382.4,5.79,74.6,18.4,165.6,27112609,2010
1340,Centella asiatica,Gotu Kola,Apiaceae,Hydrocotyline,Kaempferol,Asiatic acid,Asiaticoside,0.3797,4.7974,1.303,2.0185,0.261,"Bhubaneswar, Odisha",19.888,85.8125,20.2,2008,4,UV-Vis Spectroscopy,23.6,1468.9,6.39,92.2,16.9,163.4,27090880,2006
1341,Centella asiatica,Gotu Kola,Apiaceae,Hydrocotyline,Quercetin,Asiatic acid,Madecassoside,0.3532,5.5135,1.512,2.7893,0.287,"Bhubaneswar, Odisha",20.2002,86.174,108.1,2009,9,HPTLC,28.2,1589.7,5.8,97.1,15.0,129.2,26687215,2008
1342,Centella asiatica,Gotu Kola,Apiaceae,Hydrocotyline,Castilliferol,Madecassic acid,Centelloside,0.4292,4.8371,1.6337,2.36,0.418,"Bhubaneswar, Odisha",20.0661,85.8586,64.8,2011,5,HPLC,29.2,1583.2,5.86,85.2,13.9,162.6,26785303,2009
1343,Centella asiatica,Gotu Kola,Apiaceae,Hydrocotyline,Quercetin,Madecassic acid,Asiaticoside,0.3852,6.2996,1.6327,2.2576,0.408,"Bhubaneswar, Odisha",19.8474,85.8556,10.0,2005,6,HPLC-MS,28.1,2149.3,6.09,103.1,15.2,198.8,27111738,2005
1344,Centella asiatica,Gotu Kola,Apiaceae,Hydrocotyline,Kaempferol,Madecassic acid,Asiaticoside,0.3212,5.2416,1.6478,2.2723,0.184,"Bhubaneswar, Odisha",19.979,85.9165,63.1,2006,5,HPLC-MS,26.8,1318.8,6.07,109.4,15.3,176.2,27052006,2005
1345,Centella asiatica,Gotu Kola,Apiaceae,Hydrocotyline,Quercetin,Asiatic acid,Asiaticoside,0.3534,6.3025,1.5617,1.9131,0.153,"Bhubaneswar, Odisha",20.3669,85.9696,51.3,2012,6,HPTLC,31.7,2024.9,6.12,98.7,26.8,198.4,26988869,2010
1346,Centella asiatica,Gotu Kola,Apiaceae,Hydrocotyline,Quercetin,Asiatic acid,Centelloside,0.3182,4.4279,1.281,3.1273,0.469,"Bhubaneswar, Odisha",20.4838,86.1428,71.7,2011,1,GC-MS,22.4,902.0,6.25,101.1,11.0,181.8,26724198,2010
1347,Centella asiatica,Gotu Kola,Apiaceae,Hydrocotyline,Castilliferol,Asiatic acid,Madecassoside,0.1866,5.8169,1.8963,2.8957,0.19,"Bhubaneswar, Odisha",20.5371,85.7957,85.2,2022,11,HPTLC,24.9,1249.3,6.15,73.7,18.4,190.6,26734908,2021
1348,Centella asiatica,Gotu Kola,Apiaceae,Hydrocotyline,Kaempferol,Madecassic acid,Centelloside,0.218,5.2416,1.7361,3.1521,0.364,"Bhubaneswar, Odisha",20.2311,85.7287,10.0,2013,11,HPTLC,20.6,1156.7,5.76,90.3,28.3,182.3,26906993,2011
1349,Centella asiatica,Gotu Kola,Apiaceae,Hydrocotyline,Castilliferol,Asiatic acid,Madecassoside,0.3814,4.962,1.6307,2.6694,0.126,"Bhubaneswar, Odisha",20.2414,85.4254,24.8,2012,6,HPLC,32.5,1807.9,5.54,101.3,24.7,170.7,27076069,2011
1350,Centella asiatica,Gotu Kola,Apiaceae,Hydrocotyline,Castilliferol,Madecassic acid,Madecassoside,0.3644,5.2762,2.0582,2.3618,0.345,"Bhubaneswar, Odisha",20.0535,85.7586,30.9,2021,5,HPLC,31.2,1744.1,5.58,110.9,32.3,184.5,26963816,2020
1351,Centella asiatica,Gotu Kola,Apiaceae,Hydrocotyline,Quercetin,Madecassic acid,Asiaticoside,0.3409,7.3902,2.0546,2.9921,0.214,"Bhubaneswar, Odisha",20.4486,85.6181,10.0,2010,8,UV-Vis Spectroscopy,31.1,1855.5,5.86,85.2,21.4,189.1,27030468,2009
1352,Centella asiatica,Gotu Kola,Apiaceae,Hydrocotyline,Kaempferol,Asiatic acid,Madecassoside,0.2791,4.955,1.4755,2.4065,0.4,"Bhubaneswar, Odisha",20.0049,85.7529,114.1,2010,2,HPLC,20.7,979.3,5.84,94.5,18.8,188.4,26775212,2009
1353,Centella asiatica,Gotu Kola,Apiaceae,Hydrocotyline,Quercetin,Asiatic acid,Asiaticoside,0.2915,6.3088,1.7962,2.7529,0.332,"Bhubaneswar, Odisha",20.3698,85.4566,35.5,2022,10,GC-MS,25.5,1309.0,6.03,86.9,29.1,217.7,26995107,2022
1354,Centella asiatica,Gotu Kola,Apiaceae,Hydrocotyline,Castilliferol,Asiatic acid,Centelloside,0.3194,5.2726,0.7022,3.092,0.207,"Bhubaneswar, Odisha",20.1257,85.6413,91.1,2016,12,GC-MS,20.4,908.4,5.99,88.0,26.1,194.9,26699844,2014
1355,Centella asiatica,Gotu Kola,Apiaceae,Hydrocotyline,Quercetin,Asiatic acid,Madecassoside,0.3233,6.9844,2.3709,2.5311,0.361,"Shillong, Meghalaya",25.7139,91.8861,1358.0,2021,9,GC-MS,24.4,2719.3,5.73,142.8,15.7,206.9,30531513,2021
1356,Centella asiatica,Gotu Kola,Apiaceae,Hydrocotyline,Quercetin,Madecassic acid,Madecassoside,0.3329,5.7008,1.8374,2.389,0.13,"Shillong, Meghalaya",25.3274,91.7785,1472.2,2022,6,HPLC,23.3,2919.6,5.24,113.2,14.4,222.3,30339956,2020
1357,Centella asiatica,Gotu Kola,Apiaceae,Hydrocotyline,Kaempferol,Madecassic acid,Asiaticoside,0.3628,6.1651,2.1313,1.7131,0.142,"Shillong, Meghalaya",25.9519,91.9122,1435.5,2021,6,HPLC,21.9,2887.0,5.26,123.4,15.2,193.4,30286554,2019
1358,Centella asiatica,Gotu Kola,Apiaceae,Hydrocotyline,Quercetin,Madecassic acid,Madecassoside,0.3723,5.7713,1.8625,2.1785,0.407,"Shillong, Meghalaya",25.7601,91.8535,1522.1,2006,5,HPLC-MS,25.3,2703.2,5.71,122.3,25.4,200.2,30279386,2006
1359,Centella asiatica,Gotu Kola,Apiaceae,Hydrocotyline,Kaempferol,Madecassic acid,Madecassoside,0.3714,7.0903,2.2721,2.8223,0.266,"Shillong, Meghalaya",26.1261,92.4688,1578.4,2016,8,HPLC-MS,24.3,3473.9,5.54,107.8,16.9,166.2,30394089,2014
1360,Centella asiatica,Gotu Kola,Apiaceae,Hydrocotyline,Quercetin,Asiatic acid,Madecassoside,0.2983,5.1563,1.4059,3.0997,0.239,"Shillong, Meghalaya",25.2108,91.9681,1094.6,2023,3,HPLC-MS,16.8,1979.8,5.71,112.4,21.3,212.3,30533456,2022
1361,Centella asiatica,Gotu Kola,Apiaceae,Hydrocotyline,Castilliferol,Madecassic acid,Centelloside,0.3145,5.1396,1.5673,2.0979,0.234,"Shillong, Meghalaya",26.31,91.5252,1718.2,2007,4,HPLC-MS,20.0,2219.2,5.61,113.1,27.1,179.6,30472072,2007
1362,Centella asiatica,Gotu Kola,Apiaceae,Hydrocotyline,Quercetin,Madecassic acid,Asiaticoside,0.3041,4.8536,1.2667,2.6012,0.252,"Shillong, Meghalaya",25.2459,92.2799,1759.2,2017,4,GC-MS,19.6,1996.6,5.75,123.1,14.1,208.6,30466318,2016
1363,Centella asiatica,Gotu Kola,Apiaceae,Hydrocotyline,Castilliferol,Madecassic acid,Centelloside,0.318,6.7486,1.9145,2.4703,0.143,"Shillong, Meghalaya",25.689,92.0711,1505.4,2009,8,HPLC-MS,23.3,2602.8,5.69,114.1,24.4,184.3,30621596,2007
1364,Centella asiatica,Gotu Kola,Apiaceae,Hydrocotyline,Quercetin,Madecassic acid,Centelloside,0.3341,3.1552,1.4178,2.6436,0.26,"Shillong, Meghalaya",25.3508,91.7476,1732.4,2008,2,UV-Vis Spectroscopy,14.7,1129.6,5.35,118.4,21.8,200.8,30372571,2006
1365,Centella asiatica,Gotu Kola,Apiaceae,Hydrocotyline,Quercetin,Madecassic acid,Asiaticoside,0.3059,5.4983,2.356,2.985,0.201,"Shillong, Meghalaya",25.0937,91.8833,1980.5,2019,8,HPLC,23.7,2785.1,5.54,123.3,18.6,172.8,30508331,2019
1366,Centella asiatica,Gotu Kola,Apiaceae,Hydrocotyline,Castilliferol,Asiatic acid,Asiaticoside,0.3402,5.1502,1.3376,2.166,0.411,"Shillong, Meghalaya",25.8237,91.9415,1577.5,2005,12,HPLC-MS,14.7,1450.5,5.84,116.6,25.4,215.0,30292429,2005
1367,Centella asiatica,Gotu Kola,Apiaceae,Hydrocotyline,Castilliferol,Madecassic acid,Madecassoside,0.2797,5.4031,1.6433,2.7332,0.228,"Shillong, Meghalaya",25.3682,92.3601,1530.1,2015,12,UV-Vis Spectroscopy,17.5,1454.1,5.0,117.0,19.4,190.4,30658807,2015
1368,Centella asiatica,Gotu Kola,Apiaceae,Hydrocotyline,Quercetin,Madecassic acid,Madecassoside,0.378,4.9297,2.2903,2.5413,0.372,"Shillong, Meghalaya",25.7405,91.8814,1506.4,2023,6,GC-MS,24.7,3038.5,5.84,119.5,41.0,173.2,30335736,2023
1369,Centella asiatica,Gotu Kola,Apiaceae,Hydrocotyline,Quercetin,Asiatic acid,Centelloside,0.2861,5.4755,1.7662,2.9868,0.144,"Shillong, Meghalaya",25.4396,91.5803,1701.9,2014,12,HPLC,11.6,896.5,5.5,93.4,26.5,153.1,30388781,2012
1370,Centella asiatica,Gotu Kola,Apiaceae,Hydrocotyline,Castilliferol,Madecassic acid,Centelloside,0.2823,5.1329,1.4071,3.1521,0.283,"Shillong, Meghalaya",25.5892,91.7076,1668.2,2020,2,GC-MS,15.2,1422.7,5.28,125.2,18.1,191.6,30463637,2019
1371,Centella asiatica,Gotu Kola,Apiaceae,Hydrocotyline,Castilliferol,Asiatic acid,Asiaticoside,0.2977,6.1263,2.4215,2.1916,0.144,"Shillong, Meghalaya",25.6149,91.7919,1612.2,2009,7,HPLC,25.5,3081.5,6.07,105.0,15.4,207.1,30540434,2009
1372,Centella asiatica,Gotu Kola,Apiaceae,Hydrocotyline,Quercetin,Madecassic acid,Asiaticoside,0.3513,5.2761,2.0898,2.0867,0.465,"Shillong, Meghalaya",25.1793,92.218,1128.3,2021,5,GC-MS,22.7,2520.8,5.86,144.6,24.1,201.6,30465158,2021
1373,Centella asiatica,Gotu Kola,Apiaceae,Hydrocotyline,Castilliferol,Madecassic acid,Centelloside,0.2981,4.5641,1.6531,3.0444,0.478,"Shillong, Meghalaya",26.0802,91.5096,1068.5,2020,12,HPLC,13.0,1658.5,5.86,102.3,27.7,196.1,30720760,2020
1374,Centella asiatica,Gotu Kola,Apiaceae,Hydrocotyline,Quercetin,Asiatic acid,Centelloside,0.3213,5.3182,1.5183,3.2484,0.322,"Shillong, Meghalaya",25.3512,91.6478,1379.2,2012,11,HPLC-MS,19.1,1513.9,5.59,96.7,26.2,192.8,30675295,2010
1375,Cassia angustifolia,Senna,Fabaceae,Chrysophanol,Kaempferol,Aloe-emodin,Rhein glucoside,0.3267,1.9767,0.2903,3.5328,0.126,"Jodhpur, Rajasthan",26.3102,73.6141,303.0,2007,1,HPTLC,25.4,223.8,8.24,61.7,9.5,161.0,29527704,2007
1376,Cassia angustifolia,Senna,Fabaceae,Chrysophanol,Isorhamnetin,Aloe-emodin,Rhein glucoside,0.4471,3.2217,0.5987,3.027,0.445,"Jodhpur, Rajasthan",26.3177,73.3843,381.3,2022,5,HPLC,30.2,436.5,8.32,44.2,16.7,122.3,29720585,2020
1377,Cassia angustifolia,Senna,Fabaceae,Chrysophanol,Isorhamnetin,Aloe-emodin,Rhein glucoside,0.4727,3.0487,0.7414,3.9715,0.463,"Jodhpur, Rajasthan",26.9713,73.6921,355.8,2010,8,UV-Vis Spectroscopy,32.1,518.5,8.09,53.4,20.8,130.9,29347465,2008
1378,Cassia angustifolia,Senna,Fabaceae,Chrysophanol,Kaempferol,Aloe-emodin,Sennoside A,0.2695,2.7625,0.4617,4.3461,0.472,"Jodhpur, Rajasthan",26.9611,74.0778,386.3,2014,11,HPLC,26.8,301.3,8.17,50.9,16.5,134.9,29760215,2012
1379,Cassia angustifolia,Senna,Fabaceae,Chrysophanol,Kaempferol,Aloe-emodin,Sennoside B,0.3971,2.2018,0.6509,3.4812,0.383,"Jodhpur, Rajasthan",26.236,73.5585,422.0,2009,5,GC-MS,28.1,436.3,7.92,73.0,19.9,171.8,29332609,2008
1380,Cassia angustifolia,Senna,Fabaceae,Chrysophanol,Kaempferol,Aloe-emodin,Rhein glucoside,0.3903,2.3982,0.508,4.4787,0.354,"Jodhpur, Rajasthan",26.6592,73.3562,391.9,2022,12,HPLC-MS,22.4,232.7,7.65,64.1,20.4,167.7,29303914,2021
1381,Cassia angustifolia,Senna,Fabaceae,Chrysophanol,Isorhamnetin,Aloe-emodin,Sennoside A,0.4011,2.7113,0.4743,3.4769,0.242,"Jodhpur, Rajasthan",26.3338,73.6367,472.8,2005,5,HPLC,30.0,458.5,7.67,43.6,6.3,127.2,29563462,2005
1382,Cassia angustifolia,Senna,Fabaceae,Chrysophanol,Isorhamnetin,Aloe-emodin,Rhein glucoside,0.3162,3.6791,0.6543,4.3578,0.199,"Jodhpur, Rajasthan",26.5721,73.6328,336.4,2006,9,HPLC,31.8,496.9,7.89,58.5,9.8,124.9,29780342,2005
1383,Cassia angustifolia,Senna,Fabaceae,Chrysophanol,Isorhamnetin,Aloe-emodin,Rhein glucoside,0.4599,2.2622,0.4763,3.2356,0.319,"Jodhpur, Rajasthan",26.6497,73.2145,435.2,2011,4,UV-Vis Spectroscopy,24.4,347.6,7.84,74.8,19.2,139.7,29708525,2011
1384,Cassia angustifolia,Senna,Fabaceae,Chrysophanol,Isorhamnetin,Aloe-emodin,Sennoside A,0.4161,3.5273,0.5981,4.2302,0.445,"Jodhpur, Rajasthan",26.6531,73.5767,202.3,2019,7,GC-MS,34.4,501.2,8.36,51.0,18.0,123.9,29519416,2018
1385,Cassia angustifolia,Senna,Fabaceae,Chrysophanol,Isorhamnetin,Aloe-emodin,Sennoside A,0.4135,2.7195,0.5518,4.6292,0.159,"Jodhpur, Rajasthan",26.0341,73.1626,444.0,2010,9,UV-Vis Spectroscopy,31.2,364.3,7.75,84.6,9.3,175.0,29493052,2009
1386,Cassia angustifolia,Senna,Fabaceae,Chrysophanol,Kaempferol,Aloe-emodin,Sennoside A,0.2887,2.5671,0.3979,4.769,0.469,"Jodhpur, Rajasthan",26.7247,73.1532,329.9,2006,12,UV-Vis Spectroscopy,20.9,287.7,8.04,51.6,16.7,139.5,29721426,2005
1387,Cassia angustifolia,Senna,Fabaceae,Chrysophanol,Isorhamnetin,Aloe-emodin,Sennoside B,0.398,2.5055,0.3834,3.9414,0.302,"Jodhpur, Rajasthan",26.6679,73.4161,280.0,2007,12,HPLC,24.6,284.3,8.16,49.0,17.9,164.8,29392172,2006
1388,Cassia angustifolia,Senna,Fabaceae,Chrysophanol,Isorhamnetin,Aloe-emodin,Sennoside A,0.5054,3.6137,0.6407,3.91,0.222,"Jodhpur, Rajasthan",26.1149,73.6381,430.0,2021,8,UV-Vis Spectroscopy,31.3,499.1,7.45,76.1,13.5,137.7,29691735,2020
1389,Cassia angustifolia,Senna,Fabaceae,Chrysophanol,Isorhamnetin,Aloe-emodin,Rhein glucoside,0.3689,2.3797,0.3793,4.0864,0.46,"Jodhpur, Rajasthan",26.7011,73.6647,430.0,2008,1,HPLC-MS,21.4,204.5,8.4,59.9,16.9,175.2,29425892,2007
1390,Cassia angustifolia,Senna,Fabaceae,Chrysophanol,Kaempferol,Aloe-emodin,Rhein glucoside,0.3975,1.9027,0.3551,4.3095,0.258,"Jodhpur, Rajasthan",26.6811,72.6044,369.0,2019,2,HPLC,24.1,321.3,8.0,72.8,18.2,138.2,29613083,2018
1391,Cassia angustifolia,Senna,Fabaceae,Chrysophanol,Isorhamnetin,Aloe-emodin,Sennoside A,0.3463,2.4258,0.3797,3.576,0.22,"Jodhpur, Rajasthan",26.5693,73.1829,424.5,2005,3,UV-Vis Spectroscopy,27.3,288.9,7.66,59.1,19.9,127.3,29344990,2005
1392,Cassia angustifolia,Senna,Fabaceae,Chrysophanol,Kaempferol,Aloe-emodin,Rhein glucoside,0.4292,3.0261,0.4357,4.2776,0.35,"Jodhpur, Rajasthan",26.966,73.3926,248.9,2017,12,HPLC,22.6,238.2,8.06,72.1,8.3,168.6,29732678,2016
1393,Cassia angustifolia,Senna,Fabaceae,Chrysophanol,Kaempferol,Aloe-emodin,Sennoside B,0.4367,2.8246,0.4749,3.2326,0.119,"Jodhpur, Rajasthan",26.693,73.9721,354.8,2008,5,HPLC-MS,28.8,456.5,7.61,55.0,15.0,154.7,29671593,2007
1394,Cassia angustifolia,Senna,Fabaceae,Chrysophanol,Isorhamnetin,Aloe-emodin,Sennoside B,0.3649,2.7243,0.641,4.0117,0.405,"Jodhpur, Rajasthan",26.2813,73.3322,236.9,2018,12,HPLC,25.0,165.6,7.29,70.0,12.9,194.1,29430577,2018
1395,Cassia angustifolia,Senna,Fabaceae,Chrysophanol,Kaempferol,Aloe-emodin,Rhein glucoside,0.4331,2.2108,0.6097,3.4447,0.104,"Bhopal, Madhya Pradesh",23.0799,77.8788,509.4,2022,4,GC-MS,22.5,1237.3,6.89,91.8,11.8,154.3,25797917,2021
1396,Cassia angustifolia,Senna,Fabaceae,Chrysophanol,Kaempferol,Aloe-emodin,Sennoside A,0.4495,3.6168,0.6483,3.3279,0.422,"Bhopal, Madhya Pradesh",23.972,78.2175,444.7,2016,7,HPLC,28.5,1515.3,6.82,94.0,22.9,160.0,25574047,2016
1397,Cassia angustifolia,Senna,Fabaceae,Chrysophanol,Kaempferol,Aloe-emodin,Sennoside A,0.4735,4.2397,0.6839,3.2181,0.168,"Bhopal, Madhya Pradesh",23.7346,78.4366,551.8,2014,6,HPLC,28.8,1361.0,6.53,93.9,21.2,210.5,25842731,2012
1398,Cassia angustifolia,Senna,Fabaceae,Chrysophanol,Kaempferol,Aloe-emodin,Rhein glucoside,0.3744,3.6267,0.6341,3.488,0.341,"Bhopal, Madhya Pradesh",23.4925,77.9363,415.9,2014,7,HPLC,27.8,1391.0,6.28,74.4,14.1,207.7,25712229,2014
1399,Cassia angustifolia,Senna,Fabaceae,Chrysophanol,Kaempferol,Aloe-emodin,Sennoside A,0.391,2.8968,0.4646,4.0543,0.178,"Bhopal, Madhya Pradesh",23.5068,78.0702,498.7,2016,12,GC-MS,21.0,667.3,6.56,110.4,14.3,172.9,25551032,2015
1400,Cassia angustifolia,Senna,Fabaceae,Chrysophanol,Isorhamnetin,Aloe-emodin,Sennoside A,0.3268,3.5341,0.5569,4.0734,0.418,"Bhopal, Madhya Pradesh",23.1392,78.5132,400.1,2009,10,GC-MS,25.0,1139.1,6.78,89.3,25.7,187.5,25845688,2008
1401,Cassia angustifolia,Senna,Fabaceae,Chrysophanol,Kaempferol,Aloe-emodin,Sennoside B,0.4081,3.1195,0.4734,4.1175,0.227,"Bhopal, Madhya Pradesh",23.3105,77.7724,413.2,2019,4,HPLC-MS,23.2,1055.3,6.92,78.0,22.9,195.7,25725945,2017
1402,Cassia angustifolia,Senna,Fabaceae,Chrysophanol,Kaempferol,Aloe-emodin,Rhein glucoside,0.3898,3.2161,0.589,4.1089,0.372,"Bhopal, Madhya Pradesh",23.3828,78.2346,541.4,2014,7,HPLC-MS,29.8,1547.9,6.89,90.2,19.8,169.6,25802232,2012
1403,Cassia angustifolia,Senna,Fabaceae,Chrysophanol,Kaempferol,Aloe-emodin,Sennoside B,0.5466,2.7707,0.58,4.2768,0.176,"Bhopal, Madhya Pradesh",23.6048,78.1435,392.0,2007,5,HPLC,28.1,1433.8,6.64,94.7,22.6,159.0,25392924,2006
1404,Cassia angustifolia,Senna,Fabaceae,Chrysophanol,Kaempferol,Aloe-emodin,Sennoside B,0.4941,3.672,0.6637,3.7409,0.344,"Bhopal, Madhya Pradesh",23.5002,78.2399,447.6,2014,8,HPLC-MS,28.9,1621.2,6.54,71.3,23.7,160.4,25518671,2013
1405,Cassia angustifolia,Senna,Fabaceae,Chrysophanol,Isorhamnetin,Aloe-emodin,Rhein glucoside,0.4543,3.2719,0.6784,4.0107,0.496,"Bhopal, Madhya Pradesh",23.7541,78.2051,482.4,2014,7,HPLC,28.3,1481.9,6.88,96.6,14.8,214.4,25634257,2012
1406,Cassia angustifolia,Senna,Fabaceae,Chrysophanol,Isorhamnetin,Aloe-emodin,Rhein glucoside,0.3565,2.7439,0.7695,3.9957,0.227,"Bhopal, Madhya Pradesh",23.5165,78.1464,392.4,2013,5,HPLC-MS,26.9,1245.6,6.51,89.0,19.8,200.5,25526288,2013
1407,Cassia angustifolia,Senna,Fabaceae,Chrysophanol,Kaempferol,Aloe-emodin,Sennoside A,0.3787,2.2997,0.5258,4.345,0.417,"Bhopal, Madhya Pradesh",22.9865,78.201,419.5,2010,1,GC-MS,20.4,692.7,6.97,83.5,16.3,158.9,25386297,2008
1408,Cassia angustifolia,Senna,Fabaceae,Chrysophanol,Isorhamnetin,Aloe-emodin,Sennoside A,0.3191,2.536,0.4896,4.4905,0.104,"Bhopal, Madhya Pradesh",23.4876,77.4218,435.4,2022,1,UV-Vis Spectroscopy,19.2,688.8,7.61,99.4,17.6,175.6,25692862,2021
1409,Cassia angustifolia,Senna,Fabaceae,Chrysophanol,Kaempferol,Aloe-emodin,Sennoside B,0.3139,2.5713,0.4239,4.6431,0.181,"Bhopal, Madhya Pradesh",23.4346,77.4588,370.7,2016,1,GC-MS,17.6,467.4,6.85,81.5,19.1,165.1,25618247,2016
1410,Cassia angustifolia,Senna,Fabaceae,Chrysophanol,Isorhamnetin,Aloe-emodin,Sennoside A,0.497,2.8621,0.5822,4.1936,0.474,"Bhopal, Madhya Pradesh",23.4751,78.6243,587.2,2012,4,GC-MS,22.1,804.8,6.45,78.7,15.8,169.5,25661138,2011
1411,Cassia angustifolia,Senna,Fabaceae,Chrysophanol,Kaempferol,Aloe-emodin,Sennoside A,0.4726,3.5336,0.8229,4.6327,0.102,"Bhopal, Madhya Pradesh",23.1789,77.8418,445.5,2018,8,HPLC,30.4,1631.0,7.29,96.9,17.4,174.3,25358242,2016
1412,Cassia angustifolia,Senna,Fabaceae,Chrysophanol,Isorhamnetin,Aloe-emodin,Sennoside A,0.5388,3.8834,0.6785,2.9367,0.327,"Bhopal, Madhya Pradesh",23.3744,78.512,530.0,2006,7,UV-Vis Spectroscopy,30.2,1588.1,6.54,98.4,22.0,179.1,25392223,2005
1413,Cassia angustifolia,Senna,Fabaceae,Chrysophanol,Isorhamnetin,Aloe-emodin,Sennoside B,0.5324,3.2243,0.624,3.7274,0.167,"Bhopal, Madhya Pradesh",23.8087,77.4559,571.9,2023,5,HPLC,30.9,1227.8,7.09,86.1,5.3,187.7,25795350,2023
1414,Cassia angustifolia,Senna,Fabaceae,Chrysophanol,Isorhamnetin,Aloe-emodin,Rhein glucoside,0.3718,3.0912,0.5393,4.4648,0.171,"Bhopal, Madhya Pradesh",23.9867,77.7296,511.8,2009,3,UV-Vis Spectroscopy,25.6,944.7,6.77,75.6,21.0,163.6,25520121,2007
1415,Cassia angustifolia,Senna,Fabaceae,Chrysophanol,Isorhamnetin,Aloe-emodin,Rhein glucoside,0.3118,3.5261,0.558,3.3518,0.499,"Ahmedabad, Gujarat",22.5566,72.3012,37.4,2012,8,GC-MS,29.3,815.4,7.56,64.5,19.6,183.7,26045198,2010
1416,Cassia angustifolia,Senna,Fabaceae,Chrysophanol,Isorhamnetin,Aloe-emodin,Sennoside B,0.5533,2.6295,0.4474,4.0713,0.256,"Ahmedabad, Gujarat",23.3329,72.8009,25.7,2010,3,GC-MS,24.1,398.6,7.2,47.6,32.1,189.1,26297785,2008
1417,Cassia angustifolia,Senna,Fabaceae,Chrysophanol,Kaempferol,Aloe-emodin,Rhein glucoside,0.3749,2.5352,0.4466,4.9321,0.152,"Ahmedabad, Gujarat",23.2726,72.8374,33.1,2007,11,HPLC-MS,25.1,471.7,7.67,88.8,26.9,167.5,26082303,2006
1418,Cassia angustifolia,Senna,Fabaceae,Chrysophanol,Kaempferol,Aloe-emodin,Sennoside A,0.3316,2.7059,0.6491,3.2773,0.267,"Ahmedabad, Gujarat",23.5615,72.6634,10.0,2013,9,UV-Vis Spectroscopy,29.3,537.9,7.76,67.4,18.6,145.0,25854470,2013
1419,Cassia angustifolia,Senna,Fabaceae,Chrysophanol,Isorhamnetin,Aloe-emodin,Rhein glucoside,0.5906,2.8119,0.5248,3.7069,0.142,"Ahmedabad, Gujarat",23.1341,72.6698,61.3,2013,6,HPLC,32.0,740.7,7.18,73.2,12.2,167.6,25957971,2011
1420,Cassia angustifolia,Senna,Fabaceae,Chrysophanol,Isorhamnetin,Aloe-emodin,Sennoside A,0.431,3.7411,0.4387,3.9717,0.188,"Ahmedabad, Gujarat",22.8517,72.5436,10.0,2006,9,GC-MS,28.3,609.9,7.41,69.9,22.3,168.5,26161544,2005
1421,Cassia angustifolia,Senna,Fabaceae,Chrysophanol,Isorhamnetin,Aloe-emodin,Sennoside A,0.4789,3.5449,0.6762,3.8306,0.442,"Ahmedabad, Gujarat",22.6013,72.3697,56.5,2011,8,HPTLC,30.0,685.3,7.58,83.1,26.1,112.0,26271870,2011
1422,Cassia angustifolia,Senna,Fabaceae,Chrysophanol,Kaempferol,Aloe-emodin,Sennoside A,0.3973,2.5382,0.4041,4.5213,0.347,"Ahmedabad, Gujarat",22.965,72.5903,78.9,2011,12,HPLC,24.1,358.6,6.6,62.8,14.5,177.1,25954853,2009
1423,Cassia angustifolia,Senna,Fabaceae,Chrysophanol,Isorhamnetin,Aloe-emodin,Sennoside A,0.3405,2.0889,0.5575,3.378,0.281,"Ahmedabad, Gujarat",23.0061,71.885,127.5,2019,3,HPLC,24.7,330.7,7.79,74.5,14.2,149.6,26302979,2018
1424,Cassia angustifolia,Senna,Fabaceae,Chrysophanol,Isorhamnetin,Aloe-emodin,Sennoside A,0.4362,2.8281,0.47,3.9315,0.135,"Ahmedabad, Gujarat",23.6678,72.1251,133.1,2014,11,HPTLC,23.6,353.0,7.82,65.6,19.5,145.8,25965680,2013
1425,Cassia angustifolia,Senna,Fabaceae,Chrysophanol,Kaempferol,Aloe-emodin,Rhein glucoside,0.3885,3.2971,0.5682,3.6101,0.364,"Ahmedabad, Gujarat",23.0238,72.6269,10.0,2015,7,HPLC,32.3,823.8,7.16,61.7,10.7,189.1,26296650,2014
1426,Cassia angustifolia,Senna,Fabaceae,Chrysophanol,Kaempferol,Aloe-emodin,Rhein glucoside,0.3241,2.6139,0.5308,3.7049,0.135,"Ahmedabad, Gujarat",22.9273,72.402,48.2,2008,1,GC-MS,22.9,342.3,7.2,78.4,25.6,190.2,26260255,2006
1427,Cassia angustifolia,Senna,Fabaceae,Chrysophanol,Isorhamnetin,Aloe-emodin,Rhein glucoside,0.3686,3.6751,0.7174,3.8906,0.318,"Ahmedabad, Gujarat",22.8407,72.7303,68.9,2011,9,HPLC,28.9,808.6,7.26,74.9,18.4,146.3,26074757,2010
1428,Cassia angustifolia,Senna,Fabaceae,Chrysophanol,Isorhamnetin,Aloe-emodin,Sennoside A,0.3357,3.5917,0.5177,3.3427,0.464,"Ahmedabad, Gujarat",22.7502,72.6053,16.2,2007,5,HPLC-MS,29.1,757.1,7.92,71.0,12.9,176.2,25818762,2005
1429,Cassia angustifolia,Senna,Fabaceae,Chrysophanol,Isorhamnetin,Aloe-emodin,Sennoside A,0.2832,3.0951,0.696,3.6494,0.342,"Ahmedabad, Gujarat",22.8344,72.3153,87.9,2023,7,HPLC,35.0,725.7,7.91,61.1,16.0,153.9,26008339,2021
1430,Cassia angustifolia,Senna,Fabaceae,Chrysophanol,Kaempferol,Aloe-emodin,Sennoside B,0.3852,3.2178,0.6497,3.1071,0.463,"Ahmedabad, Gujarat",23.0926,72.9,63.3,2005,5,UV-Vis Spectroscopy,30.8,654.4,7.59,74.0,10.7,156.9,25844415,2005
1431,Cassia angustifolia,Senna,Fabaceae,Chrysophanol,Isorhamnetin,Aloe-emodin,Rhein glucoside,0.4355,2.1262,0.4058,4.3579,0.332,"Ahmedabad, Gujarat",23.1211,72.2316,10.0,2022,2,HPLC,24.1,325.4,7.64,81.2,16.4,158.6,26151053,2022
1432,Cassia angustifolia,Senna,Fabaceae,Chrysophanol,Isorhamnetin,Aloe-emodin,Sennoside A,0.3318,3.8218,0.5906,4.3278,0.373,"Ahmedabad, Gujarat",22.5165,72.6082,12.7,2006,9,UV-Vis Spectroscopy,32.8,598.8,7.06,88.8,19.9,178.1,25856654,2006
1433,Cassia angustifolia,Senna,Fabaceae,Chrysophanol,Kaempferol,Aloe-emodin,Sennoside A,0.4045,3.5916,0.6303,4.3175,0.267,"Ahmedabad, Gujarat",23.1132,72.8491,114.8,2012,5,HPTLC,29.8,641.9,7.05,60.1,21.6,166.1,26079048,2011
1434,Cassia angustifolia,Senna,Fabaceae,Chrysophanol,Isorhamnetin,Aloe-emodin,Sennoside B,0.4847,3.6543,0.652,3.1435,0.167,"Ahmedabad, Gujarat",23.0941,72.6652,10.0,2006,8,UV-Vis Spectroscopy,27.7,796.1,7.12,80.3,22.5,166.6,26265033,2005
1435,Cassia angustifolia,Senna,Fabaceae,Chrysophanol,Kaempferol,Aloe-emodin,Sennoside A,0.3819,3.4707,0.6037,3.8126,0.104,"Tirupati, Andhra Pradesh",13.3116,79.0988,335.9,2014,8,GC-MS,32.4,1049.9,6.61,87.9,16.2,160.6,22296213,2013
1436,Cassia angustifolia,Senna,Fabaceae,Chrysophanol,Isorhamnetin,Aloe-emodin,Sennoside B,0.4306,2.7256,0.4994,4.0413,0.229,"Tirupati, Andhra Pradesh",13.7247,79.5567,342.3,2008,5,HPLC,28.9,733.4,7.17,91.8,16.8,159.0,22062878,2006
1437,Cassia angustifolia,Senna,Fabaceae,Chrysophanol,Isorhamnetin,Aloe-emodin,Sennoside B,0.4156,2.2162,0.6122,3.7647,0.294,"Tirupati, Andhra Pradesh",14.0918,79.1944,276.3,2013,5,UV-Vis Spectroscopy,30.5,990.6,7.46,70.5,19.1,185.2,22266877,2011
1438,Cassia angustifolia,Senna,Fabaceae,Chrysophanol,Kaempferol,Aloe-emodin,Rhein glucoside,0.2964,3.4877,0.5502,5.0392,0.352,"Tirupati, Andhra Pradesh",13.4778,79.2887,316.9,2008,11,HPLC,24.6,626.5,7.05,99.3,15.0,136.9,22112103,2007
1439,Cassia angustifolia,Senna,Fabaceae,Chrysophanol,Isorhamnetin,Aloe-emodin,Sennoside B,0.4329,3.6448,0.5517,4.6244,0.398,"Tirupati, Andhra Pradesh",13.0505,78.9943,328.4,2014,8,GC-MS,31.7,1166.1,6.88,72.7,31.7,169.2,22368162,2014
1440,Cassia angustifolia,Senna,Fabaceae,Chrysophanol,Isorhamnetin,Aloe-emodin,Sennoside B,0.4268,3.0159,0.3351,4.187,0.394,"Tirupati, Andhra Pradesh",14.3217,79.5358,393.8,2019,11,HPLC,25.7,658.1,7.92,93.2,24.3,164.3,22286744,2017
1441,Cassia angustifolia,Senna,Fabaceae,Chrysophanol,Kaempferol,Aloe-emodin,Rhein glucoside,0.4397,3.1536,0.5518,3.3688,0.179,"Tirupati, Andhra Pradesh",13.312,79.1432,239.1,2017,7,UV-Vis Spectroscopy,35.0,890.4,6.86,97.2,21.2,148.5,21991362,2016
1442,Cassia angustifolia,Senna,Fabaceae,Chrysophanol,Isorhamnetin,Aloe-emodin,Sennoside B,0.4848,2.2148,0.4998,3.8601,0.238,"Tirupati, Andhra Pradesh",13.6021,79.1893,336.6,2006,5,GC-MS,30.9,1088.1,6.95,77.8,19.4,192.4,22404309,2005
1443,Cassia angustifolia,Senna,Fabaceae,Chrysophanol,Kaempferol,Aloe-emodin,Rhein glucoside,0.484,3.7099,0.8169,4.1355,0.451,"Tirupati, Andhra Pradesh",13.5752,78.7436,131.9,2017,6,HPLC,33.7,1095.9,6.56,58.4,22.9,145.6,22341154,2017
1444,Cassia angustifolia,Senna,Fabaceae,Chrysophanol,Kaempferol,Aloe-emodin,Sennoside A,0.5402,2.6301,0.6253,3.4026,0.369,"Tirupati, Andhra Pradesh",14.0014,79.7242,482.2,2016,6,HPLC-MS,33.4,1092.8,7.71,69.6,18.7,184.6,22183992,2016
1445,Cassia angustifolia,Senna,Fabaceae,Chrysophanol,Isorhamnetin,Aloe-emodin,Rhein glucoside,0.3909,2.7672,0.5337,4.9013,0.387,"Tirupati, Andhra Pradesh",13.876,79.5103,359.9,2020,12,HPLC-MS,21.8,747.8,7.38,74.0,12.4,164.1,22225481,2019
1446,Cassia angustifolia,Senna,Fabaceae,Chrysophanol,Isorhamnetin,Aloe-emodin,Sennoside B,0.4369,2.9539,0.6578,4.4009,0.401,"Tirupati, Andhra Pradesh",13.7636,79.4459,398.6,2017,5,HPLC-MS,28.0,1091.1,7.17,79.3,13.2,173.6,22002543,2016
1447,Cassia angustifolia,Senna,Fabaceae,Chrysophanol,Kaempferol,Aloe-emodin,Sennoside A,0.4908,3.1638,0.5672,4.3991,0.129,"Tirupati, Andhra Pradesh",13.275,79.3052,362.8,2020,10,HPLC,27.9,757.9,6.62,69.7,14.6,131.9,22401558,2019
1448,Cassia angustifolia,Senna,Fabaceae,Chrysophanol,Isorhamnetin,Aloe-emodin,Sennoside B,0.4524,2.2467,0.4436,3.5786,0.263,"Tirupati, Andhra Pradesh",14.3442,79.5364,220.0,2015,2,HPLC-MS,24.8,447.1,7.45,85.4,22.3,178.9,22010543,2014
1449,Cassia angustifolia,Senna,Fabaceae,Chrysophanol,Kaempferol,Aloe-emodin,Rhein glucoside,0.3744,2.0712,0.2988,4.2355,0.402,"Tirupati, Andhra Pradesh",13.8024,79.0969,444.7,2013,3,HPLC,23.8,591.7,7.0,59.9,19.1,118.8,22303386,2011
1450,Cassia angustifolia,Senna,Fabaceae,Chrysophanol,Isorhamnetin,Aloe-emodin,Sennoside B,0.2158,2.8729,0.3961,4.9204,0.22,"Tirupati, Andhra Pradesh",13.8914,79.3275,244.2,2009,12,HPLC,25.5,548.7,6.99,76.2,22.0,167.6,22064569,2008
1451,Cassia angustifolia,Senna,Fabaceae,Chrysophanol,Isorhamnetin,Aloe-emodin,Sennoside A,0.3041,3.2699,0.6204,5.3732,0.333,"Tirupati, Andhra Pradesh",13.8146,79.4756,337.8,2016,11,HPLC,25.7,519.9,6.45,111.8,15.3,178.9,22059237,2016
1452,Cassia angustifolia,Senna,Fabaceae,Chrysophanol,Isorhamnetin,Aloe-emodin,Sennoside B,0.4855,3.8871,0.5569,4.7355,0.248,"Tirupati, Andhra Pradesh",13.7643,78.9539,90.7,2017,6,HPLC,31.3,1076.9,6.92,81.3,18.8,147.4,22121166,2016
1453,Cassia angustifolia,Senna,Fabaceae,Chrysophanol,Isorhamnetin,Aloe-emodin,Sennoside B,0.4402,4.2432,0.6097,4.0519,0.234,"Tirupati, Andhra Pradesh",13.973,79.4054,315.0,2019,9,HPLC-MS,28.8,909.7,7.09,81.6,17.7,185.8,22336894,2019
1454,Cassia angustifolia,Senna,Fabaceae,Chrysophanol,Kaempferol,Aloe-emodin,Sennoside B,0.4351,3.007,0.458,4.0443,0.288,"Tirupati, Andhra Pradesh",13.5799,78.9572,264.2,2006,4,HPLC-MS,27.9,893.2,6.66,80.2,9.7,143.9,22152007,2006
1455,Cassia angustifolia,Senna,Fabaceae,Chrysophanol,Kaempferol,Aloe-emodin,Sennoside B,0.474,3.6523,0.5359,3.9571,0.274,"Ranchi, Jharkhand",23.0827,84.9719,617.8,2011,10,HPLC,26.4,1268.6,6.32,78.1,21.7,139.7,32671170,2009
1456,Cassia angustifolia,Senna,Fabaceae,Chrysophanol,Isorhamnetin,Aloe-emodin,Sennoside B,0.4477,3.5682,0.5177,4.6685,0.198,"Ranchi, Jharkhand",23.4693,85.0444,685.5,2007,4,GC-MS,22.8,1142.3,5.82,102.7,14.1,209.1,32634980,2006
1457,Cassia angustifolia,Senna,Fabaceae,Chrysophanol,Kaempferol,Aloe-emodin,Sennoside B,0.4495,3.7851,0.6382,3.229,0.336,"Ranchi, Jharkhand",23.3953,85.2365,593.6,2006,7,HPLC,29.6,1625.6,6.77,80.5,17.7,198.1,32702006,2006
1458,Cassia angustifolia,Senna,Fabaceae,Chrysophanol,Isorhamnetin,Aloe-emodin,Sennoside A,0.3607,2.6124,0.5007,3.7274,0.348,"Ranchi, Jharkhand",23.9536,85.3428,731.5,2005,12,GC-MS,23.0,987.3,6.38,94.2,23.5,197.7,32587260,2005
1459,Cassia angustifolia,Senna,Fabaceae,Chrysophanol,Kaempferol,Aloe-emodin,Sennoside B,0.4316,2.7994,0.6537,3.9047,0.123,"Ranchi, Jharkhand",23.5741,85.6048,620.8,2023,5,HPLC-MS,29.7,1495.6,6.24,101.2,32.9,154.6,32601008,2023
1460,Cassia angustifolia,Senna,Fabaceae,Chrysophanol,Isorhamnetin,Aloe-emodin,Sennoside A,0.3855,3.6337,0.6756,3.4288,0.183,"Ranchi, Jharkhand",23.5871,85.2248,705.0,2013,7,GC-MS,32.1,1922.8,5.8,89.3,21.0,142.0,32228095,2013
1461,Cassia angustifolia,Senna,Fabaceae,Chrysophanol,Kaempferol,Aloe-emodin,Sennoside A,0.4277,2.0877,0.5912,3.7557,0.292,"Ranchi, Jharkhand",22.7669,85.3571,689.0,2011,1,GC-MS,19.9,530.2,6.52,91.3,15.8,176.1,32215220,2010
1462,Cassia angustifolia,Senna,Fabaceae,Chrysophanol,Kaempferol,Aloe-emodin,Sennoside B,0.4652,2.9156,0.4778,4.2614,0.465,"Ranchi, Jharkhand",23.5549,85.4714,773.0,2005,4,GC-MS,24.7,1361.2,6.4,84.9,22.1,164.3,32245405,2005
1463,Cassia angustifolia,Senna,Fabaceae,Chrysophanol,Kaempferol,Aloe-emodin,Sennoside B,0.3857,2.1209,0.5029,4.9277,0.273,"Ranchi, Jharkhand",23.4123,85.197,704.3,2021,11,HPLC,23.2,865.0,6.23,76.8,21.4,219.6,32489528,2021
1464,Cassia angustifolia,Senna,Fabaceae,Chrysophanol,Isorhamnetin,Aloe-emodin,Sennoside A,0.372,3.8596,0.5782,5.0162,0.148,"Ranchi, Jharkhand",23.4712,85.6559,675.5,2018,11,UV-Vis Spectroscopy,22.7,1033.7,6.07,102.1,23.0,148.2,32239829,2016
1465,Cassia angustifolia,Senna,Fabaceae,Chrysophanol,Kaempferol,Aloe-emodin,Sennoside A,0.3854,3.0791,0.5262,4.1045,0.234,"Ranchi, Jharkhand",22.6921,85.1882,767.8,2022,10,HPLC-MS,24.7,1266.0,6.27,93.1,30.0,169.8,32505342,2020
1466,Cassia angustifolia,Senna,Fabaceae,Chrysophanol,Isorhamnetin,Aloe-emodin,Sennoside A,0.3794,2.7421,0.3934,4.4507,0.32,"Ranchi, Jharkhand",23.2782,85.2027,522.2,2009,11,HPLC,21.1,1039.9,5.76,88.2,22.8,190.7,32347723,2008
1467,Cassia angustifolia,Senna,Fabaceae,Chrysophanol,Kaempferol,Aloe-emodin,Sennoside B,0.5658,3.6466,0.6042,3.9558,0.196,"Ranchi, Jharkhand",23.408,85.2974,611.4,2021,6,UV-Vis Spectroscopy,26.7,1733.6,6.28,103.3,30.6,183.7,32479260,2021
1468,Cassia angustifolia,Senna,Fabaceae,Chrysophanol,Isorhamnetin,Aloe-emodin,Sennoside A,0.5761,4.2357,0.6075,3.0553,0.35,"Ranchi, Jharkhand",23.4529,85.4333,741.7,2016,6,HPTLC,30.3,1500.5,5.98,82.1,10.9,174.8,32543329,2015
1469,Cassia angustifolia,Senna,Fabaceae,Chrysophanol,Isorhamnetin,Aloe-emodin,Rhein glucoside,0.336,2.9527,0.4619,4.2286,0.381,"Ranchi, Jharkhand",23.63,85.7878,570.2,2022,2,HPTLC,18.7,652.4,6.12,94.4,19.8,190.2,32518755,2021
1470,Cassia angustifolia,Senna,Fabaceae,Chrysophanol,Isorhamnetin,Aloe-emodin,Sennoside B,0.3719,3.7743,0.6553,3.6192,0.316,"Ranchi, Jharkhand",23.6121,85.2068,640.7,2012,8,GC-MS,28.5,1691.7,6.2,84.6,15.7,204.0,32440081,2011
1471,Cassia angustifolia,Senna,Fabaceae,Chrysophanol,Isorhamnetin,Aloe-emodin,Sennoside B,0.3667,2.9733,0.5388,2.8468,0.443,"Ranchi, Jharkhand",22.9598,84.9384,669.4,2005,5,HPLC,26.0,1366.2,6.12,77.6,12.9,156.2,32230391,2005
1472,Cassia angustifolia,Senna,Fabaceae,Chrysophanol,Isorhamnetin,Aloe-emodin,Sennoside B,0.3573,2.539,0.4747,4.1787,0.398,"Ranchi, Jharkhand",23.0483,85.6268,746.6,2005,12,HPLC,21.6,685.2,5.82,70.8,25.5,175.3,32629457,2005
1473,Cassia angustifolia,Senna,Fabaceae,Chrysophanol,Kaempferol,Aloe-emodin,Sennoside B,0.4039,3.3783,0.5975,3.9906,0.267,"Ranchi, Jharkhand",23.4041,85.4206,666.6,2006,10,HPLC-MS,25.0,1206.8,6.42,92.2,19.0,189.8,32487480,2005
1474,Cassia angustifolia,Senna,Fabaceae,Chrysophanol,Isorhamnetin,Aloe-emodin,Sennoside A,0.3586,2.9313,0.4765,4.4716,0.451,"Ranchi, Jharkhand",23.2338,84.5608,630.1,2006,11,HPLC,23.8,1061.5,6.47,71.2,24.9,168.5,32492707,2006
